date,rainfall_mm,temperature_c,humidity_pct,pressure_hpa,wind_speed_kmh,soil_moisture_pct,evaporation_mm,previous_flow_m3s,rainfall_lag_1,rainfall_lag_2,rainfall_lag_3,flow_lag_1,flow_lag_2,flow_lag_3,runoff_m3s
2010-01-01,11.59,30.09,48.47,1023.76,11.13,45.0,10.4,65.0,11.59,11.59,11.59,65.0,65.0,65.0,65.0
2010-01-02,4.81,28.47,51.9,1008.47,7.27,38.22,8.82,65.0,11.59,11.59,11.59,65.0,65.0,65.0,57.62
2010-01-03,0.0,30.41,49.77,1016.21,12.42,31.09,9.18,57.62,4.81,11.59,11.59,57.62,65.0,65.0,56.37
2010-01-04,15.13,32.57,52.58,1017.62,7.93,27.68,7.62,56.37,0.0,4.81,11.59,56.37,57.62,65.0,49.18
2010-01-05,0.0,28.14,54.97,1017.88,12.62,22.11,7.33,49.18,15.13,0.0,4.81,49.18,56.37,57.62,48.06
2010-01-06,0.0,28.11,62.39,1018.68,9.04,16.91,7.74,48.06,0.0,15.13,0.0,48.06,49.18,56.37,39.51
2010-01-07,0.0,32.6,54.34,1020.81,3.98,10.12,8.06,39.51,0.0,0.0,15.13,39.51,48.06,49.18,40.28
2010-01-08,0.0,30.54,45.56,1017.55,6.56,8.0,9.96,40.28,0.0,0.0,0.0,40.28,39.51,48.06,36.3
2010-01-09,0.0,27.4,64.71,1015.86,8.49,8.0,7.78,36.3,0.0,0.0,0.0,36.3,40.28,39.51,28.63
2010-01-10,0.0,29.89,50.94,1015.63,14.79,8.0,9.37,28.63,0.0,0.0,0.0,28.63,36.3,40.28,22.81
2010-01-11,0.0,27.33,56.46,1014.58,13.15,8.0,8.97,22.81,0.0,0.0,0.0,22.81,28.63,36.3,19.55
2010-01-12,0.0,27.28,60.08,1021.54,15.68,8.0,9.22,19.55,0.0,0.0,0.0,19.55,22.81,28.63,19.2
2010-01-13,34.85,29.0,58.43,1014.34,15.79,8.0,10.69,19.2,0.0,0.0,0.0,19.2,19.55,22.81,32.31
2010-01-14,13.4,23.56,64.78,1021.77,8.13,8.0,8.55,32.31,34.85,0.0,0.0,32.31,19.2,19.55,40.98
2010-01-15,0.0,23.98,60.56,1017.59,9.34,8.0,7.74,40.98,13.4,34.85,0.0,40.98,32.31,19.2,40.45
2010-01-16,0.0,26.84,51.27,1014.85,8.56,8.0,7.48,40.45,0.0,13.4,34.85,40.45,40.98,32.31,36.01
2010-01-17,0.0,25.65,72.65,1020.51,7.65,8.0,7.16,36.01,0.0,0.0,13.4,36.01,40.45,40.98,36.32
2010-01-18,0.0,28.91,58.85,1013.74,3.55,8.0,7.45,36.32,0.0,0.0,0.0,36.32,36.01,40.45,39.02
2010-01-19,0.0,25.8,56.56,1020.53,9.95,8.0,7.48,39.02,0.0,0.0,0.0,39.02,36.32,36.01,38.12
2010-01-20,0.0,24.48,64.45,1018.36,5.5,8.0,7.92,38.12,0.0,0.0,0.0,38.12,39.02,36.32,30.2
2010-01-21,39.99,31.61,59.55,1014.27,9.88,8.0,8.12,30.2,0.0,0.0,0.0,30.2,38.12,39.02,47.72
2010-01-22,0.0,27.32,60.71,1019.84,17.41,8.0,10.56,47.72,39.99,0.0,0.0,47.72,30.2,38.12,48.6
2010-01-23,0.0,27.98,75.48,1019.89,8.22,8.0,8.49,48.6,0.0,39.99,0.0,48.6,47.72,30.2,47.28
2010-01-24,0.0,24.19,56.22,1022.89,10.68,8.0,6.94,47.28,0.0,0.0,39.99,47.28,48.6,47.72,37.19
2010-01-25,0.0,26.32,56.04,1021.89,13.17,8.0,9.77,37.19,0.0,0.0,0.0,37.19,47.28,48.6,32.99
2010-01-26,0.0,27.88,59.2,1019.46,10.98,8.0,7.36,32.99,0.0,0.0,0.0,32.99,37.19,47.28,26.0
2010-01-27,0.0,24.66,66.01,1011.31,11.02,8.0,9.32,26.0,0.0,0.0,0.0,26.0,32.99,37.19,27.69
2010-01-28,29.88,28.4,48.1,1029.14,8.73,8.0,8.79,27.69,0.0,0.0,0.0,27.69,26.0,32.99,45.48
2010-01-29,25.84,25.88,45.01,1009.83,9.19,8.0,9.79,45.48,29.88,0.0,0.0,45.48,27.69,26.0,56.76
2010-01-30,0.0,26.58,54.8,1021.54,6.64,8.0,5.62,56.76,25.84,29.88,0.0,56.76,45.48,27.69,60.21
2010-01-31,36.04,25.72,47.6,1018.89,12.96,8.0,8.65,60.21,0.0,25.84,29.88,60.21,56.76,45.48,70.07
2010-02-01,34.56,31.78,56.21,1010.8,3.9,8.0,7.78,70.07,36.04,0.0,25.84,70.07,60.21,56.76,83.13
2010-02-02,0.0,27.03,62.84,1015.99,13.4,8.0,8.17,83.13,34.56,36.04,0.0,83.13,70.07,60.21,82.12
2010-02-03,0.0,24.33,53.23,1016.16,5.09,8.0,7.97,82.12,0.0,34.56,36.04,82.12,83.13,70.07,77.5
2010-02-04,0.0,28.95,49.62,1023.02,13.37,8.0,8.69,77.5,0.0,0.0,34.56,77.5,82.12,83.13,69.21
2010-02-05,0.0,23.75,60.25,1012.87,8.76,8.0,8.78,69.21,0.0,0.0,0.0,69.21,77.5,82.12,61.95
2010-02-06,27.25,27.24,65.95,1015.06,5.69,8.0,6.78,61.95,0.0,0.0,0.0,61.95,69.21,77.5,68.35
2010-02-07,0.0,21.73,48.2,1004.63,12.03,8.0,6.42,68.35,27.25,0.0,0.0,68.35,61.95,69.21,64.33
2010-02-08,0.0,23.22,65.96,1024.92,13.25,8.0,7.61,64.33,0.0,27.25,0.0,64.33,68.35,61.95,69.29
2010-02-09,0.0,26.94,66.1,1010.82,8.47,8.0,8.36,69.29,0.0,0.0,27.25,69.29,64.33,68.35,58.5
2010-02-10,21.52,28.2,67.22,1017.74,12.52,8.0,9.45,58.5,0.0,0.0,0.0,58.5,69.29,64.33,57.88
2010-02-11,0.0,26.69,69.23,1015.53,2.0,8.0,6.12,57.88,21.52,0.0,0.0,57.88,58.5,69.29,46.26
2010-02-12,24.71,25.87,76.28,1015.48,5.38,8.0,7.69,46.26,0.0,21.52,0.0,46.26,57.88,58.5,56.24
2010-02-13,0.0,25.31,58.54,1019.95,14.52,8.0,8.95,56.24,24.71,0.0,21.52,56.24,46.26,57.88,44.39
2010-02-14,0.0,22.27,61.97,1024.19,9.22,8.0,7.69,44.39,0.0,24.71,0.0,44.39,56.24,46.26,40.83
2010-02-15,0.0,24.07,58.46,1017.02,3.48,8.0,8.28,40.83,0.0,0.0,24.71,40.83,44.39,56.24,33.3
2010-02-16,16.39,24.61,61.56,1018.96,7.55,8.0,7.3,33.3,0.0,0.0,0.0,33.3,40.83,44.39,31.15
2010-02-17,0.0,28.3,72.45,1017.26,6.77,8.0,7.02,31.15,16.39,0.0,0.0,31.15,33.3,40.83,30.58
2010-02-18,0.0,26.42,52.48,1020.63,9.42,8.0,8.12,30.58,0.0,16.39,0.0,30.58,31.15,33.3,34.92
2010-02-19,0.0,21.05,56.05,1013.15,8.7,8.0,7.21,34.92,0.0,0.0,16.39,34.92,30.58,31.15,33.29
2010-02-20,0.0,26.16,71.9,1020.77,10.63,8.0,8.84,33.29,0.0,0.0,0.0,33.29,34.92,30.58,26.51
2010-02-21,0.0,24.28,69.58,1020.87,9.76,8.0,7.79,26.51,0.0,0.0,0.0,26.51,33.29,34.92,30.29
2010-02-22,0.0,23.44,60.08,1020.65,14.76,8.0,8.69,30.29,0.0,0.0,0.0,30.29,26.51,33.29,24.09
2010-02-23,0.0,26.56,68.79,1011.86,11.49,8.0,8.07,24.09,0.0,0.0,0.0,24.09,30.29,26.51,24.87
2010-02-24,0.0,27.5,65.39,1014.24,11.6,8.0,6.61,24.87,0.0,0.0,0.0,24.87,24.09,30.29,15.56
2010-02-25,0.0,27.14,73.69,1016.2,14.08,8.0,8.87,15.56,0.0,0.0,0.0,15.56,24.87,24.09,12.66
2010-02-26,0.0,22.6,63.9,1008.07,8.64,8.0,8.41,12.66,0.0,0.0,0.0,12.66,15.56,24.87,6.98
2010-02-27,0.0,23.81,70.75,1022.82,5.58,8.0,7.57,6.98,0.0,0.0,0.0,6.98,12.66,15.56,13.42
2010-02-28,0.0,25.3,82.25,1014.71,14.22,8.0,7.29,13.42,0.0,0.0,0.0,13.42,6.98,12.66,9.35
2010-03-01,9.56,26.8,68.14,1016.11,10.48,8.0,7.91,9.35,0.0,0.0,0.0,9.35,13.42,6.98,8.49
2010-03-02,67.36,23.05,64.49,1011.72,10.49,8.0,7.59,8.49,9.56,0.0,0.0,8.49,9.35,13.42,39.31
2010-03-03,0.0,23.67,69.4,1007.89,7.78,8.0,7.87,39.31,67.36,9.56,0.0,39.31,8.49,9.35,48.34
2010-03-04,0.0,21.25,61.98,1011.42,7.84,8.0,7.32,48.34,0.0,67.36,9.56,48.34,39.31,8.49,58.13
2010-03-05,0.0,20.91,81.45,1015.45,12.96,8.0,5.43,58.13,0.0,0.0,67.36,58.13,48.34,39.31,52.24
2010-03-06,14.88,25.82,66.2,1017.64,13.45,8.0,7.7,52.24,0.0,0.0,0.0,52.24,58.13,48.34,52.37
2010-03-07,31.44,27.06,63.23,1015.0,12.74,8.0,8.28,52.37,14.88,0.0,0.0,52.37,52.24,58.13,64.58
2010-03-08,0.0,23.37,59.49,1015.84,12.78,8.0,7.67,64.58,31.44,14.88,0.0,64.58,52.37,52.24,64.13
2010-03-09,0.0,25.94,73.22,1012.34,11.99,8.0,8.12,64.13,0.0,31.44,14.88,64.13,64.58,52.37,60.94
2010-03-10,0.0,24.22,71.81,1016.42,10.46,8.0,7.49,60.94,0.0,0.0,31.44,60.94,64.13,64.58,50.7
2010-03-11,0.0,21.59,62.46,1021.27,9.39,8.0,7.28,50.7,0.0,0.0,0.0,50.7,60.94,64.13,42.44
2010-03-12,0.0,23.98,70.18,1017.29,14.24,8.0,9.05,42.44,0.0,0.0,0.0,42.44,50.7,60.94,34.15
2010-03-13,21.72,26.81,55.79,1017.73,8.69,8.0,8.9,34.15,0.0,0.0,0.0,34.15,42.44,50.7,40.36
2010-03-14,0.0,22.75,67.85,1015.07,11.29,8.0,7.73,40.36,21.72,0.0,0.0,40.36,34.15,42.44,37.53
2010-03-15,0.0,26.63,69.93,1006.0,7.19,8.0,8.13,37.53,0.0,21.72,0.0,37.53,40.36,34.15,38.2
2010-03-16,0.0,16.05,78.92,1008.21,7.69,8.0,6.86,38.2,0.0,0.0,21.72,38.2,37.53,40.36,30.59
2010-03-17,0.0,24.54,61.78,1015.62,9.17,8.0,8.86,30.59,0.0,0.0,0.0,30.59,38.2,37.53,23.53
2010-03-18,15.68,22.58,58.43,1013.2,7.19,8.0,7.81,23.53,0.0,0.0,0.0,23.53,30.59,38.2,28.13
2010-03-19,0.0,21.49,61.32,1015.37,12.79,8.0,9.63,28.13,15.68,0.0,0.0,28.13,23.53,30.59,28.38
2010-03-20,0.0,22.35,58.44,1021.47,5.28,8.0,7.52,28.38,0.0,15.68,0.0,28.38,28.13,23.53,29.85
2010-03-21,9.98,17.03,77.36,1016.63,10.35,8.0,5.74,29.85,0.0,0.0,15.68,29.85,28.38,28.13,26.32
2010-03-22,0.0,21.33,79.05,1019.21,10.46,8.0,8.6,26.32,9.98,0.0,0.0,26.32,29.85,28.38,19.78
2010-03-23,0.0,22.65,70.65,1013.3,3.66,8.0,7.42,19.78,0.0,9.98,0.0,19.78,26.32,29.85,22.86
2010-03-24,0.0,25.33,77.17,1008.71,8.46,8.0,8.39,22.86,0.0,0.0,9.98,22.86,19.78,26.32,15.34
2010-03-25,0.0,20.22,69.76,1012.37,10.89,8.0,6.46,15.34,0.0,0.0,0.0,15.34,22.86,19.78,16.4
2010-03-26,0.0,19.38,68.37,1008.55,11.5,8.0,8.39,16.4,0.0,0.0,0.0,16.4,15.34,22.86,6.2
2010-03-27,0.0,20.02,66.91,1020.28,9.28,8.0,8.05,6.2,0.0,0.0,0.0,6.2,16.4,15.34,7.45
2010-03-28,28.42,23.45,67.27,1016.35,12.37,8.0,6.98,7.45,0.0,0.0,0.0,7.45,6.2,16.4,18.45
2010-03-29,18.31,21.86,58.81,1014.92,9.62,8.0,8.12,18.45,28.42,0.0,0.0,18.45,7.45,6.2,31.03
2010-03-30,6.18,19.6,71.7,1018.41,10.05,8.0,7.54,31.03,18.31,28.42,0.0,31.03,18.45,7.45,39.66
2010-03-31,0.0,22.08,69.77,1002.04,10.88,8.0,7.72,39.66,6.18,18.31,28.42,39.66,31.03,18.45,41.65
2010-04-01,0.0,20.93,75.47,1015.0,13.24,8.0,7.84,41.65,0.0,6.18,18.31,41.65,39.66,31.03,39.02
2010-04-02,0.0,22.99,71.11,1005.42,7.63,8.0,5.79,39.02,0.0,0.0,6.18,39.02,41.65,39.66,37.26
2010-04-03,0.0,,69.52,1011.85,8.3,8.0,6.9,37.26,0.0,0.0,0.0,37.26,39.02,41.65,36.72
2010-04-04,0.0,19.51,64.76,1010.25,7.66,8.0,7.59,36.72,0.0,0.0,0.0,36.72,37.26,39.02,36.77
2010-04-05,0.0,19.23,71.57,1015.03,8.84,8.0,6.42,36.77,0.0,0.0,0.0,36.77,36.72,37.26,34.18
2010-04-06,0.0,16.44,76.43,1012.78,14.99,8.0,7.63,34.18,0.0,0.0,0.0,34.18,36.77,36.72,26.76
2010-04-07,0.0,20.72,63.46,1018.28,12.0,8.0,7.36,26.76,0.0,0.0,0.0,26.76,34.18,36.77,22.67
2010-04-08,0.0,20.52,72.27,1008.47,6.04,8.0,6.46,22.67,0.0,0.0,0.0,22.67,26.76,34.18,19.6
2010-04-09,0.0,19.77,73.48,1014.94,7.9,8.0,5.52,19.6,0.0,0.0,0.0,19.6,22.67,26.76,14.87
2010-04-10,0.0,19.05,67.02,1012.12,11.3,8.0,7.98,14.87,0.0,0.0,0.0,14.87,19.6,22.67,9.07
2010-04-11,24.18,15.99,68.13,1003.06,6.83,8.0,6.46,9.07,0.0,0.0,0.0,9.07,14.87,19.6,21.38
2010-04-12,0.0,18.36,74.05,1006.56,7.46,8.0,6.12,21.38,24.18,0.0,0.0,21.38,9.07,14.87,24.7
2010-04-13,0.0,18.45,64.69,1010.32,14.71,8.0,8.87,24.7,0.0,24.18,0.0,24.7,21.38,9.07,22.29
2010-04-14,18.97,17.19,75.26,1016.56,7.85,8.0,7.38,22.29,0.0,0.0,24.18,22.29,24.7,21.38,27.72
2010-04-15,2.91,18.68,66.74,1013.23,13.34,8.0,7.67,27.72,18.97,0.0,0.0,27.72,22.29,24.7,30.46
2010-04-16,10.17,19.98,80.63,1005.0,14.39,8.0,8.95,30.46,2.91,18.97,0.0,30.46,27.72,22.29,29.9
2010-04-17,0.0,23.58,89.74,1010.06,7.43,8.0,8.53,29.9,10.17,2.91,18.97,29.9,30.46,27.72,25.9
2010-04-18,0.0,19.19,67.53,1020.77,6.89,8.0,6.05,25.9,0.0,10.17,2.91,25.9,29.9,30.46,22.92
2010-04-19,46.83,19.29,77.48,1011.16,9.03,8.0,6.2,22.92,0.0,0.0,10.17,22.92,25.9,29.9,39.29
2010-04-20,0.0,18.36,68.83,1008.9,6.19,8.0,4.82,39.29,46.83,0.0,0.0,39.29,22.92,25.9,38.36
2010-04-21,4.72,13.64,81.39,1012.92,10.42,8.0,6.09,38.36,0.0,46.83,0.0,38.36,39.29,22.92,43.97
2010-04-22,7.38,18.27,65.42,1014.2,9.28,8.0,6.76,43.97,4.72,0.0,46.83,43.97,38.36,39.29,42.85
2010-04-23,0.0,18.39,77.82,1008.03,11.26,8.0,6.02,42.85,7.38,4.72,0.0,42.85,43.97,38.36,38.88
2010-04-24,0.0,24.29,68.51,1012.75,14.89,8.0,7.89,38.88,0.0,7.38,4.72,38.88,42.85,43.97,32.6
2010-04-25,0.0,17.55,73.35,1008.52,12.86,8.0,8.09,32.6,0.0,0.0,7.38,32.6,38.88,42.85,25.14
2010-04-26,0.0,18.69,67.75,1013.69,11.71,8.0,7.69,25.14,0.0,0.0,0.0,25.14,32.6,38.88,22.18
2010-04-27,61.22,17.75,80.89,1010.88,3.12,8.0,5.41,22.18,0.0,0.0,0.0,22.18,25.14,32.6,45.78
2010-04-28,51.13,14.82,69.44,1012.37,11.55,8.0,8.01,45.78,61.22,0.0,0.0,45.78,22.18,25.14,80.9
2010-04-29,25.89,20.51,79.32,1006.1,16.03,8.0,7.19,80.9,51.13,61.22,0.0,80.9,45.78,22.18,106.84
2010-04-30,0.0,19.43,73.21,1005.72,0.5,8.0,6.25,106.84,25.89,51.13,61.22,106.84,80.9,45.78,103.47
2010-05-01,0.0,19.44,74.98,1014.49,12.41,8.0,7.44,103.47,0.0,25.89,51.13,103.47,106.84,80.9,90.8
2010-05-02,0.0,15.1,76.97,1009.3,9.44,8.0,6.77,90.8,0.0,0.0,25.89,90.8,103.47,106.84,75.48
2010-05-03,0.0,20.79,70.76,1011.05,7.03,8.0,7.23,75.48,0.0,0.0,0.0,75.48,90.8,103.47,66.73
2010-05-04,0.0,13.69,77.71,1008.03,12.8,8.0,8.0,66.73,0.0,0.0,0.0,66.73,75.48,90.8,54.35
2010-05-05,2.86,18.57,87.1,1014.0,15.98,8.0,8.57,54.35,0.0,0.0,0.0,54.35,66.73,75.48,44.2
2010-05-06,0.0,22.5,71.09,1006.4,12.71,8.0,8.9,44.2,2.86,0.0,0.0,44.2,54.35,66.73,36.9
2010-05-07,0.0,14.46,84.88,1008.71,8.7,8.0,5.66,36.9,0.0,2.86,0.0,36.9,44.2,54.35,30.68
2010-05-08,9.7,15.44,87.31,1013.25,6.7,8.0,6.04,30.68,0.0,0.0,2.86,30.68,36.9,44.2,28.48
2010-05-09,0.0,17.02,71.25,1015.13,10.51,8.0,6.34,28.48,9.7,0.0,0.0,28.48,30.68,36.9,21.34
2010-05-10,0.0,15.44,66.91,1006.59,13.06,8.0,6.28,21.34,0.0,9.7,0.0,21.34,28.48,30.68,19.63
2010-05-11,13.55,12.74,79.34,1018.95,8.65,8.0,7.02,19.63,0.0,0.0,9.7,19.63,21.34,28.48,22.58
2010-05-12,0.0,16.71,73.53,1010.67,8.98,8.0,5.25,22.58,13.55,0.0,0.0,22.58,19.63,21.34,27.26
2010-05-13,0.0,13.81,90.57,1003.83,19.88,8.0,7.58,27.26,0.0,13.55,0.0,27.26,22.58,19.63,21.27
2010-05-14,3.84,17.58,77.86,1010.84,13.78,,7.17,21.27,0.0,0.0,13.55,21.27,27.26,22.58,22.17
2010-05-15,27.49,14.02,72.12,1007.03,14.03,8.0,7.12,22.17,3.84,0.0,0.0,22.17,21.27,27.26,38.07
2010-05-16,0.0,20.13,69.82,1011.06,4.89,8.0,5.68,38.07,27.49,3.84,0.0,38.07,22.17,21.27,34.36
2010-05-17,0.0,14.23,85.6,1008.63,7.52,8.0,5.68,34.36,0.0,27.49,3.84,34.36,38.07,22.17,29.72
2010-05-18,5.46,15.31,74.08,1009.17,10.26,8.0,8.35,29.72,0.0,0.0,27.49,29.72,34.36,38.07,24.04
2010-05-19,0.0,18.09,78.5,1004.19,6.5,8.0,6.36,24.04,5.46,0.0,0.0,24.04,29.72,34.36,23.81
2010-05-20,0.0,12.91,84.99,1013.66,15.6,8.0,6.63,23.81,0.0,5.46,0.0,23.81,24.04,29.72,23.04
2010-05-21,0.0,16.5,75.02,1002.88,14.94,8.0,7.87,23.04,0.0,0.0,5.46,23.04,23.81,24.04,23.61
2010-05-22,12.94,19.14,78.18,1003.08,8.13,8.0,6.99,23.61,0.0,0.0,0.0,23.61,23.04,23.81,26.49
2010-05-23,0.0,11.8,78.49,1010.42,16.24,8.0,8.88,26.49,12.94,0.0,0.0,26.49,23.61,23.04,32.2
2010-05-24,0.0,16.22,83.48,1016.56,9.99,8.0,6.65,32.2,0.0,12.94,0.0,32.2,26.49,23.61,31.78
2010-05-25,11.85,16.35,82.93,1006.74,19.06,8.0,8.63,31.78,0.0,0.0,12.94,31.78,32.2,26.49,37.35
2010-05-26,0.0,17.61,77.34,1011.97,10.51,8.0,6.17,37.35,11.85,0.0,0.0,37.35,31.78,32.2,35.78
2010-05-27,7.8,12.51,79.41,1013.8,12.02,8.0,6.21,35.78,0.0,11.85,0.0,35.78,37.35,31.78,34.83
2010-05-28,0.0,12.25,76.45,1012.47,14.9,8.0,6.7,34.83,7.8,0.0,11.85,34.83,35.78,37.35,31.59
2010-05-29,0.0,16.81,68.78,1006.81,14.47,8.0,6.49,31.59,0.0,7.8,0.0,31.59,34.83,35.78,33.54
2010-05-30,0.0,16.21,81.01,1002.88,11.79,8.0,7.18,33.54,0.0,0.0,7.8,33.54,31.59,34.83,32.3
2010-05-31,0.0,,92.52,997.26,9.51,8.0,6.93,32.3,0.0,0.0,0.0,32.3,33.54,31.59,30.99
2010-06-01,0.0,16.25,73.16,1006.96,11.8,8.0,7.29,30.99,0.0,0.0,0.0,30.99,32.3,33.54,30.74
2010-06-02,3.19,13.64,74.0,1014.14,7.14,8.0,4.91,30.74,0.0,0.0,0.0,30.74,30.99,32.3,29.32
2010-06-03,0.0,15.89,73.38,1002.6,10.53,8.0,6.19,29.32,3.19,0.0,0.0,29.32,30.74,30.99,36.29
2010-06-04,0.0,16.01,84.6,1011.7,6.12,8.0,5.94,36.29,0.0,3.19,0.0,36.29,29.32,30.74,31.53
2010-06-05,0.0,13.46,82.73,1003.42,3.77,8.0,4.7,31.53,0.0,0.0,3.19,31.53,36.29,29.32,28.13
2010-06-06,16.87,19.88,78.53,1008.68,10.18,8.0,5.69,28.13,0.0,0.0,0.0,28.13,31.53,36.29,30.27
2010-06-07,0.0,16.37,73.26,1011.67,14.42,8.0,8.36,30.27,16.87,0.0,0.0,30.27,28.13,31.53,31.76
2010-06-08,0.0,12.18,80.38,1004.81,13.24,8.0,8.13,31.76,0.0,16.87,0.0,31.76,30.27,28.13,23.81
2010-06-09,13.83,16.77,68.82,1008.95,9.71,8.0,7.87,23.81,0.0,0.0,16.87,23.81,31.76,30.27,16.41
2010-06-10,0.0,12.67,80.82,1006.0,16.11,8.0,7.64,16.41,13.83,0.0,0.0,16.41,23.81,31.76,14.94
2010-06-11,0.0,17.06,85.95,1011.59,8.01,8.0,6.17,14.94,0.0,13.83,0.0,14.94,16.41,23.81,16.85
2010-06-12,27.83,17.97,71.12,1009.23,3.29,8.0,7.85,16.85,0.0,0.0,13.83,16.85,14.94,16.41,30.11
2010-06-13,0.0,13.0,69.18,1008.32,2.36,8.0,6.3,30.11,27.83,0.0,0.0,30.11,16.85,14.94,27.65
2010-06-14,0.0,17.45,90.99,1015.82,5.87,8.0,5.69,27.65,0.0,27.83,0.0,27.65,30.11,16.85,21.84
2010-06-15,10.22,16.06,75.67,1011.33,12.86,8.0,8.52,21.84,0.0,0.0,27.83,21.84,27.65,30.11,20.98
2010-06-16,0.0,17.07,87.92,1004.56,7.78,8.0,6.74,20.98,10.22,0.0,0.0,20.98,21.84,27.65,17.92
2010-06-17,0.0,19.75,78.9,1007.58,11.61,8.0,8.58,17.92,0.0,10.22,0.0,17.92,20.98,21.84,17.75
2010-06-18,0.0,14.39,78.86,1007.62,15.76,8.0,8.83,17.75,0.0,0.0,10.22,17.75,17.92,20.98,16.06
2010-06-19,0.0,13.12,83.07,1008.4,6.15,8.0,5.42,16.06,0.0,0.0,0.0,16.06,17.75,17.92,19.27
2010-06-20,0.0,12.78,73.81,1020.62,11.67,8.0,6.68,19.27,0.0,0.0,0.0,19.27,16.06,17.75,15.51
2010-06-21,19.11,12.96,80.93,1009.85,11.89,8.0,7.0,15.51,0.0,0.0,0.0,15.51,19.27,16.06,17.02
2010-06-22,0.0,14.81,77.32,997.82,6.99,8.0,6.36,17.02,19.11,0.0,0.0,17.02,15.51,19.27,19.86
2010-06-23,0.0,15.86,70.74,1005.29,14.74,8.0,6.78,19.86,0.0,19.11,0.0,19.86,17.02,15.51,16.39
2010-06-24,32.92,15.71,82.34,998.35,8.99,8.0,6.75,16.39,0.0,0.0,19.11,16.39,19.86,17.02,24.93
2010-06-25,117.54,17.09,78.12,1006.37,8.66,8.0,6.55,24.93,32.92,0.0,0.0,24.93,16.39,19.86,83.83
2010-06-26,0.0,15.07,78.84,998.09,17.39,8.0,7.65,83.83,117.54,32.92,0.0,83.83,24.93,16.39,104.49
2010-06-27,0.0,18.68,71.45,1003.68,11.83,8.0,6.21,104.49,0.0,117.54,32.92,104.49,83.83,24.93,104.56
2010-06-28,0.0,14.4,91.04,1000.44,13.24,8.0,6.93,104.56,0.0,0.0,117.54,104.56,104.49,83.83,98.39
2010-06-29,0.0,21.88,86.0,1009.98,14.74,8.0,9.9,98.39,0.0,0.0,0.0,98.39,104.56,104.49,89.49
2010-06-30,0.0,16.66,86.58,1008.07,7.72,8.0,6.92,89.49,0.0,0.0,0.0,89.49,98.39,104.56,80.11
2010-07-01,0.0,12.98,77.66,1009.6,14.37,8.0,6.94,80.11,0.0,0.0,0.0,80.11,89.49,98.39,68.12
2010-07-02,0.0,12.46,67.65,1007.58,8.24,8.0,6.7,68.12,0.0,0.0,0.0,68.12,80.11,89.49,52.74
2010-07-03,0.0,16.37,93.39,1001.15,8.09,8.0,7.68,52.74,0.0,0.0,0.0,52.74,68.12,80.11,43.42
2010-07-04,0.0,14.63,79.24,1010.71,9.05,8.0,6.0,43.42,0.0,0.0,0.0,43.42,52.74,68.12,36.49
2010-07-05,0.0,17.01,74.38,1017.77,7.82,8.0,8.02,36.49,0.0,0.0,0.0,36.49,43.42,52.74,27.92
2010-07-06,0.0,16.44,82.48,1010.23,12.88,8.0,6.47,27.92,0.0,0.0,0.0,27.92,36.49,43.42,25.01
2010-07-07,0.0,15.1,87.68,1006.07,10.94,8.0,6.55,25.01,0.0,0.0,0.0,25.01,27.92,36.49,14.87
2010-07-08,9.15,13.2,79.29,1001.09,8.28,8.0,5.92,14.87,0.0,0.0,0.0,14.87,25.01,27.92,21.59
2010-07-09,77.75,11.57,88.34,1003.72,12.36,8.0,7.66,21.59,9.15,0.0,0.0,21.59,14.87,25.01,51.88
2010-07-10,7.26,14.28,86.9,1010.55,9.04,8.0,5.61,51.88,77.75,9.15,0.0,51.88,21.59,14.87,67.94
2010-07-11,0.0,17.58,71.71,1013.68,8.85,8.0,7.75,67.94,7.26,77.75,9.15,67.94,51.88,21.59,73.12
2010-07-12,0.0,16.02,74.46,1009.65,10.17,8.0,6.77,73.12,0.0,7.26,77.75,73.12,67.94,51.88,60.9
2010-07-13,0.0,12.41,85.8,1012.38,11.62,8.0,6.79,60.9,0.0,0.0,7.26,60.9,73.12,67.94,47.5
2010-07-14,0.0,16.01,60.03,1011.95,11.36,8.0,8.11,47.5,0.0,0.0,0.0,47.5,60.9,73.12,39.56
2010-07-15,0.0,16.59,77.89,1010.98,8.73,8.0,7.13,39.56,0.0,0.0,0.0,39.56,47.5,60.9,36.12
2010-07-16,31.25,13.46,68.83,1005.19,12.96,8.0,8.1,36.12,0.0,0.0,0.0,36.12,39.56,47.5,45.39
2010-07-17,6.3,16.11,75.42,1009.39,9.22,8.0,7.61,45.39,31.25,0.0,0.0,45.39,36.12,39.56,52.92
2010-07-18,0.0,15.92,76.57,1004.31,7.71,8.0,8.62,52.92,6.3,31.25,0.0,52.92,45.39,36.12,52.95
2010-07-19,0.0,12.98,76.06,1008.68,4.86,8.0,6.7,52.95,0.0,6.3,31.25,52.95,52.92,45.39,48.98
2010-07-20,0.0,16.79,74.6,1010.29,13.44,8.0,7.59,48.98,0.0,0.0,6.3,48.98,52.95,52.92,40.27
2010-07-21,0.0,17.35,70.69,1017.07,10.04,8.0,7.11,40.27,0.0,0.0,0.0,40.27,48.98,52.95,34.55
2010-07-22,29.38,18.72,94.3,1002.18,10.74,8.0,8.59,34.55,0.0,0.0,0.0,34.55,40.27,48.98,41.95
2010-07-23,0.0,18.71,91.22,1011.18,13.66,8.0,7.91,41.95,29.38,0.0,0.0,41.95,34.55,40.27,44.95
2010-07-24,0.0,12.7,69.91,1016.22,8.33,8.0,6.72,44.95,0.0,29.38,0.0,44.95,41.95,34.55,45.72
2010-07-25,0.0,13.87,89.0,1012.66,5.19,8.0,6.83,45.72,0.0,0.0,29.38,45.72,44.95,41.95,39.42
2010-07-26,0.0,17.57,75.01,1013.08,10.24,8.0,6.85,39.42,0.0,0.0,0.0,39.42,45.72,44.95,33.99
2010-07-27,17.44,17.63,78.59,1011.9,11.08,8.0,6.53,33.99,0.0,0.0,0.0,33.99,39.42,45.72,38.47
2010-07-28,0.0,17.71,77.12,1015.51,9.08,8.0,7.42,38.47,17.44,0.0,0.0,38.47,33.99,39.42,44.1
2010-07-29,17.4,26.13,72.82,1003.63,15.16,8.0,8.43,44.1,0.0,17.44,0.0,44.1,38.47,33.99,42.01
2010-07-30,20.03,18.0,84.2,1002.19,1.3,8.0,7.01,42.01,17.4,0.0,17.44,42.01,44.1,38.47,45.63
2010-07-31,0.0,19.48,78.06,1009.14,13.92,8.0,5.93,45.63,20.03,17.4,0.0,45.63,42.01,44.1,43.16
2010-08-01,0.0,19.11,73.71,998.43,12.77,8.0,7.29,43.16,0.0,20.03,17.4,43.16,45.63,42.01,35.78
2010-08-02,0.0,18.43,67.78,1015.44,11.6,8.0,7.72,35.78,0.0,0.0,20.03,35.78,43.16,45.63,28.7
2010-08-03,0.0,16.1,70.51,1015.45,0.5,8.0,5.04,28.7,0.0,0.0,0.0,28.7,35.78,43.16,26.57
2010-08-04,8.31,18.87,65.14,1007.24,14.49,8.0,9.15,26.57,0.0,0.0,0.0,26.57,28.7,35.78,30.19
2010-08-05,48.7,15.12,76.57,1007.61,6.41,8.0,6.51,30.19,8.31,0.0,0.0,30.19,26.57,28.7,49.49
2010-08-06,19.08,16.55,67.96,1009.17,8.22,8.0,6.28,49.49,48.7,8.31,0.0,49.49,30.19,26.57,63.03
2010-08-07,0.0,16.01,74.32,1009.85,9.4,8.0,7.1,63.03,19.08,48.7,8.31,63.03,49.49,30.19,61.91
2010-08-08,27.44,17.52,85.62,1010.29,11.43,8.0,6.18,61.91,0.0,19.08,48.7,61.91,63.03,49.49,58.98
2010-08-09,0.0,23.19,84.27,1012.51,12.24,8.0,8.49,58.98,27.44,0.0,19.08,58.98,61.91,63.03,58.7
2010-08-10,15.95,12.83,75.49,1008.92,13.12,8.0,8.17,58.7,0.0,27.44,0.0,58.7,58.98,61.91,66.32
2010-08-11,0.0,19.31,74.95,1014.57,12.86,8.0,7.66,66.32,15.95,0.0,27.44,66.32,58.7,58.98,64.9
2010-08-12,0.0,13.65,88.56,1012.15,10.89,8.0,6.79,64.9,0.0,15.95,0.0,64.9,66.32,58.7,58.7
2010-08-13,0.0,16.6,78.88,1006.95,11.46,8.0,6.35,58.7,0.0,0.0,15.95,58.7,64.9,66.32,51.93
2010-08-14,15.04,20.6,72.78,1016.73,6.18,8.0,6.33,51.93,0.0,0.0,0.0,51.93,58.7,64.9,56.93
2010-08-15,0.0,18.13,64.92,1003.33,7.37,8.0,7.72,56.93,15.04,0.0,0.0,56.93,51.93,58.7,50.67
2010-08-16,0.0,15.38,77.49,1009.73,13.13,8.0,7.28,50.67,0.0,15.04,0.0,50.67,56.93,51.93,44.81
2010-08-17,0.0,16.38,80.37,1015.1,12.93,8.0,9.23,44.81,0.0,0.0,15.04,44.81,50.67,56.93,33.13
2010-08-18,0.0,19.97,69.97,1006.72,12.53,8.0,8.29,33.13,0.0,0.0,0.0,33.13,44.81,50.67,30.78
2010-08-19,20.45,16.55,76.25,1011.96,8.2,8.0,5.86,30.78,0.0,0.0,0.0,30.78,33.13,44.81,33.93
2010-08-20,0.0,19.02,71.49,1013.2,13.19,8.0,9.66,33.93,20.45,0.0,0.0,33.93,30.78,33.13,32.9
2010-08-21,0.0,18.7,72.57,1006.26,5.94,8.0,5.54,32.9,0.0,20.45,0.0,32.9,33.93,30.78,33.79
2010-08-22,0.0,17.06,56.26,1010.27,13.77,8.0,7.45,33.79,0.0,0.0,20.45,33.79,32.9,33.93,27.11
2010-08-23,0.0,24.16,71.94,1009.93,9.09,8.0,7.9,27.11,0.0,0.0,0.0,27.11,33.79,32.9,25.6
2010-08-24,22.7,20.49,80.09,1008.03,15.89,8.0,8.58,25.6,0.0,0.0,0.0,25.6,27.11,33.79,33.98
2010-08-25,20.68,13.95,68.7,1022.38,4.67,8.0,5.49,33.98,22.7,0.0,0.0,33.98,25.6,27.11,41.87
2010-08-26,14.05,19.59,73.3,1007.13,16.17,8.0,8.32,41.87,20.68,22.7,0.0,41.87,33.98,25.6,52.54
2010-08-27,0.0,17.58,67.45,1016.05,8.73,8.0,8.07,52.54,14.05,20.68,22.7,52.54,41.87,33.98,51.17
2010-08-28,31.01,21.47,75.08,1009.14,8.67,8.0,8.46,51.17,0.0,14.05,20.68,51.17,52.54,41.87,62.25
2010-08-29,0.0,17.47,70.85,1005.75,10.68,8.0,8.72,62.25,31.01,0.0,14.05,62.25,51.17,52.54,58.82
2010-08-30,0.0,19.28,65.59,1011.78,7.56,8.0,6.33,58.82,0.0,31.01,0.0,58.82,62.25,51.17,57.53
2010-08-31,0.0,20.94,81.3,1014.59,9.75,8.0,7.69,57.53,0.0,0.0,31.01,57.53,58.82,62.25,49.39
2010-09-01,7.4,21.96,78.28,1016.03,7.42,8.0,7.6,49.39,0.0,0.0,0.0,49.39,57.53,58.82,47.74
2010-09-02,18.44,16.91,67.35,1019.32,7.55,8.0,5.29,47.74,7.4,0.0,0.0,47.74,49.39,57.53,52.48
2010-09-03,0.0,19.19,74.87,1026.32,11.7,8.0,7.34,52.48,18.44,7.4,0.0,52.48,47.74,49.39,49.36
2010-09-04,6.24,18.95,74.95,1012.92,6.84,8.0,7.27,49.36,0.0,18.44,7.4,49.36,52.48,47.74,46.77
2010-09-05,36.11,18.62,75.48,1008.44,7.31,8.0,6.74,46.77,6.24,0.0,18.44,46.77,49.36,52.48,56.84
2010-09-06,8.71,24.79,58.93,1014.1,5.2,8.0,6.76,56.84,36.11,6.24,0.0,56.84,46.77,49.36,61.9
2010-09-07,0.0,21.5,77.63,1010.59,8.24,8.0,7.6,61.9,8.71,36.11,6.24,61.9,56.84,46.77,62.55
2010-09-08,0.0,17.46,66.4,1016.64,14.59,8.0,8.84,62.55,0.0,8.71,36.11,62.55,61.9,56.84,56.92
2010-09-09,6.96,23.02,67.68,1005.61,7.04,8.0,7.5,56.92,0.0,0.0,8.71,56.92,62.55,61.9,42.52
2010-09-10,0.0,26.15,88.44,1024.02,7.44,8.0,5.91,42.52,6.96,0.0,0.0,42.52,56.92,62.55,41.69
2010-09-11,46.29,23.55,71.89,1016.54,10.68,8.0,8.88,41.69,0.0,6.96,0.0,41.69,42.52,56.92,58.38
2010-09-12,0.0,17.29,66.87,1003.93,8.7,8.0,5.93,58.38,46.29,0.0,6.96,58.38,41.69,42.52,64.75
2010-09-13,37.59,19.99,53.93,1008.89,17.8,8.0,7.74,64.75,0.0,46.29,0.0,64.75,58.38,41.69,81.29
2010-09-14,0.0,24.49,78.89,1016.6,9.43,8.0,8.0,81.29,37.59,0.0,46.29,81.29,64.75,58.38,77.58
2010-09-15,12.51,19.67,59.54,1018.48,11.17,8.0,7.84,77.58,0.0,37.59,0.0,77.58,81.29,64.75,73.95
2010-09-16,0.0,22.67,61.72,1006.33,13.3,8.0,7.74,73.95,12.51,0.0,37.59,73.95,77.58,81.29,73.9
2010-09-17,68.93,23.62,66.22,1016.34,13.24,8.0,8.92,73.9,0.0,12.51,0.0,73.9,73.95,77.58,99.97
2010-09-18,0.0,19.49,78.25,1003.12,10.82,8.0,7.43,99.97,68.93,0.0,12.51,99.97,73.9,73.95,104.37
2010-09-19,0.0,21.78,73.54,1012.5,9.44,8.0,6.28,104.37,0.0,68.93,0.0,104.37,99.97,73.9,97.33
2010-09-20,0.0,13.94,66.82,1018.59,17.08,8.0,7.02,97.33,0.0,0.0,68.93,97.33,104.37,99.97,81.1
2010-09-21,0.0,19.6,69.87,1010.36,9.65,8.0,7.08,81.1,0.0,0.0,0.0,81.1,97.33,104.37,69.84
2010-09-22,15.33,21.65,63.31,1005.67,8.45,8.0,7.42,69.84,0.0,0.0,0.0,69.84,81.1,97.33,70.91
2010-09-23,4.21,19.29,68.28,1014.02,7.74,8.0,6.56,70.91,15.33,0.0,0.0,70.91,69.84,81.1,58.82
2010-09-24,28.91,26.61,67.61,1010.35,3.96,8.0,5.76,58.82,4.21,15.33,0.0,58.82,70.91,69.84,63.88
2010-09-25,37.49,19.07,73.67,1016.61,12.88,8.0,7.15,63.88,28.91,4.21,15.33,63.88,58.82,70.91,87.62
2010-09-26,0.0,21.67,73.46,1009.12,1.78,8.0,6.86,87.62,37.49,28.91,4.21,87.62,63.88,58.82,86.83
2010-09-27,0.0,23.21,69.94,1009.77,9.98,8.0,7.8,86.83,0.0,37.49,28.91,86.83,87.62,63.88,81.04
2010-09-28,8.5,26.61,63.74,1003.61,9.28,8.0,8.79,81.04,0.0,0.0,37.49,81.04,86.83,87.62,74.63
2010-09-29,0.0,19.53,71.27,1014.65,17.84,8.0,9.15,74.63,8.5,0.0,0.0,74.63,81.04,86.83,73.41
2010-09-30,19.4,26.15,65.23,1013.08,3.59,8.0,5.75,73.41,0.0,8.5,0.0,73.41,74.63,81.04,72.53
2010-10-01,0.0,23.39,58.09,1008.03,6.85,8.0,6.83,72.53,19.4,0.0,8.5,72.53,73.41,74.63,61.42
2010-10-02,0.0,21.03,62.64,1015.03,9.52,8.0,8.03,61.42,0.0,19.4,0.0,61.42,72.53,73.41,59.98
2010-10-03,0.0,24.75,65.85,1019.28,9.31,8.0,8.24,59.98,0.0,0.0,19.4,59.98,61.42,72.53,49.04
2010-10-04,0.0,24.21,71.43,1013.15,8.08,8.0,7.96,49.04,0.0,0.0,0.0,49.04,59.98,61.42,37.93
2010-10-05,0.0,22.33,63.58,1015.65,9.72,8.0,8.44,37.93,0.0,0.0,0.0,37.93,49.04,59.98,38.72
2010-10-06,0.0,24.12,56.2,1015.76,5.59,8.0,8.28,38.72,0.0,0.0,0.0,38.72,37.93,49.04,36.68
2010-10-07,17.8,23.1,64.86,1008.45,11.25,8.0,6.56,36.68,0.0,0.0,0.0,36.68,38.72,37.93,38.47
2010-10-08,0.0,24.46,65.06,1024.84,1.87,8.0,6.36,38.47,17.8,0.0,0.0,38.47,36.68,38.72,41.46
2010-10-09,0.0,25.95,65.37,1012.28,9.91,8.0,8.58,41.46,0.0,17.8,0.0,41.46,38.47,36.68,41.94
2010-10-10,0.0,28.37,70.32,1018.0,7.9,8.0,8.63,41.94,0.0,0.0,17.8,41.94,41.46,38.47,34.18
2010-10-11,0.0,21.42,70.82,1018.64,13.56,8.0,9.47,34.18,0.0,0.0,0.0,34.18,41.94,41.46,30.75
2010-10-12,0.0,29.96,59.33,1014.18,16.14,8.0,10.66,30.75,0.0,0.0,0.0,30.75,34.18,41.94,26.19
2010-10-13,0.0,19.86,58.99,1017.99,8.84,8.0,8.18,26.19,0.0,0.0,0.0,26.19,30.75,34.18,20.72
2010-10-14,26.08,24.47,55.83,1016.26,14.87,8.0,8.31,20.72,0.0,0.0,0.0,20.72,26.19,30.75,29.34
2010-10-15,0.0,26.43,67.82,1008.03,8.89,8.0,8.63,29.34,26.08,0.0,0.0,29.34,20.72,26.19,33.58
2010-10-16,0.0,25.77,72.88,1013.53,6.62,8.0,9.1,33.58,0.0,26.08,0.0,33.58,29.34,20.72,29.33
2010-10-17,0.0,23.62,60.35,1012.21,16.11,8.0,9.96,29.33,0.0,0.0,26.08,29.33,33.58,29.34,28.69
2010-10-18,54.22,24.76,60.68,1013.04,11.82,8.0,8.54,28.69,0.0,0.0,0.0,28.69,29.33,33.58,41.52
2010-10-19,0.0,24.16,72.46,1008.9,10.02,8.0,9.0,41.52,54.22,0.0,0.0,41.52,28.69,29.33,48.15
2010-10-20,0.0,24.02,65.55,1021.13,12.41,8.0,8.4,48.15,0.0,54.22,0.0,48.15,41.52,28.69,46.3
2010-10-21,0.0,27.72,64.89,1023.58,10.96,8.0,8.61,46.3,0.0,0.0,54.22,46.3,48.15,41.52,45.99
2010-10-22,0.0,26.59,53.32,1020.53,9.76,8.0,8.0,45.99,0.0,0.0,0.0,45.99,46.3,48.15,34.67
2010-10-23,11.81,24.07,66.23,1022.07,5.36,8.0,6.06,34.67,0.0,0.0,0.0,34.67,45.99,46.3,34.64
2010-10-24,12.68,28.15,54.81,1014.06,9.05,8.0,9.0,34.64,11.81,0.0,0.0,34.64,34.67,45.99,34.94
2010-10-25,0.0,26.77,53.2,1012.68,12.18,8.0,8.48,34.94,12.68,11.81,0.0,34.94,34.64,34.67,32.54
2010-10-26,0.0,28.13,58.54,1012.04,9.57,8.0,8.41,32.54,0.0,12.68,11.81,32.54,34.94,34.64,25.86
2010-10-27,0.0,27.77,56.7,1019.22,13.16,8.0,9.21,25.86,0.0,0.0,12.68,25.86,32.54,34.94,23.08
2010-10-28,0.0,24.22,59.09,1017.2,11.34,8.0,7.66,23.08,0.0,0.0,0.0,23.08,25.86,32.54,21.11
2010-10-29,29.03,24.99,50.39,1015.75,6.93,8.0,8.3,21.11,0.0,0.0,0.0,21.11,23.08,25.86,24.72
2010-10-30,0.0,28.35,67.03,1022.68,5.38,8.0,7.53,24.72,29.03,0.0,0.0,24.72,21.11,23.08,29.4
2010-10-31,0.0,28.1,68.06,1018.29,9.45,8.0,8.14,29.4,0.0,29.03,0.0,29.4,24.72,21.11,23.5
2010-11-01,79.42,26.61,46.38,1012.14,8.17,8.0,5.44,23.5,0.0,0.0,29.03,23.5,29.4,24.72,53.98
2010-11-02,0.0,27.05,66.7,1012.99,11.18,8.0,8.5,53.98,79.42,0.0,0.0,53.98,23.5,29.4,69.35
2010-11-03,0.0,30.03,54.03,1019.87,7.49,8.0,7.47,69.35,0.0,79.42,0.0,69.35,53.98,23.5,67.04
2010-11-04,0.0,25.45,65.55,1021.73,7.85,8.0,7.42,67.04,0.0,0.0,79.42,67.04,69.35,53.98,57.91
2010-11-05,0.0,28.38,58.93,1019.34,13.69,8.0,8.32,57.91,0.0,0.0,0.0,57.91,67.04,69.35,47.86
2010-11-06,16.83,26.59,59.47,1026.12,10.52,8.0,7.7,47.86,0.0,0.0,0.0,47.86,57.91,67.04,46.68
2010-11-07,0.0,26.63,57.83,1024.87,7.54,8.0,7.65,46.68,16.83,0.0,0.0,46.68,47.86,57.91,45.37
2010-11-08,0.0,30.0,67.47,1018.96,10.06,8.0,8.92,45.37,0.0,16.83,0.0,45.37,46.68,47.86,47.09
2010-11-09,0.0,29.4,50.18,1012.62,14.83,8.0,10.46,47.09,0.0,0.0,16.83,47.09,45.37,46.68,40.88
2010-11-10,0.0,29.45,62.98,1010.32,11.03,8.0,8.76,40.88,0.0,0.0,0.0,40.88,47.09,45.37,39.7
2010-11-11,0.0,30.75,66.3,1014.98,12.08,8.0,8.55,39.7,0.0,0.0,0.0,39.7,40.88,47.09,31.82
2010-11-12,0.0,27.61,63.48,1020.74,7.37,8.0,7.63,31.82,0.0,0.0,0.0,31.82,39.7,40.88,31.62
2010-11-13,0.0,29.34,74.61,1026.16,13.59,8.0,9.71,31.62,0.0,0.0,0.0,31.62,31.82,39.7,33.21
2010-11-14,0.0,26.93,54.52,1019.16,18.11,8.0,9.81,33.21,0.0,0.0,0.0,33.21,31.62,31.82,33.3
2010-11-15,0.0,28.58,64.8,1022.97,7.23,8.0,6.96,33.3,0.0,0.0,0.0,33.3,33.21,31.62,31.5
2010-11-16,0.0,27.52,57.24,1015.95,5.86,8.0,7.11,31.5,0.0,0.0,0.0,31.5,33.3,33.21,29.68
2010-11-17,0.0,28.15,66.51,1020.33,10.61,8.0,8.42,29.68,0.0,0.0,0.0,29.68,31.5,33.3,23.15
2010-11-18,0.0,,57.71,1021.38,13.06,8.0,8.78,23.15,0.0,0.0,0.0,23.15,29.68,31.5,14.76
2010-11-19,0.0,25.99,54.94,1007.41,9.68,8.0,7.61,14.76,0.0,0.0,0.0,14.76,23.15,29.68,15.22
2010-11-20,0.0,33.32,66.7,1015.28,6.31,8.0,8.14,15.22,0.0,0.0,0.0,15.22,14.76,23.15,9.81
2010-11-21,0.0,25.64,54.02,1022.14,9.62,8.0,8.23,9.81,0.0,0.0,0.0,9.81,15.22,14.76,6.09
2010-11-22,5.32,25.17,47.47,1018.81,12.09,8.0,8.67,6.09,0.0,0.0,0.0,6.09,9.81,15.22,5.0
2010-11-23,28.45,31.16,53.65,1011.49,8.58,8.0,8.49,5.0,5.32,0.0,0.0,5.0,6.09,9.81,14.79
2010-11-24,0.0,30.29,61.51,1005.36,12.13,8.0,9.59,14.79,28.45,5.32,0.0,14.79,5.0,6.09,22.61
2010-11-25,0.0,29.93,66.83,1015.72,14.08,8.0,9.44,22.61,0.0,28.45,5.32,22.61,14.79,5.0,26.17
2010-11-26,5.22,29.99,57.78,1017.22,10.84,8.0,7.83,26.17,0.0,0.0,28.45,26.17,22.61,14.79,20.11
2010-11-27,0.0,28.43,66.15,1013.2,9.9,8.0,8.02,20.11,5.22,0.0,0.0,20.11,26.17,22.61,15.01
2010-11-28,0.0,26.26,47.34,1018.36,12.9,8.0,8.49,15.01,0.0,5.22,0.0,15.01,20.11,26.17,7.41
2010-11-29,0.0,28.74,53.67,1020.21,7.0,8.0,7.83,7.41,0.0,0.0,5.22,7.41,15.01,20.11,7.42
2010-11-30,0.0,26.9,54.68,1021.06,6.66,8.0,7.06,7.42,0.0,0.0,0.0,7.42,7.41,15.01,7.0
2010-12-01,0.0,31.07,55.83,1005.96,9.07,8.0,8.07,7.0,0.0,0.0,0.0,7.0,7.42,7.41,6.51
2010-12-02,0.0,28.3,57.16,1011.19,8.28,8.0,8.8,6.51,0.0,0.0,0.0,6.51,7.0,7.42,5.0
2010-12-03,0.0,26.64,61.34,1016.27,7.19,8.0,6.92,5.0,0.0,0.0,0.0,5.0,6.51,7.0,6.54
2010-12-04,0.0,27.94,53.33,1020.67,16.41,8.0,9.05,6.54,0.0,0.0,0.0,6.54,5.0,6.51,5.0
2010-12-05,0.0,29.8,57.37,1020.28,17.6,8.0,10.65,5.0,0.0,0.0,0.0,5.0,6.54,5.0,7.27
2010-12-06,0.0,27.39,56.03,1020.22,8.76,8.0,8.0,7.27,0.0,0.0,0.0,7.27,5.0,6.54,5.0
2010-12-07,0.0,26.77,49.81,1015.96,10.32,8.0,10.17,5.0,0.0,0.0,0.0,5.0,7.27,5.0,7.27
2010-12-08,0.0,29.46,55.46,1016.26,9.34,8.0,9.67,7.27,0.0,0.0,0.0,7.27,5.0,7.27,7.46
2010-12-09,0.0,29.49,55.21,1014.27,13.88,8.0,7.32,7.46,0.0,0.0,0.0,7.46,7.27,5.0,8.43
2010-12-10,0.0,27.63,55.02,1021.77,14.57,8.0,8.09,8.43,0.0,0.0,0.0,8.43,7.46,7.27,6.02
2010-12-11,18.04,27.74,56.36,1013.34,3.78,8.0,7.4,6.02,0.0,0.0,0.0,6.02,8.43,7.46,18.74
2010-12-12,10.5,29.51,56.64,1022.2,11.67,8.0,8.47,18.74,18.04,0.0,0.0,18.74,6.02,8.43,21.55
2010-12-13,0.0,25.33,53.06,1019.0,5.43,8.0,7.91,21.55,10.5,18.04,0.0,21.55,18.74,6.02,31.18
2010-12-14,4.0,25.44,64.97,1017.75,16.15,8.0,9.43,31.18,0.0,10.5,18.04,31.18,21.55,18.74,31.9
2010-12-15,5.76,27.18,47.86,1014.7,11.54,8.0,7.28,31.9,4.0,0.0,10.5,31.9,31.18,21.55,35.08
2010-12-16,0.0,28.45,50.98,1011.21,7.12,8.0,8.88,35.08,5.76,4.0,0.0,35.08,31.9,31.18,37.25
2010-12-17,0.0,29.77,75.48,1014.76,9.16,8.0,9.82,37.25,0.0,5.76,4.0,37.25,35.08,31.9,35.72
2010-12-18,0.0,32.68,48.74,1016.35,8.99,8.0,7.61,35.72,0.0,0.0,5.76,35.72,37.25,35.08,37.23
2010-12-19,0.0,31.14,46.53,1006.15,11.84,8.0,8.67,37.23,0.0,0.0,0.0,37.23,35.72,37.25,35.47
2010-12-20,0.0,28.6,61.14,1017.01,13.65,8.0,8.63,35.47,0.0,0.0,0.0,35.47,37.23,35.72,33.42
2010-12-21,0.0,28.95,41.46,1022.62,5.98,8.0,8.88,33.42,0.0,0.0,0.0,33.42,35.47,37.23,30.66
2010-12-22,0.0,26.49,54.36,1020.83,16.44,8.0,10.32,30.66,0.0,0.0,0.0,30.66,33.42,35.47,28.18
2010-12-23,0.0,28.94,71.04,1015.51,15.62,8.0,8.83,28.18,0.0,0.0,0.0,28.18,30.66,33.42,28.32
2010-12-24,8.96,28.26,45.21,1018.22,6.94,8.0,7.56,28.32,0.0,0.0,0.0,28.32,28.18,30.66,25.43
2010-12-25,0.0,29.78,42.17,1015.2,10.25,8.0,9.42,25.43,8.96,0.0,0.0,25.43,28.32,28.18,23.16
2010-12-26,18.18,26.89,45.57,1018.72,15.99,8.0,8.96,23.16,0.0,8.96,0.0,23.16,25.43,28.32,30.69
2010-12-27,0.0,30.25,62.38,1025.66,14.32,8.0,9.34,30.69,18.18,0.0,8.96,30.69,23.16,25.43,27.58
2010-12-28,4.1,32.76,63.99,1022.79,8.82,8.0,9.37,27.58,0.0,18.18,0.0,27.58,30.69,23.16,30.77
2010-12-29,0.0,28.64,52.56,1020.54,12.85,8.0,9.4,30.77,4.1,0.0,18.18,30.77,27.58,30.69,26.8
2010-12-30,0.0,29.9,60.96,1015.46,20.49,8.0,10.29,26.8,0.0,4.1,0.0,26.8,30.77,27.58,19.11
2010-12-31,0.0,30.6,65.95,1021.66,10.37,8.0,7.54,19.11,0.0,0.0,4.1,19.11,26.8,30.77,14.14
2011-01-01,0.0,27.84,68.78,1009.45,7.79,8.0,8.37,14.14,0.0,0.0,0.0,14.14,19.11,26.8,15.53
2011-01-02,0.0,29.38,54.59,1016.61,10.6,8.0,9.34,15.53,0.0,0.0,0.0,15.53,14.14,19.11,9.58
2011-01-03,0.0,28.82,40.25,1020.77,10.86,8.0,9.2,9.58,0.0,0.0,0.0,9.58,15.53,14.14,5.0
2011-01-04,23.59,29.0,50.67,1021.53,8.16,8.0,7.06,5.0,0.0,0.0,0.0,5.0,9.58,15.53,15.72
2011-01-05,0.0,26.79,53.48,1021.15,11.55,8.0,9.07,15.72,23.59,0.0,0.0,15.72,5.0,9.58,13.77
2011-01-06,0.0,28.75,54.72,1019.25,5.61,8.0,7.17,13.77,0.0,23.59,0.0,13.77,15.72,5.0,16.55
2011-01-07,0.0,29.9,55.28,1016.78,7.67,8.0,6.24,16.55,0.0,0.0,23.59,16.55,13.77,15.72,6.87
2011-01-08,0.0,32.25,64.49,1020.42,12.65,8.0,9.0,6.87,0.0,0.0,0.0,6.87,16.55,13.77,6.98
2011-01-09,0.0,30.98,65.65,1012.93,3.86,8.0,6.74,6.98,0.0,0.0,0.0,6.98,6.87,16.55,5.22
2011-01-10,5.03,33.92,55.6,1013.44,13.16,8.0,9.43,5.22,0.0,0.0,0.0,5.22,6.98,6.87,11.54
2011-01-11,0.0,26.57,64.56,1017.94,2.96,8.0,6.05,11.54,5.03,0.0,0.0,11.54,5.22,6.98,5.0
2011-01-12,0.0,30.63,59.46,1018.47,3.94,8.0,7.49,5.0,0.0,5.03,0.0,5.0,11.54,5.22,5.0
2011-01-13,0.0,28.86,57.49,1008.44,8.25,8.0,6.83,5.0,0.0,0.0,5.03,5.0,5.0,11.54,5.83
2011-01-14,35.86,33.82,63.47,1019.81,11.0,8.0,8.51,5.83,0.0,0.0,0.0,5.83,5.0,5.0,19.14
2011-01-15,0.0,26.27,57.71,1021.36,14.64,8.0,9.07,19.14,35.86,0.0,0.0,19.14,5.83,5.0,22.14
2011-01-16,9.56,26.14,71.7,1017.07,10.2,8.0,9.46,22.14,0.0,35.86,0.0,22.14,19.14,5.83,21.5
2011-01-17,22.48,26.69,47.33,1029.29,9.14,8.0,7.85,21.5,9.56,0.0,35.86,21.5,22.14,19.14,31.57
2011-01-18,0.0,22.82,53.89,1013.96,12.03,8.0,8.03,31.57,22.48,9.56,0.0,31.57,21.5,22.14,41.35
2011-01-19,0.0,26.76,56.71,1015.53,6.95,8.0,8.34,41.35,0.0,22.48,9.56,41.35,31.57,21.5,36.33
2011-01-20,29.95,26.11,60.78,1015.32,10.49,8.0,8.47,36.33,0.0,0.0,22.48,36.33,41.35,31.57,44.71
2011-01-21,0.0,28.32,66.68,1016.87,5.8,8.0,8.02,44.71,29.95,0.0,0.0,44.71,36.33,41.35,46.23
2011-01-22,0.0,28.74,57.75,1015.56,10.29,8.0,8.97,46.23,0.0,29.95,0.0,46.23,44.71,36.33,42.51
2011-01-23,0.0,32.51,48.07,1010.12,9.55,8.0,8.46,42.51,0.0,0.0,29.95,42.51,46.23,44.71,36.5
2011-01-24,21.94,30.12,64.04,1014.37,7.19,8.0,7.44,36.5,0.0,0.0,0.0,36.5,42.51,46.23,37.2
2011-01-25,0.0,26.24,63.55,1016.57,10.58,8.0,8.38,37.2,21.94,0.0,0.0,37.2,36.5,42.51,32.15
2011-01-26,0.0,25.36,44.8,1023.15,10.55,8.0,6.28,32.15,0.0,21.94,0.0,32.15,37.2,36.5,36.15
2011-01-27,11.92,28.76,58.49,1027.96,14.11,8.0,7.35,36.15,0.0,0.0,21.94,36.15,32.15,37.2,36.01
2011-01-28,0.0,24.16,47.51,1023.58,4.38,8.0,8.27,36.01,11.92,0.0,0.0,36.01,36.15,32.15,36.0
2011-01-29,0.0,31.96,54.12,1012.97,9.73,8.0,9.61,36.0,0.0,11.92,0.0,36.0,36.01,36.15,33.95
2011-01-30,19.03,30.25,52.59,1013.31,7.34,8.0,7.62,33.95,0.0,0.0,11.92,33.95,36.0,36.01,34.0
2011-01-31,0.0,26.05,64.71,1015.94,13.04,8.0,7.51,34.0,19.03,0.0,0.0,34.0,33.95,36.0,29.05
2011-02-01,0.0,22.86,60.0,1025.6,12.64,8.0,8.54,29.05,0.0,19.03,0.0,29.05,34.0,33.95,25.69
2011-02-02,0.0,30.45,50.32,1015.79,11.78,8.0,9.43,25.69,0.0,0.0,19.03,25.69,29.05,34.0,22.84
2011-02-03,0.0,26.69,65.63,1009.92,7.54,8.0,7.02,22.84,0.0,0.0,0.0,22.84,25.69,29.05,17.03
2011-02-04,59.37,29.99,49.57,1013.99,13.1,8.0,8.91,17.03,0.0,0.0,0.0,17.03,22.84,25.69,37.79
2011-02-05,6.56,22.82,62.07,1020.22,4.64,8.0,5.45,37.79,59.37,0.0,0.0,37.79,17.03,22.84,40.85
2011-02-06,0.0,25.22,54.21,1019.82,3.93,8.0,6.74,40.85,6.56,59.37,0.0,40.85,37.79,17.03,44.23
2011-02-07,0.0,26.64,57.51,1015.31,5.53,8.0,7.28,44.23,0.0,6.56,59.37,44.23,40.85,37.79,39.81
2011-02-08,0.0,26.66,63.75,1019.66,9.88,8.0,8.23,39.81,0.0,0.0,6.56,39.81,44.23,40.85,34.85
2011-02-09,0.0,25.32,64.03,1004.81,12.36,8.0,10.09,34.85,0.0,0.0,0.0,34.85,39.81,44.23,27.11
2011-02-10,33.21,27.91,69.9,1016.63,0.5,8.0,5.85,27.11,0.0,0.0,0.0,27.11,34.85,39.81,34.06
2011-02-11,0.0,23.59,60.13,1020.34,14.63,8.0,9.69,34.06,33.21,0.0,0.0,34.06,27.11,34.85,32.79
2011-02-12,0.0,25.8,63.01,1011.81,10.46,8.0,7.63,32.79,0.0,33.21,0.0,32.79,34.06,27.11,31.28
2011-02-13,0.0,26.36,57.97,1011.72,4.51,8.0,6.74,31.28,0.0,0.0,33.21,31.28,32.79,34.06,24.89
2011-02-14,0.0,27.25,62.48,1006.5,10.35,8.0,9.07,24.89,0.0,0.0,0.0,24.89,31.28,32.79,26.62
2011-02-15,65.85,27.64,64.45,1023.71,13.82,8.0,8.23,26.62,0.0,0.0,0.0,26.62,24.89,31.28,57.14
2011-02-16,0.0,22.95,60.86,1012.09,12.1,8.0,7.32,57.14,65.85,0.0,0.0,57.14,26.62,24.89,66.62
2011-02-17,0.0,21.83,49.1,1016.82,13.85,8.0,8.72,66.62,0.0,65.85,0.0,66.62,57.14,26.62,66.87
2011-02-18,15.04,28.75,64.22,1018.56,5.22,8.0,8.0,66.87,0.0,0.0,65.85,66.87,66.62,57.14,63.67
2011-02-19,0.0,26.29,64.63,1023.03,8.55,8.0,7.43,63.67,15.04,0.0,0.0,63.67,66.87,66.62,55.97
2011-02-20,0.0,23.48,57.5,1014.62,6.76,8.0,8.75,55.97,0.0,15.04,0.0,55.97,63.67,66.87,51.28
2011-02-21,0.0,29.12,53.45,1012.62,16.01,8.0,8.94,51.28,0.0,0.0,15.04,51.28,55.97,63.67,44.15
2011-02-22,42.55,25.42,72.96,1016.11,12.24,8.0,6.99,44.15,0.0,0.0,0.0,44.15,51.28,55.97,53.06
2011-02-23,19.62,27.98,66.25,1021.58,19.96,8.0,8.8,53.06,42.55,0.0,0.0,53.06,44.15,51.28,60.38
2011-02-24,0.0,25.09,61.39,1014.23,8.36,8.0,6.74,60.38,19.62,42.55,0.0,60.38,53.06,44.15,55.35
2011-02-25,25.53,29.96,55.23,1010.23,7.46,8.0,7.84,55.35,0.0,19.62,42.55,55.35,60.38,53.06,57.73
2011-02-26,0.0,29.09,57.62,1007.22,9.5,8.0,9.48,57.73,25.53,0.0,19.62,57.73,55.35,60.38,56.89
2011-02-27,0.0,23.96,72.68,1008.74,14.82,8.0,7.04,56.89,0.0,25.53,0.0,56.89,57.73,55.35,56.74
2011-02-28,0.0,26.9,64.72,1019.09,8.72,8.0,9.3,56.74,0.0,0.0,25.53,56.74,56.89,57.73,51.59
2011-03-01,0.0,25.97,60.1,1013.08,10.44,8.0,7.55,51.59,0.0,0.0,0.0,51.59,56.74,56.89,43.54
2011-03-02,0.0,27.67,67.72,1011.57,10.34,8.0,7.78,43.54,0.0,0.0,0.0,43.54,51.59,56.74,32.23
2011-03-03,0.0,21.72,58.64,1010.94,10.14,8.0,6.97,32.23,0.0,0.0,0.0,32.23,43.54,51.59,24.17
2011-03-04,0.0,25.73,75.05,1014.87,7.72,8.0,7.18,24.17,0.0,0.0,0.0,24.17,32.23,43.54,22.74
2011-03-05,0.0,26.55,,1013.16,9.52,8.0,7.76,22.74,0.0,0.0,0.0,22.74,24.17,32.23,21.28
2011-03-06,0.0,19.39,61.67,1012.91,9.37,8.0,7.11,21.28,0.0,0.0,0.0,21.28,22.74,24.17,16.45
2011-03-07,0.0,20.71,60.74,1020.94,9.97,8.0,7.68,16.45,0.0,0.0,0.0,16.45,21.28,22.74,13.06
2011-03-08,16.42,18.45,47.01,1021.8,13.3,8.0,6.09,13.06,0.0,0.0,0.0,13.06,16.45,21.28,25.13
2011-03-09,0.0,22.76,55.17,1005.97,16.16,8.0,8.52,25.13,16.42,0.0,0.0,25.13,13.06,16.45,19.23
2011-03-10,0.0,25.11,56.37,1015.58,7.06,8.0,7.91,19.23,0.0,16.42,0.0,19.23,25.13,13.06,18.92
2011-03-11,0.0,26.95,66.89,1009.97,8.63,8.0,7.86,18.92,0.0,0.0,16.42,18.92,19.23,25.13,12.2
2011-03-12,0.0,23.26,63.87,1012.53,7.11,8.0,7.08,12.2,0.0,0.0,0.0,12.2,18.92,19.23,6.7
2011-03-13,0.0,27.03,56.94,1015.23,10.65,8.0,7.87,6.7,0.0,0.0,0.0,6.7,12.2,18.92,7.16
2011-03-14,0.0,19.39,64.59,1012.54,8.12,8.0,7.86,7.16,0.0,0.0,0.0,7.16,6.7,12.2,12.24
2011-03-15,0.0,18.46,70.3,1014.67,10.84,8.0,7.67,12.24,0.0,0.0,0.0,12.24,7.16,6.7,12.93
2011-03-16,7.56,22.46,70.66,1016.79,13.86,8.0,8.01,12.93,0.0,0.0,0.0,12.93,12.24,7.16,20.02
2011-03-17,0.0,23.44,53.88,1014.82,1.16,8.0,6.89,20.02,7.56,0.0,0.0,20.02,12.93,12.24,12.37
2011-03-18,35.98,22.28,66.48,1010.02,11.72,8.0,8.61,12.37,0.0,7.56,0.0,12.37,20.02,12.93,28.63
2011-03-19,0.0,17.07,57.9,1010.03,8.39,8.0,5.74,28.63,35.98,0.0,7.56,28.63,12.37,20.02,35.56
2011-03-20,36.46,21.9,74.11,1005.89,11.61,8.0,8.17,35.56,0.0,35.98,0.0,35.56,28.63,12.37,50.07
2011-03-21,0.0,18.74,73.49,1008.73,6.86,8.0,6.04,50.07,36.46,0.0,35.98,50.07,35.56,28.63,54.26
2011-03-22,23.81,23.55,61.92,1022.72,14.19,8.0,9.44,54.26,0.0,36.46,0.0,54.26,50.07,35.56,71.15
2011-03-23,29.67,22.68,63.05,1008.87,13.2,8.0,7.39,71.15,23.81,0.0,36.46,71.15,54.26,50.07,80.36
2011-03-24,0.0,19.29,65.39,1006.78,11.99,8.0,7.57,80.36,29.67,23.81,0.0,80.36,71.15,54.26,78.14
2011-03-25,0.0,20.23,53.06,1014.26,12.78,8.0,8.09,78.14,0.0,29.67,23.81,78.14,80.36,71.15,76.3
2011-03-26,146.85,18.75,71.38,1012.02,7.39,8.0,5.32,76.3,0.0,0.0,29.67,76.3,78.14,80.36,132.7
2011-03-27,0.0,21.12,67.33,1011.51,7.83,8.0,5.49,132.7,146.85,0.0,0.0,132.7,76.3,78.14,145.2
2011-03-28,82.85,23.55,76.23,1019.44,12.63,8.63,7.76,145.2,0.0,146.85,0.0,145.2,132.7,76.3,178.26
2011-03-29,0.0,18.58,61.96,1015.06,7.31,8.0,8.17,178.26,82.85,0.0,146.85,178.26,145.2,132.7,177.32
2011-03-30,0.0,22.18,65.52,1009.58,15.06,8.0,8.22,177.32,0.0,82.85,0.0,177.32,178.26,145.2,164.45
2011-03-31,0.0,19.48,59.51,1010.02,8.87,8.0,7.55,164.45,0.0,0.0,82.85,164.45,177.32,178.26,144.53
2011-04-01,39.35,18.7,63.23,1009.55,11.76,8.0,5.0,144.53,0.0,0.0,0.0,144.53,164.45,177.32,144.78
2011-04-02,0.0,20.3,62.19,1016.35,17.35,8.0,9.19,144.78,39.35,0.0,0.0,144.78,144.53,164.45,134.63
2011-04-03,0.0,17.86,77.63,1010.35,7.53,8.0,7.1,134.63,0.0,39.35,0.0,134.63,144.78,144.53,123.27
2011-04-04,11.03,18.95,65.97,1002.84,10.24,8.0,7.81,123.27,0.0,0.0,39.35,123.27,134.63,144.78,110.22
2011-04-05,24.57,17.22,71.93,1011.48,13.69,8.0,7.62,110.22,11.03,0.0,0.0,110.22,123.27,134.63,111.49
2011-04-06,34.17,25.01,68.6,1003.96,13.33,8.0,7.38,111.49,24.57,11.03,0.0,111.49,110.22,123.27,117.28
2011-04-07,17.67,20.07,62.57,1022.48,8.85,8.0,6.62,117.28,34.17,24.57,11.03,117.28,111.49,110.22,125.78
2011-04-08,8.77,18.12,70.48,1006.65,8.19,8.0,6.14,125.78,17.67,34.17,24.57,125.78,117.28,111.49,122.42
2011-04-09,48.24,20.29,76.05,1010.59,9.18,8.0,7.66,122.42,8.77,17.67,34.17,122.42,125.78,117.28,135.47
2011-04-10,0.0,19.36,63.59,1012.6,15.07,8.0,7.88,135.47,48.24,8.77,17.67,135.47,122.42,125.78,132.11
2011-04-11,0.0,18.97,77.91,1009.79,9.02,8.0,7.71,132.11,0.0,48.24,8.77,132.11,135.47,122.42,125.97
2011-04-12,0.0,20.95,66.49,1009.7,10.27,8.0,8.01,125.97,0.0,0.0,48.24,125.97,132.11,135.47,109.29
2011-04-13,8.04,21.2,69.24,1013.18,8.51,8.0,8.67,109.29,0.0,0.0,0.0,109.29,125.97,132.11,95.4
2011-04-14,0.0,17.87,76.53,1018.62,12.47,8.0,7.54,95.4,8.04,0.0,0.0,95.4,109.29,125.97,82.42
2011-04-15,0.0,17.64,68.36,1014.75,10.54,8.0,7.0,82.42,0.0,8.04,0.0,82.42,95.4,109.29,70.09
2011-04-16,0.0,18.28,73.45,1018.23,6.49,8.0,6.69,70.09,0.0,0.0,8.04,70.09,82.42,95.4,58.82
2011-04-17,0.0,13.11,71.17,1005.53,6.61,8.0,3.94,58.82,0.0,0.0,0.0,58.82,70.09,82.42,47.65
2011-04-18,0.0,14.97,74.46,1012.27,3.0,8.0,5.43,47.65,0.0,0.0,0.0,47.65,58.82,70.09,41.52
2011-04-19,64.53,22.07,57.08,1011.38,7.09,8.0,7.69,41.52,0.0,0.0,0.0,41.52,47.65,58.82,66.26
2011-04-20,0.0,22.66,61.11,1012.29,12.78,8.0,7.86,66.26,64.53,0.0,0.0,66.26,41.52,47.65,66.69
2011-04-21,33.16,17.82,78.41,1017.34,14.63,8.0,7.56,66.69,0.0,64.53,0.0,66.69,66.26,41.52,78.0
2011-04-22,0.0,19.78,81.54,1009.28,12.4,8.0,7.38,78.0,33.16,0.0,64.53,78.0,66.69,66.26,78.85
2011-04-23,0.0,19.01,68.08,1008.28,11.94,8.0,8.8,78.85,0.0,33.16,0.0,78.85,78.0,66.69,67.95
2011-04-24,0.0,25.83,72.92,1012.91,9.56,8.0,8.12,67.95,0.0,0.0,33.16,67.95,78.85,78.0,59.71
2011-04-25,0.0,20.83,76.86,1001.28,12.71,8.0,7.68,59.71,0.0,0.0,0.0,59.71,67.95,78.85,54.61
2011-04-26,0.0,17.62,79.82,1008.91,11.0,8.0,9.12,54.61,0.0,0.0,0.0,54.61,59.71,67.95,55.36
2011-04-27,14.47,15.45,60.94,1009.36,16.32,8.0,6.78,55.36,0.0,0.0,0.0,55.36,54.61,59.71,46.53
2011-04-28,15.1,13.73,69.1,1005.36,9.66,8.0,6.06,46.53,14.47,0.0,0.0,46.53,55.36,54.61,45.57
2011-04-29,0.0,18.16,73.13,1015.18,14.7,8.0,6.96,45.57,15.1,14.47,0.0,45.57,46.53,55.36,45.88
2011-04-30,0.0,15.66,80.54,1004.51,13.06,8.0,6.65,45.88,0.0,15.1,14.47,45.88,45.57,46.53,40.88
2011-05-01,0.0,13.91,93.27,1009.08,12.57,8.0,7.94,40.88,0.0,0.0,15.1,40.88,45.88,45.57,26.38
2011-05-02,0.0,15.75,74.34,1011.16,2.96,8.0,4.99,26.38,0.0,0.0,0.0,26.38,40.88,45.88,21.66
2011-05-03,0.0,14.58,66.24,1016.4,13.25,8.0,7.27,21.66,0.0,0.0,0.0,21.66,26.38,40.88,15.89
2011-05-04,0.0,21.41,79.06,1009.51,9.55,8.0,7.76,15.89,0.0,0.0,0.0,15.89,21.66,26.38,8.21
2011-05-05,0.0,19.31,85.64,1014.19,8.45,8.0,7.5,8.21,0.0,0.0,0.0,8.21,15.89,21.66,5.89
2011-05-06,0.0,17.0,77.29,1012.95,4.81,8.0,5.67,5.89,0.0,0.0,0.0,5.89,8.21,15.89,5.0
2011-05-07,0.0,20.64,70.33,1010.0,9.98,8.0,7.85,5.0,0.0,0.0,0.0,5.0,5.89,8.21,5.0
2011-05-08,0.0,17.05,83.53,1003.88,10.12,8.0,6.59,5.0,0.0,0.0,0.0,5.0,5.0,5.89,8.95
2011-05-09,0.0,14.62,81.6,1002.09,5.44,8.0,6.01,8.95,0.0,0.0,0.0,8.95,5.0,5.0,14.4
2011-05-10,0.0,20.5,69.91,1009.74,4.84,8.0,5.76,14.4,0.0,0.0,0.0,14.4,8.95,5.0,9.51
2011-05-11,36.14,17.96,79.9,1006.44,11.7,8.0,6.27,9.51,0.0,0.0,0.0,9.51,14.4,8.95,23.95
2011-05-12,58.57,13.95,84.34,1013.7,13.05,8.0,7.34,23.95,36.14,0.0,0.0,23.95,9.51,14.4,55.09
2011-05-13,0.0,15.99,85.76,1012.78,10.67,8.0,8.83,55.09,58.57,36.14,0.0,55.09,23.95,9.51,61.57
2011-05-14,0.0,14.2,77.15,1008.07,14.03,8.0,7.01,61.57,0.0,58.57,36.14,61.57,55.09,23.95,57.81
2011-05-15,0.0,12.86,75.23,1003.16,9.7,8.0,6.46,57.81,0.0,0.0,58.57,57.81,61.57,55.09,53.1
2011-05-16,0.0,18.57,86.44,1011.45,9.81,8.0,7.56,53.1,0.0,0.0,0.0,53.1,57.81,61.57,45.93
2011-05-17,0.0,20.96,69.5,1003.76,6.79,8.0,7.82,45.93,0.0,0.0,0.0,45.93,53.1,57.81,39.66
2011-05-18,0.0,12.62,81.15,1005.01,4.54,8.0,6.55,39.66,0.0,0.0,0.0,39.66,45.93,53.1,30.81
2011-05-19,0.0,17.46,68.6,1003.86,16.49,8.0,8.48,30.81,0.0,0.0,0.0,30.81,39.66,45.93,23.53
2011-05-20,34.42,14.36,85.76,1008.02,13.96,8.0,7.1,23.53,0.0,0.0,0.0,23.53,30.81,39.66,35.38
2011-05-21,0.0,14.71,76.6,1014.52,5.13,8.0,6.55,35.38,34.42,0.0,0.0,35.38,23.53,30.81,36.5
2011-05-22,50.26,14.39,87.39,1008.6,10.55,8.0,7.04,36.5,0.0,34.42,0.0,36.5,35.38,23.53,57.68
2011-05-23,0.0,13.65,82.04,1006.37,9.65,8.0,6.49,57.68,50.26,0.0,34.42,57.68,36.5,35.38,64.1
2011-05-24,69.07,15.88,70.14,1000.91,9.04,8.0,7.48,64.1,0.0,50.26,0.0,64.1,57.68,36.5,91.97
2011-05-25,0.0,13.63,88.76,1011.26,8.57,8.0,6.68,91.97,69.07,0.0,50.26,91.97,64.1,57.68,92.47
2011-05-26,0.0,16.33,89.74,1004.56,11.33,8.0,6.49,92.47,0.0,69.07,0.0,92.47,91.97,64.1,92.83
2011-05-27,0.0,15.48,85.14,1009.02,12.86,8.0,6.35,92.83,0.0,0.0,69.07,92.83,92.47,91.97,81.57
2011-05-28,0.0,14.96,73.72,1006.63,11.41,8.0,5.72,81.57,0.0,0.0,0.0,81.57,92.83,92.47,76.37
2011-05-29,18.71,13.24,76.98,1012.55,9.58,8.0,5.75,76.37,0.0,0.0,0.0,76.37,81.57,92.83,72.58
2011-05-30,0.0,14.02,80.22,1007.55,9.45,8.0,6.58,72.58,18.71,0.0,0.0,72.58,76.37,81.57,67.21
2011-05-31,0.0,17.31,74.35,1008.01,13.28,8.0,8.34,67.21,0.0,18.71,0.0,67.21,72.58,76.37,60.19
2011-06-01,11.45,16.64,91.19,1010.7,11.62,8.0,7.02,60.19,0.0,0.0,18.71,60.19,67.21,72.58,58.15
2011-06-02,0.0,12.9,80.42,1018.78,10.25,8.0,6.79,58.15,11.45,0.0,0.0,58.15,60.19,67.21,54.27
2011-06-03,0.0,15.56,60.55,1012.66,9.87,8.0,7.37,54.27,0.0,11.45,0.0,54.27,58.15,60.19,49.1
2011-06-04,0.0,17.15,81.91,1007.75,11.21,8.0,6.19,49.1,0.0,0.0,11.45,49.1,54.27,58.15,46.03
2011-06-05,0.0,11.07,77.15,1008.19,8.36,8.0,5.74,46.03,0.0,0.0,0.0,46.03,49.1,54.27,41.94
2011-06-06,0.0,16.57,79.11,1005.53,12.88,8.0,6.43,41.94,0.0,0.0,0.0,41.94,46.03,49.1,45.46
2011-06-07,0.0,13.53,77.11,1003.38,6.23,8.0,5.77,45.46,0.0,0.0,0.0,45.46,41.94,46.03,49.12
2011-06-08,0.0,16.58,85.38,1005.35,8.56,8.0,6.89,49.12,0.0,0.0,0.0,49.12,45.46,41.94,40.76
2011-06-09,0.0,13.22,87.61,1004.23,12.14,8.0,6.9,40.76,0.0,0.0,0.0,40.76,49.12,45.46,34.03
2011-06-10,0.0,10.6,81.79,1011.35,6.03,8.0,5.0,34.03,0.0,0.0,0.0,34.03,40.76,49.12,25.44
2011-06-11,0.0,11.02,77.47,1002.71,4.49,8.0,5.94,25.44,0.0,0.0,0.0,25.44,34.03,40.76,28.04
2011-06-12,0.0,15.19,79.59,1014.72,10.22,8.0,7.02,28.04,0.0,0.0,0.0,28.04,25.44,34.03,23.13
2011-06-13,6.91,15.7,80.04,1011.8,4.06,8.0,6.28,23.13,0.0,0.0,0.0,23.13,28.04,25.44,24.14
2011-06-14,0.0,12.78,74.31,1008.13,5.45,8.0,5.98,24.14,6.91,0.0,0.0,24.14,23.13,28.04,18.4
2011-06-15,0.0,16.63,84.0,1008.02,12.65,8.0,6.7,18.4,0.0,6.91,0.0,18.4,24.14,23.13,17.44
2011-06-16,28.56,10.87,83.19,1005.23,9.28,8.0,5.2,17.44,0.0,0.0,6.91,17.44,18.4,24.14,21.16
2011-06-17,4.96,14.85,90.76,1009.36,14.5,8.0,7.67,21.16,28.56,0.0,0.0,21.16,17.44,18.4,30.6
2011-06-18,0.0,11.98,88.78,1013.44,5.78,8.0,6.08,30.6,4.96,28.56,0.0,30.6,21.16,17.44,37.76
2011-06-19,4.09,13.37,75.2,1004.49,9.67,8.0,6.61,37.76,0.0,4.96,28.56,37.76,30.6,21.16,37.99
2011-06-20,0.0,15.12,85.74,1000.33,11.4,8.0,8.63,37.99,4.09,0.0,4.96,37.99,37.76,30.6,30.92
2011-06-21,16.77,12.85,73.34,1011.52,5.9,8.0,5.57,30.92,0.0,4.09,0.0,30.92,37.99,37.76,36.69
2011-06-22,10.64,14.04,84.87,1009.62,13.61,8.0,7.44,36.69,16.77,0.0,4.09,36.69,30.92,37.99,40.79
2011-06-23,0.0,17.52,76.37,1002.4,11.79,8.0,7.4,40.79,10.64,16.77,0.0,40.79,36.69,30.92,44.9
2011-06-24,10.05,13.57,72.81,1004.34,4.37,8.0,5.76,44.9,0.0,10.64,16.77,44.9,40.79,36.69,47.97
2011-06-25,0.0,17.11,81.92,1003.72,9.87,8.0,6.1,47.97,10.05,0.0,10.64,47.97,44.9,40.79,40.46
2011-06-26,0.0,12.21,61.22,1004.4,11.35,8.0,6.52,40.46,0.0,10.05,0.0,40.46,47.97,44.9,40.88
2011-06-27,0.0,16.37,67.66,1006.41,7.93,8.0,7.42,40.88,0.0,0.0,10.05,40.88,40.46,47.97,35.69
2011-06-28,0.0,18.67,78.65,1006.71,4.82,8.0,6.85,35.69,0.0,0.0,0.0,35.69,40.88,40.46,36.02
2011-06-29,27.5,8.9,80.44,1004.8,10.97,8.0,6.9,36.02,0.0,0.0,0.0,36.02,35.69,40.88,37.77
2011-06-30,17.43,13.1,77.25,1004.28,17.74,8.0,7.23,37.77,27.5,0.0,0.0,37.77,36.02,35.69,47.9
2011-07-01,25.06,16.56,68.74,1006.94,8.65,8.0,7.52,47.9,17.43,27.5,0.0,47.9,37.77,36.02,58.43
2011-07-02,18.2,14.63,74.03,1008.94,15.49,8.0,6.69,58.43,25.06,17.43,27.5,58.43,47.9,37.77,66.5
2011-07-03,0.0,16.09,82.45,1006.54,7.37,8.0,6.31,66.5,18.2,25.06,17.43,66.5,58.43,47.9,62.8
2011-07-04,0.0,13.68,83.74,1013.93,10.75,8.0,5.88,62.8,0.0,18.2,25.06,62.8,66.5,58.43,59.2
2011-07-05,0.0,15.44,79.51,1010.7,12.7,8.0,8.62,59.2,0.0,0.0,18.2,59.2,62.8,66.5,48.82
2011-07-06,20.48,14.86,87.66,1000.23,9.97,8.0,6.82,48.82,0.0,0.0,0.0,48.82,59.2,62.8,46.08
2011-07-07,0.0,18.21,82.29,1010.82,8.96,8.0,7.69,46.08,20.48,0.0,0.0,46.08,48.82,59.2,42.03
2011-07-08,9.74,15.96,74.22,1011.26,12.54,8.0,7.59,42.03,0.0,20.48,0.0,42.03,46.08,48.82,40.94
2011-07-09,26.9,16.2,77.42,1006.08,16.62,8.0,8.31,40.94,9.74,0.0,20.48,40.94,42.03,46.08,48.17
2011-07-10,0.0,14.37,69.5,1000.81,11.05,8.0,6.06,48.17,26.9,9.74,0.0,48.17,40.94,42.03,51.43
2011-07-11,0.0,14.22,78.49,1008.35,8.19,8.0,6.35,51.43,0.0,26.9,9.74,51.43,48.17,40.94,45.22
2011-07-12,0.0,14.4,86.96,1008.31,9.34,8.0,5.68,45.22,0.0,0.0,26.9,45.22,51.43,48.17,42.56
2011-07-13,0.0,16.51,83.89,1002.77,18.82,8.0,7.85,42.56,0.0,0.0,0.0,42.56,45.22,51.43,39.48
2011-07-14,0.0,14.52,88.83,1001.15,10.47,8.0,6.74,39.48,0.0,0.0,0.0,39.48,42.56,45.22,38.27
2011-07-15,0.0,16.35,76.81,1008.01,7.92,8.0,5.85,38.27,0.0,0.0,0.0,38.27,39.48,42.56,32.39
2011-07-16,153.26,20.86,88.27,1007.31,5.99,8.0,5.71,32.39,0.0,0.0,0.0,32.39,38.27,39.48,98.33
2011-07-17,3.21,17.9,77.4,1006.43,3.61,8.0,5.14,98.33,153.26,0.0,0.0,98.33,32.39,38.27,117.49
2011-07-18,0.0,14.96,88.97,1008.14,11.27,8.0,7.38,117.49,3.21,153.26,0.0,117.49,98.33,32.39,125.56
2011-07-19,2.04,18.84,78.42,1003.08,12.29,8.0,7.26,125.56,0.0,3.21,153.26,125.56,117.49,98.33,117.59
2011-07-20,8.0,14.87,83.42,1006.46,8.61,8.0,5.46,117.59,2.04,0.0,3.21,117.59,125.56,117.49,111.47
2011-07-21,25.18,10.86,88.69,1011.35,9.95,8.0,6.18,111.47,8.0,2.04,0.0,111.47,117.59,125.56,110.11
2011-07-22,6.86,13.49,76.91,1006.97,5.9,8.0,6.54,110.11,25.18,8.0,2.04,110.11,111.47,117.59,101.89
2011-07-23,0.0,11.4,79.68,1000.41,10.47,8.0,6.31,101.89,6.86,25.18,8.0,101.89,110.11,111.47,90.71
2011-07-24,13.22,15.26,87.06,1006.45,11.69,8.0,5.83,90.71,0.0,6.86,25.18,90.71,101.89,110.11,82.73
2011-07-25,0.0,16.26,77.0,1003.51,8.13,8.0,6.45,82.73,13.22,0.0,6.86,82.73,90.71,101.89,73.05
2011-07-26,35.11,20.47,68.56,1010.25,15.92,8.0,7.62,73.05,0.0,13.22,0.0,73.05,82.73,90.71,80.49
2011-07-27,0.0,17.17,92.69,1010.56,7.07,8.0,6.65,80.49,35.11,0.0,13.22,80.49,73.05,82.73,80.11
2011-07-28,0.0,15.87,74.28,1000.72,10.99,8.0,6.69,80.11,0.0,35.11,0.0,80.11,80.49,73.05,77.44
2011-07-29,0.0,18.57,78.55,1012.86,12.97,8.0,7.73,77.44,0.0,0.0,35.11,77.44,80.11,80.49,71.51
2011-07-30,0.0,11.04,85.4,1003.56,9.73,8.0,4.82,71.51,0.0,0.0,0.0,71.51,77.44,80.11,66.09
2011-07-31,5.45,17.23,72.92,1016.97,9.34,8.0,6.95,66.09,0.0,0.0,0.0,66.09,71.51,77.44,60.01
2011-08-01,0.0,18.65,69.99,1008.99,5.0,8.0,6.19,60.01,5.45,0.0,0.0,60.01,66.09,71.51,56.18
2011-08-02,0.0,13.11,78.68,1003.06,14.75,8.0,6.5,56.18,0.0,5.45,0.0,56.18,60.01,66.09,49.16
2011-08-03,0.0,19.74,64.22,1003.64,9.41,8.0,7.26,49.16,0.0,0.0,5.45,49.16,56.18,60.01,44.33
2011-08-04,10.71,17.81,74.61,1011.15,11.88,8.0,7.07,44.33,0.0,0.0,0.0,44.33,49.16,56.18,42.71
2011-08-05,12.99,16.01,78.2,1007.51,12.35,8.0,7.12,42.71,10.71,0.0,0.0,42.71,44.33,49.16,45.11
2011-08-06,12.59,18.72,74.44,1009.04,7.8,8.0,6.02,45.11,12.99,10.71,0.0,45.11,42.71,44.33,47.66
2011-08-07,6.9,22.9,65.38,1017.65,9.31,8.0,7.66,47.66,12.59,12.99,10.71,47.66,45.11,42.71,42.68
2011-08-08,56.54,17.77,87.19,1006.16,14.67,8.0,6.19,42.68,6.9,12.59,12.99,42.68,47.66,45.11,63.25
2011-08-09,15.94,18.03,76.6,1010.02,6.09,8.0,6.3,63.25,56.54,6.9,12.59,63.25,42.68,47.66,76.6
2011-08-10,0.0,16.35,85.74,1016.88,17.45,8.0,7.9,76.6,15.94,56.54,6.9,76.6,63.25,42.68,80.7
2011-08-11,0.0,15.46,73.74,1011.2,7.39,8.0,7.72,80.7,0.0,15.94,56.54,80.7,76.6,63.25,74.65
2011-08-12,7.26,19.76,69.24,1001.88,5.87,8.0,6.43,74.65,0.0,0.0,15.94,74.65,80.7,76.6,65.39
2011-08-13,0.0,15.64,77.12,1012.51,10.46,8.0,8.11,65.39,7.26,0.0,0.0,65.39,74.65,80.7,57.24
2011-08-14,0.0,18.05,73.56,1004.24,17.73,8.0,9.12,57.24,0.0,7.26,0.0,57.24,65.39,74.65,45.62
2011-08-15,0.0,16.78,66.66,1017.16,3.31,8.0,5.84,45.62,0.0,0.0,7.26,45.62,57.24,65.39,42.52
2011-08-16,0.0,19.27,85.02,1006.08,9.51,8.0,7.06,42.52,0.0,0.0,0.0,42.52,45.62,57.24,34.3
2011-08-17,0.0,19.01,70.2,1025.11,11.67,8.0,6.56,34.3,0.0,0.0,0.0,34.3,42.52,45.62,31.49
2011-08-18,0.0,20.87,61.5,1017.68,10.12,8.0,6.96,31.49,0.0,0.0,0.0,31.49,34.3,42.52,29.28
2011-08-19,0.0,17.1,83.51,1006.43,11.34,8.0,7.28,29.28,0.0,0.0,0.0,29.28,31.49,34.3,22.65
2011-08-20,0.0,17.81,70.5,1010.59,7.49,8.0,6.4,22.65,0.0,0.0,0.0,22.65,29.28,31.49,20.89
2011-08-21,0.0,16.14,69.6,1014.33,7.9,8.0,7.25,20.89,0.0,0.0,0.0,20.89,22.65,29.28,24.72
2011-08-22,0.0,17.58,61.32,1014.55,9.48,8.0,7.51,24.72,0.0,0.0,0.0,24.72,20.89,22.65,20.52
2011-08-23,11.38,19.74,85.68,1012.92,6.05,8.0,6.82,20.52,0.0,0.0,0.0,20.52,24.72,20.89,26.64
2011-08-24,0.0,20.8,64.28,1017.05,9.84,8.0,7.92,26.64,11.38,0.0,0.0,26.64,20.52,24.72,26.65
2011-08-25,0.0,16.71,73.53,1010.25,8.64,8.0,7.04,26.65,0.0,11.38,0.0,26.65,26.64,20.52,25.89
2011-08-26,0.0,21.3,79.32,1009.11,8.35,8.0,7.19,25.89,0.0,0.0,11.38,25.89,26.65,26.64,22.46
2011-08-27,32.46,22.62,75.7,1009.29,11.12,8.0,7.16,22.46,0.0,0.0,0.0,22.46,25.89,26.65,36.66
2011-08-28,0.0,20.38,72.14,1015.39,3.63,8.0,7.87,36.66,32.46,0.0,0.0,36.66,22.46,25.89,38.2
2011-08-29,27.63,24.15,60.45,1013.01,9.2,8.0,8.23,38.2,0.0,32.46,0.0,38.2,36.66,22.46,51.22
2011-08-30,0.0,17.63,66.5,1012.72,18.11,8.0,8.59,51.22,27.63,0.0,32.46,51.22,38.2,36.66,53.87
2011-08-31,5.84,16.57,73.29,1015.32,6.2,8.0,5.74,53.87,0.0,27.63,0.0,53.87,51.22,38.2,56.73
2011-09-01,0.0,15.35,66.27,1001.17,14.5,8.0,9.44,56.73,5.84,0.0,27.63,56.73,53.87,51.22,53.06
2011-09-02,23.3,23.65,73.01,1013.06,10.19,8.0,7.18,53.06,0.0,5.84,0.0,53.06,56.73,53.87,59.84
2011-09-03,50.04,21.66,76.16,1012.68,7.89,8.0,7.21,59.84,23.3,0.0,5.84,59.84,53.06,56.73,78.44
2011-09-04,37.94,20.0,77.92,1020.02,5.38,8.0,6.67,78.44,50.04,23.3,0.0,78.44,59.84,53.06,96.28
2011-09-05,0.0,20.96,62.4,1004.11,10.49,8.0,6.48,96.28,37.94,50.04,23.3,96.28,78.44,59.84,99.47
2011-09-06,0.0,17.56,86.16,1019.62,15.09,8.0,8.11,99.47,0.0,37.94,50.04,99.47,96.28,78.44,93.28
2011-09-07,12.52,26.61,75.96,1012.3,8.64,8.0,8.11,93.28,0.0,0.0,37.94,93.28,99.47,96.28,88.35
2011-09-08,0.0,20.93,70.37,1014.45,9.72,8.0,6.55,88.35,12.52,0.0,0.0,88.35,93.28,99.47,84.15
2011-09-09,37.09,21.0,77.81,1020.47,13.54,8.0,8.53,84.15,0.0,12.52,0.0,84.15,88.35,93.28,91.26
2011-09-10,0.0,22.66,86.54,1014.98,11.19,8.0,6.96,91.26,37.09,0.0,12.52,91.26,84.15,88.35,82.99
2011-09-11,22.18,22.17,59.7,1014.26,4.5,8.0,6.55,82.99,0.0,37.09,0.0,82.99,91.26,84.15,79.68
2011-09-12,0.0,21.64,67.99,1013.56,10.35,8.0,6.97,79.68,22.18,0.0,37.09,79.68,82.99,91.26,75.21
2011-09-13,0.0,19.23,52.72,1010.01,15.29,8.0,8.63,75.21,0.0,22.18,0.0,75.21,79.68,82.99,72.44
2011-09-14,0.0,22.5,70.51,1012.37,9.87,8.0,8.0,72.44,0.0,0.0,22.18,72.44,75.21,79.68,63.02
2011-09-15,0.0,26.15,71.51,1009.03,0.5,8.0,5.69,63.02,0.0,0.0,0.0,63.02,72.44,75.21,61.91
2011-09-16,0.0,24.93,68.47,1012.47,11.36,8.0,7.62,61.91,0.0,0.0,0.0,61.91,63.02,72.44,55.06
2011-09-17,23.27,25.67,63.96,1001.09,9.31,8.0,7.43,55.06,0.0,0.0,0.0,55.06,61.91,63.02,66.58
2011-09-18,0.0,20.53,53.99,1015.01,3.6,8.0,7.04,66.58,23.27,0.0,0.0,66.58,55.06,61.91,62.94
2011-09-19,0.0,19.45,70.74,1012.34,4.12,8.0,5.83,62.94,0.0,23.27,0.0,62.94,66.58,55.06,63.72
2011-09-20,0.0,21.73,78.11,1011.35,13.41,8.0,7.91,63.72,0.0,0.0,23.27,63.72,62.94,66.58,54.64
2011-09-21,0.0,22.3,63.58,1014.22,7.44,8.0,7.06,54.64,0.0,0.0,0.0,54.64,63.72,62.94,51.84
2011-09-22,0.0,25.02,70.59,1006.04,6.82,8.0,7.16,51.84,0.0,0.0,0.0,51.84,54.64,63.72,47.72
2011-09-23,0.0,18.18,56.33,1022.94,9.88,8.0,8.58,47.72,0.0,0.0,0.0,47.72,51.84,54.64,43.25
2011-09-24,0.0,26.35,70.3,1012.86,7.75,8.0,7.17,43.25,0.0,0.0,0.0,43.25,47.72,51.84,39.16
2011-09-25,0.0,22.25,64.14,1012.73,10.35,8.0,7.5,39.16,0.0,0.0,0.0,39.16,43.25,47.72,39.47
2011-09-26,0.0,21.7,61.35,1008.72,9.29,8.0,7.76,39.47,0.0,0.0,0.0,39.47,39.16,43.25,34.17
2011-09-27,0.0,20.36,61.16,1013.75,5.8,8.0,6.46,34.17,0.0,0.0,0.0,34.17,39.47,39.16,30.52
2011-09-28,0.0,18.87,63.52,1020.65,8.21,8.0,6.52,30.52,0.0,0.0,0.0,30.52,34.17,39.47,36.48
2011-09-29,0.0,25.18,68.75,1018.98,11.55,8.0,8.43,36.48,0.0,0.0,0.0,36.48,30.52,34.17,34.05
2011-09-30,0.0,23.43,56.68,1018.16,10.15,8.0,8.44,34.05,0.0,0.0,0.0,34.05,36.48,30.52,34.34
2011-10-01,0.0,20.14,62.89,1016.7,9.71,8.0,8.4,34.34,0.0,0.0,0.0,34.34,34.05,36.48,29.43
2011-10-02,72.75,20.24,65.17,1012.26,16.78,8.0,8.26,29.43,0.0,0.0,0.0,29.43,34.34,34.05,54.65
2011-10-03,0.0,22.76,57.57,1006.89,12.56,8.0,7.48,54.65,72.75,0.0,0.0,54.65,29.43,34.34,65.4
2011-10-04,0.0,27.89,77.64,1013.22,12.98,8.0,8.0,65.4,0.0,72.75,0.0,65.4,54.65,29.43,66.83
2011-10-05,12.89,23.18,58.89,1013.13,9.42,8.0,8.79,66.83,0.0,0.0,72.75,66.83,65.4,54.65,63.59
2011-10-06,0.0,20.19,59.98,1019.63,10.77,8.0,7.8,63.59,12.89,0.0,0.0,63.59,66.83,65.4,52.7
2011-10-07,9.97,23.45,57.62,1016.02,8.49,8.0,6.91,52.7,0.0,12.89,0.0,52.7,63.59,66.83,45.91
2011-10-08,14.94,23.49,76.86,1022.62,12.72,8.0,7.56,45.91,9.97,0.0,12.89,45.91,52.7,63.59,41.94
2011-10-09,0.0,17.55,67.94,1020.62,9.61,8.0,6.14,41.94,14.94,9.97,0.0,41.94,45.91,52.7,42.34
2011-10-10,0.0,24.27,57.32,1012.43,10.78,8.0,7.94,42.34,0.0,14.94,9.97,42.34,41.94,45.91,35.35
2011-10-11,16.93,23.94,71.43,1005.82,10.56,8.0,8.25,35.35,0.0,0.0,14.94,35.35,42.34,41.94,32.17
2011-10-12,0.0,26.37,64.9,1021.81,9.94,8.0,9.3,32.17,16.93,0.0,0.0,32.17,35.35,42.34,28.53
2011-10-13,0.0,29.36,65.1,1021.75,20.28,8.0,10.81,28.53,0.0,16.93,0.0,28.53,32.17,35.35,20.04
2011-10-14,0.0,27.67,60.7,1008.2,7.67,8.0,7.92,20.04,0.0,0.0,16.93,20.04,28.53,32.17,15.25
2011-10-15,21.53,24.29,57.68,1022.66,7.64,8.0,6.97,15.25,0.0,0.0,0.0,15.25,20.04,28.53,20.16
2011-10-16,0.0,22.3,65.1,1017.1,12.43,8.0,8.36,20.16,21.53,0.0,0.0,20.16,15.25,20.04,23.82
2011-10-17,0.0,31.61,58.74,1016.07,7.92,8.0,6.95,23.82,0.0,21.53,0.0,23.82,20.16,15.25,23.46
2011-10-18,0.0,25.43,75.09,1023.42,8.98,8.0,7.14,23.46,0.0,0.0,21.53,23.46,23.82,20.16,18.92
2011-10-19,1.74,25.42,53.31,1022.14,6.2,8.0,7.97,18.92,0.0,0.0,0.0,18.92,23.46,23.82,19.65
2011-10-20,0.0,25.43,72.76,1018.75,11.72,8.0,8.89,19.65,1.74,0.0,0.0,19.65,18.92,23.46,13.25
2011-10-21,0.0,26.09,61.05,1017.94,11.76,8.0,9.38,13.25,0.0,1.74,0.0,13.25,19.65,18.92,10.09
2011-10-22,0.0,25.34,63.75,1018.72,8.9,8.0,7.71,10.09,0.0,0.0,1.74,10.09,13.25,19.65,6.09
2011-10-23,0.0,24.37,67.31,1013.72,12.5,8.0,9.26,6.09,0.0,0.0,0.0,6.09,10.09,13.25,5.16
2011-10-24,0.0,24.54,56.9,1015.51,3.5,8.0,6.63,5.16,0.0,0.0,0.0,5.16,6.09,10.09,5.0
2011-10-25,0.0,25.92,67.19,1011.35,7.53,8.0,7.27,5.0,0.0,0.0,0.0,5.0,5.16,6.09,12.3
2011-10-26,0.0,24.74,42.02,1014.26,9.41,8.0,8.17,12.3,0.0,0.0,0.0,12.3,5.0,5.16,12.06
2011-10-27,72.99,24.41,55.77,1014.16,5.9,8.0,8.21,12.06,0.0,0.0,0.0,12.06,12.3,5.0,42.62
2011-10-28,0.0,26.56,54.17,1012.89,3.88,8.0,7.98,42.62,72.99,0.0,0.0,42.62,12.06,12.3,44.84
2011-10-29,0.0,25.75,51.7,1016.82,8.92,8.0,8.74,44.84,0.0,72.99,0.0,44.84,42.62,12.06,48.91
2011-10-30,0.0,30.24,58.81,1014.58,12.43,8.0,9.32,48.91,0.0,0.0,72.99,48.91,44.84,42.62,41.74
2011-10-31,0.0,19.94,62.86,1018.78,14.49,8.0,8.82,41.74,0.0,0.0,0.0,41.74,48.91,44.84,40.64
2011-11-01,0.0,29.39,64.93,1008.22,8.08,8.0,8.14,40.64,0.0,0.0,0.0,40.64,41.74,48.91,34.31
2011-11-02,27.65,29.87,61.54,1015.83,12.57,8.0,9.12,34.31,0.0,0.0,0.0,34.31,40.64,41.74,40.09
2011-11-03,0.0,21.66,55.04,1017.11,12.23,8.0,10.17,40.09,27.65,0.0,0.0,40.09,34.31,40.64,40.61
2011-11-04,0.0,26.07,62.14,1014.97,14.27,8.0,9.4,40.61,0.0,27.65,0.0,40.61,40.09,34.31,43.8
2011-11-05,54.23,26.08,60.28,1015.72,8.77,8.0,7.9,43.8,0.0,0.0,27.65,43.8,40.61,40.09,55.7
2011-11-06,0.0,23.58,65.82,1008.71,3.71,8.0,7.46,55.7,54.23,0.0,0.0,55.7,43.8,40.61,53.77
2011-11-07,0.0,25.23,64.57,1018.48,10.25,8.0,7.15,53.77,0.0,54.23,0.0,53.77,55.7,43.8,45.94
2011-11-08,0.0,24.48,59.2,1019.99,6.45,8.0,7.11,45.94,0.0,0.0,54.23,45.94,53.77,55.7,44.21
2011-11-09,0.0,31.72,52.57,1019.28,7.47,8.0,8.18,44.21,0.0,0.0,0.0,44.21,45.94,53.77,41.61
2011-11-10,0.0,29.75,54.15,1022.06,8.95,8.0,7.77,41.61,0.0,0.0,0.0,41.61,44.21,45.94,31.91
2011-11-11,0.0,30.67,54.74,1017.93,8.81,8.0,9.84,31.91,0.0,0.0,0.0,31.91,41.61,44.21,22.54
2011-11-12,50.73,29.37,56.26,1019.37,10.5,8.0,8.9,22.54,0.0,0.0,0.0,22.54,31.91,41.61,44.06
2011-11-13,0.0,24.81,60.22,1017.8,12.46,8.0,8.77,44.06,50.73,0.0,0.0,44.06,22.54,31.91,43.86
2011-11-14,4.48,26.39,63.23,1020.51,8.71,8.0,7.81,43.86,0.0,50.73,0.0,43.86,44.06,22.54,45.42
2011-11-15,0.0,29.0,57.74,1009.24,11.38,8.0,7.69,45.42,4.48,0.0,50.73,45.42,43.86,44.06,38.54
2011-11-16,0.0,24.79,58.1,1012.7,10.05,8.0,7.89,38.54,0.0,4.48,0.0,38.54,45.42,43.86,45.84
2011-11-17,0.0,29.69,58.88,1025.15,13.27,8.0,8.62,45.84,0.0,0.0,4.48,45.84,38.54,45.42,39.29
2011-11-18,0.0,27.37,54.15,1004.96,9.34,8.0,7.33,39.29,0.0,0.0,0.0,39.29,45.84,38.54,38.8
2011-11-19,0.0,27.09,51.18,1016.61,9.72,8.0,8.79,38.8,0.0,0.0,0.0,38.8,39.29,45.84,35.54
2011-11-20,0.0,29.87,45.27,1023.21,8.69,8.0,8.15,35.54,0.0,0.0,0.0,35.54,38.8,39.29,29.14
2011-11-21,0.0,29.26,52.59,1016.93,9.43,8.0,6.95,29.14,0.0,0.0,0.0,29.14,35.54,38.8,23.19
2011-11-22,0.0,27.3,60.67,1015.41,7.26,8.0,7.79,23.19,0.0,0.0,0.0,23.19,29.14,35.54,20.45
2011-11-23,4.96,31.16,52.35,1018.12,6.91,8.0,8.22,20.45,0.0,0.0,0.0,20.45,23.19,29.14,19.77
2011-11-24,0.0,25.61,55.51,1015.74,12.72,8.0,9.05,19.77,4.96,0.0,0.0,19.77,20.45,23.19,16.56
2011-11-25,3.7,29.91,60.35,1017.7,6.21,8.0,8.02,16.56,0.0,4.96,0.0,16.56,19.77,20.45,18.18
2011-11-26,0.0,29.9,60.65,1014.17,8.88,8.0,7.83,18.18,3.7,0.0,4.96,18.18,16.56,19.77,16.38
2011-11-27,0.0,27.69,49.37,1023.16,13.55,8.0,9.23,16.38,0.0,3.7,0.0,16.38,18.18,16.56,12.14
2011-11-28,0.0,29.32,63.82,1024.76,8.77,8.0,7.7,12.14,0.0,0.0,3.7,12.14,16.38,18.18,8.99
2011-11-29,37.11,25.42,64.66,1017.01,12.9,8.0,8.97,8.99,0.0,0.0,0.0,8.99,12.14,16.38,25.23
2011-11-30,0.0,30.9,48.79,1010.78,7.93,8.0,9.27,25.23,37.11,0.0,0.0,25.23,8.99,12.14,25.33
2011-12-01,0.0,28.17,50.86,1015.12,6.32,8.0,5.81,25.33,0.0,37.11,0.0,25.33,25.23,8.99,22.72
2011-12-02,0.0,27.36,64.9,1016.84,4.42,8.0,6.75,22.72,0.0,0.0,37.11,22.72,25.33,25.23,15.28
2011-12-03,0.0,31.33,55.48,1020.32,14.59,8.0,9.73,15.28,0.0,0.0,0.0,15.28,22.72,25.33,11.55
2011-12-04,0.0,26.98,40.91,1012.77,6.02,8.0,7.74,11.55,0.0,0.0,0.0,11.55,15.28,22.72,9.09
2011-12-05,0.0,25.25,46.6,1013.99,12.62,8.0,9.47,9.09,0.0,0.0,0.0,9.09,11.55,15.28,5.0
2011-12-06,0.0,24.91,54.6,1020.41,6.5,8.0,8.44,5.0,0.0,0.0,0.0,5.0,9.09,11.55,5.0
2011-12-07,0.0,30.34,48.15,1022.57,14.61,8.0,10.03,5.0,0.0,0.0,0.0,5.0,5.0,9.09,5.0
2011-12-08,0.0,25.65,53.36,1014.79,17.72,8.0,7.86,5.0,0.0,0.0,0.0,5.0,5.0,5.0,7.59
2011-12-09,0.0,33.26,56.44,1011.25,4.1,8.0,7.86,7.59,0.0,0.0,0.0,7.59,5.0,5.0,8.99
2011-12-10,0.0,23.69,66.41,1034.35,6.2,8.0,7.72,8.99,0.0,0.0,0.0,8.99,7.59,5.0,5.0
2011-12-11,0.0,33.16,54.11,1021.86,12.71,8.0,9.26,5.0,0.0,0.0,0.0,5.0,8.99,7.59,5.0
2011-12-12,0.0,29.46,63.62,1016.62,11.8,8.0,8.59,5.0,0.0,0.0,0.0,5.0,5.0,8.99,5.0
2011-12-13,0.0,28.71,66.09,1022.31,12.72,8.0,9.73,5.0,0.0,0.0,0.0,5.0,5.0,5.0,6.02
2011-12-14,16.85,27.6,66.1,1017.35,7.99,8.0,8.19,6.02,0.0,0.0,0.0,6.02,5.0,5.0,14.03
2011-12-15,0.0,29.97,58.04,1022.32,16.96,8.0,9.35,14.03,16.85,0.0,0.0,14.03,6.02,5.0,11.71
2011-12-16,0.0,28.89,42.28,1018.79,10.41,8.0,7.58,11.71,0.0,16.85,0.0,11.71,14.03,6.02,13.12
2011-12-17,0.0,31.75,59.24,1018.45,5.74,8.0,9.43,13.12,0.0,0.0,16.85,13.12,11.71,14.03,7.25
2011-12-18,0.0,29.28,63.35,1017.43,9.11,8.0,8.51,7.25,0.0,0.0,0.0,7.25,13.12,11.71,5.48
2011-12-19,0.0,29.37,55.43,1010.76,5.79,8.0,7.45,5.48,0.0,0.0,0.0,5.48,7.25,13.12,5.0
2011-12-20,0.0,28.09,68.21,1027.69,15.57,8.0,9.83,5.0,0.0,0.0,0.0,5.0,5.48,7.25,5.0
2011-12-21,0.0,28.86,62.02,1013.29,7.69,8.0,6.73,5.0,0.0,0.0,0.0,5.0,5.0,5.48,6.61
2011-12-22,0.0,29.77,59.99,1011.2,11.72,8.0,10.13,6.61,0.0,0.0,0.0,6.61,5.0,5.0,5.0
2011-12-23,0.0,24.71,63.62,1016.93,8.35,8.0,8.14,5.0,0.0,0.0,0.0,5.0,6.61,5.0,6.15
2011-12-24,0.0,25.61,58.36,1013.18,7.85,8.0,9.46,6.15,0.0,0.0,0.0,6.15,5.0,6.61,5.0
2011-12-25,0.0,30.83,38.6,1017.72,3.31,8.0,8.2,5.0,0.0,0.0,0.0,5.0,6.15,5.0,5.0
2011-12-26,0.0,29.39,52.57,1021.41,12.09,8.0,8.97,5.0,0.0,0.0,0.0,5.0,5.0,6.15,5.0
2011-12-27,10.37,28.49,64.47,1022.94,14.55,8.0,8.51,5.0,0.0,0.0,0.0,5.0,5.0,5.0,5.0
2011-12-28,0.0,28.98,50.46,1022.03,6.79,8.0,7.6,5.0,10.37,0.0,0.0,5.0,5.0,5.0,8.37
2011-12-29,0.0,29.78,54.58,1016.41,4.59,8.0,6.7,8.37,0.0,10.37,0.0,8.37,5.0,5.0,10.04
2011-12-30,0.0,27.55,48.87,1018.17,12.81,8.0,10.29,10.04,0.0,0.0,10.37,10.04,8.37,5.0,7.81
2011-12-31,0.0,26.93,68.7,1019.95,4.24,8.0,7.36,7.81,0.0,0.0,0.0,7.81,10.04,8.37,5.0
2012-01-01,0.0,29.33,68.04,1009.1,14.27,8.0,9.72,5.0,0.0,0.0,0.0,5.0,7.81,10.04,10.34
2012-01-02,0.0,26.37,50.13,1020.72,6.83,8.0,8.5,10.34,0.0,0.0,0.0,10.34,5.0,7.81,5.0
2012-01-03,0.0,29.81,57.39,1010.56,6.14,8.0,7.73,5.0,0.0,0.0,0.0,5.0,10.34,5.0,5.17
2012-01-04,0.0,24.5,51.65,1028.03,10.87,8.0,7.43,5.17,0.0,0.0,0.0,5.17,5.0,10.34,5.0
2012-01-05,0.0,31.3,60.77,1015.78,6.37,8.0,7.52,5.0,0.0,0.0,0.0,5.0,5.17,5.0,5.18
2012-01-06,0.0,29.87,60.1,1016.86,7.53,8.0,6.88,5.18,0.0,0.0,0.0,5.18,5.0,5.17,8.69
2012-01-07,0.0,29.3,62.27,1013.91,11.24,8.0,7.7,8.69,0.0,0.0,0.0,8.69,5.18,5.0,7.87
2012-01-08,0.0,31.07,58.98,1014.58,1.5,8.0,7.78,7.87,0.0,0.0,0.0,7.87,8.69,5.18,8.81
2012-01-09,14.09,32.74,77.27,1029.07,15.75,8.0,10.4,8.81,0.0,0.0,0.0,8.81,7.87,8.69,23.66
2012-01-10,0.0,31.07,49.6,1022.37,10.15,8.0,8.7,23.66,14.09,0.0,0.0,23.66,8.81,7.87,26.58
2012-01-11,0.0,23.89,44.9,1009.89,5.47,8.0,7.96,26.58,0.0,14.09,0.0,26.58,23.66,8.81,19.38
2012-01-12,14.48,25.25,54.2,1025.12,6.44,8.0,8.23,19.38,0.0,0.0,14.09,19.38,26.58,23.66,13.48
2012-01-13,0.0,26.83,46.06,1023.54,13.47,8.0,8.49,13.48,14.48,0.0,0.0,13.48,19.38,26.58,16.44
2012-01-14,23.18,28.41,46.67,1016.13,12.1,8.0,9.58,16.44,0.0,14.48,0.0,16.44,13.48,19.38,23.97
2012-01-15,0.0,29.59,50.2,1019.03,14.85,8.0,9.1,23.97,23.18,0.0,14.48,23.97,16.44,13.48,28.07
2012-01-16,0.0,26.43,50.84,1017.38,7.61,8.0,7.45,28.07,0.0,23.18,0.0,28.07,23.97,16.44,18.42
2012-01-17,0.0,28.65,50.71,1027.28,11.04,8.0,8.62,18.42,0.0,0.0,23.18,18.42,28.07,23.97,19.92
2012-01-18,6.98,26.24,61.12,1013.4,11.49,8.0,7.18,19.92,0.0,0.0,0.0,19.92,18.42,28.07,19.98
2012-01-19,0.0,26.54,54.05,1018.07,12.43,8.0,8.48,19.98,6.98,0.0,0.0,19.98,19.92,18.42,26.14
2012-01-20,15.4,24.49,56.44,1015.15,13.95,8.0,6.66,26.14,0.0,6.98,0.0,26.14,19.98,19.92,30.3
2012-01-21,0.0,25.64,64.07,1010.08,7.49,8.0,8.16,30.3,15.4,0.0,6.98,30.3,26.14,19.98,31.55
2012-01-22,0.0,24.5,52.55,1028.16,9.6,8.0,6.84,31.55,0.0,15.4,0.0,31.55,30.3,26.14,28.29
2012-01-23,0.0,25.38,56.18,1011.25,7.86,8.0,7.68,28.29,0.0,0.0,15.4,28.29,31.55,30.3,23.27
2012-01-24,2.99,30.38,60.71,1018.21,9.82,8.0,9.7,23.27,0.0,0.0,0.0,23.27,28.29,31.55,22.22
2012-01-25,7.11,25.3,44.68,1008.35,12.44,8.0,8.48,22.22,2.99,0.0,0.0,22.22,23.27,28.29,22.03
2012-01-26,20.14,34.19,41.69,1015.01,4.21,8.0,6.67,22.03,7.11,2.99,0.0,22.03,22.22,23.27,26.63
2012-01-27,0.0,28.77,60.94,1019.06,13.88,8.0,9.05,26.63,20.14,7.11,2.99,26.63,22.03,22.22,29.24
2012-01-28,0.0,27.92,62.09,1012.78,6.01,8.0,7.46,29.24,0.0,20.14,7.11,29.24,26.63,22.03,25.84
2012-01-29,0.0,25.24,73.22,1019.78,8.92,8.0,8.49,25.84,0.0,0.0,20.14,25.84,29.24,26.63,24.12
2012-01-30,0.0,29.06,60.01,1015.44,14.35,8.0,8.96,24.12,0.0,0.0,0.0,24.12,25.84,29.24,15.32
2012-01-31,0.0,25.79,64.78,1022.53,11.15,8.0,9.08,15.32,0.0,0.0,0.0,15.32,24.12,25.84,13.44
2012-02-01,0.0,27.45,57.81,1023.48,11.19,8.0,8.76,13.44,0.0,0.0,0.0,13.44,15.32,24.12,10.91
2012-02-02,0.0,33.46,61.4,1013.68,5.87,8.0,8.95,10.91,0.0,0.0,0.0,10.91,13.44,15.32,5.0
2012-02-03,0.0,26.74,71.14,1016.94,6.35,8.0,7.46,5.0,0.0,0.0,0.0,5.0,10.91,13.44,5.0
2012-02-04,29.7,29.77,44.74,1017.41,13.29,8.0,10.07,5.0,0.0,0.0,0.0,5.0,5.0,10.91,7.43
2012-02-05,0.0,25.05,62.66,1019.53,7.94,8.0,7.22,7.43,29.7,0.0,0.0,7.43,5.0,5.0,12.83
2012-02-06,0.0,26.63,74.86,1016.44,8.27,8.0,6.33,12.83,0.0,29.7,0.0,12.83,7.43,5.0,11.9
2012-02-07,0.0,31.06,62.04,1017.26,13.37,8.0,8.24,11.9,0.0,0.0,29.7,11.9,12.83,7.43,8.73
2012-02-08,0.0,24.97,71.77,1015.02,6.33,8.0,7.43,8.73,0.0,0.0,0.0,8.73,11.9,12.83,12.34
2012-02-09,0.0,30.98,55.97,1016.75,10.94,8.0,8.99,12.34,0.0,0.0,0.0,12.34,8.73,11.9,10.26
2012-02-10,0.0,28.12,60.32,1022.6,10.15,8.0,8.44,10.26,0.0,0.0,0.0,10.26,12.34,8.73,9.74
2012-02-11,0.0,24.85,60.94,1019.27,9.99,8.0,8.9,9.74,0.0,0.0,0.0,9.74,10.26,12.34,6.88
2012-02-12,13.65,27.74,45.34,1019.48,8.19,8.0,8.2,6.88,0.0,0.0,0.0,6.88,9.74,10.26,8.94
2012-02-13,21.53,28.49,52.86,1019.52,7.97,8.0,8.33,8.94,13.65,0.0,0.0,8.94,6.88,9.74,14.26
2012-02-14,0.0,27.52,53.53,1015.06,6.23,8.0,8.48,14.26,21.53,13.65,0.0,14.26,8.94,6.88,20.77
2012-02-15,0.0,21.94,67.13,1017.35,11.69,8.0,6.49,20.77,0.0,21.53,13.65,20.77,14.26,8.94,26.27
2012-02-16,0.0,23.95,67.65,1010.26,7.66,8.0,8.02,26.27,0.0,0.0,21.53,26.27,20.77,14.26,27.21
2012-02-17,0.0,25.04,63.99,1021.96,13.39,8.0,9.5,27.21,0.0,0.0,0.0,27.21,26.27,20.77,19.78
2012-02-18,26.65,25.37,67.67,1001.63,9.21,8.0,8.41,19.78,0.0,0.0,0.0,19.78,27.21,26.27,32.96
2012-02-19,0.0,27.01,60.93,1015.03,6.3,8.0,7.86,32.96,26.65,0.0,0.0,32.96,19.78,27.21,33.57
2012-02-20,11.05,25.79,70.67,1021.1,9.17,8.0,8.5,33.57,0.0,26.65,0.0,33.57,32.96,19.78,42.45
2012-02-21,0.0,21.9,62.5,1008.5,8.56,8.0,5.66,42.45,11.05,0.0,26.65,42.45,33.57,32.96,40.92
2012-02-22,0.0,26.09,63.03,1017.24,13.53,8.0,8.48,40.92,0.0,11.05,0.0,40.92,42.45,33.57,38.32
2012-02-23,0.0,26.55,60.95,1011.76,8.71,8.0,6.88,38.32,0.0,0.0,11.05,38.32,40.92,42.45,34.76
2012-02-24,0.0,26.32,67.79,1013.24,9.03,8.0,8.22,34.76,0.0,0.0,0.0,34.76,38.32,40.92,24.53
2012-02-25,0.0,27.51,60.24,1019.74,14.94,8.0,8.16,24.53,0.0,0.0,0.0,24.53,34.76,38.32,16.91
2012-02-26,0.0,26.78,70.21,1015.92,11.78,8.0,9.04,16.91,0.0,0.0,0.0,16.91,24.53,34.76,12.51
2012-02-27,2.92,25.73,55.64,1004.68,15.82,8.0,8.59,12.51,0.0,0.0,0.0,12.51,16.91,24.53,10.89
2012-02-28,0.0,24.3,56.07,1009.89,14.41,8.0,7.52,10.89,2.92,0.0,0.0,10.89,12.51,16.91,10.58
2012-02-29,10.69,20.21,68.76,1019.56,6.89,8.0,6.16,10.58,0.0,2.92,0.0,10.58,10.89,12.51,12.53
2012-03-01,0.0,25.32,63.53,1016.85,13.46,8.0,7.44,12.53,10.69,0.0,2.92,12.53,10.58,10.89,11.36
2012-03-02,0.0,24.65,61.17,1023.26,15.34,8.0,8.68,11.36,0.0,10.69,0.0,11.36,12.53,10.58,15.62
2012-03-03,0.0,24.7,70.77,1022.85,15.36,8.0,9.16,15.62,0.0,0.0,10.69,15.62,11.36,12.53,18.48
2012-03-04,0.0,20.71,60.49,1012.65,13.46,8.0,7.48,18.48,0.0,0.0,0.0,18.48,15.62,11.36,18.38
2012-03-05,0.0,21.08,63.54,1026.79,13.39,8.0,6.84,18.38,0.0,0.0,0.0,18.38,18.48,15.62,13.64
2012-03-06,0.0,26.3,74.93,1014.31,8.94,8.0,7.85,13.64,0.0,0.0,0.0,13.64,18.38,18.48,13.34
2012-03-07,0.0,23.45,76.11,1009.3,7.07,8.0,7.23,13.34,0.0,0.0,0.0,13.34,13.64,18.38,16.22
2012-03-08,0.0,25.14,76.55,1010.86,8.77,8.0,7.3,16.22,0.0,0.0,0.0,16.22,13.34,13.64,13.4
2012-03-09,0.0,23.39,63.77,1002.66,4.17,8.0,6.25,13.4,0.0,0.0,0.0,13.4,16.22,13.34,16.49
2012-03-10,0.0,23.27,74.56,1021.89,14.7,8.0,9.42,16.49,0.0,0.0,0.0,16.49,13.4,16.22,21.28
2012-03-11,0.0,25.43,59.51,1021.74,9.01,8.0,7.38,21.28,0.0,0.0,0.0,21.28,16.49,13.4,22.1
2012-03-12,0.0,21.67,60.01,1008.61,14.52,8.0,7.11,22.1,0.0,0.0,0.0,22.1,21.28,16.49,21.62
2012-03-13,0.0,23.08,50.11,1012.46,5.69,8.0,7.07,21.62,0.0,0.0,0.0,21.62,22.1,21.28,20.24
2012-03-14,0.0,21.57,78.47,1013.99,13.79,8.0,8.47,20.24,0.0,0.0,0.0,20.24,21.62,22.1,20.03
2012-03-15,15.11,21.52,60.92,1008.63,8.27,8.0,7.67,20.03,0.0,0.0,0.0,20.03,20.24,21.62,25.44
2012-03-16,0.0,21.71,66.29,1004.57,5.5,8.0,5.6,25.44,15.11,0.0,0.0,25.44,20.03,20.24,21.12
2012-03-17,14.05,22.92,61.01,1012.21,15.69,8.0,9.54,21.12,0.0,15.11,0.0,21.12,25.44,20.03,30.96
2012-03-18,0.0,21.04,72.45,1011.57,13.88,8.0,8.2,30.96,14.05,0.0,15.11,30.96,21.12,25.44,30.35
2012-03-19,0.0,25.26,65.16,1011.14,10.74,8.0,8.52,30.35,0.0,14.05,0.0,30.35,30.96,21.12,36.9
2012-03-20,43.04,19.76,58.87,1014.11,10.12,8.0,9.52,36.9,0.0,0.0,14.05,36.9,30.35,30.96,60.23
2012-03-21,0.0,21.41,71.3,1020.06,11.54,8.0,8.34,60.23,43.04,0.0,0.0,60.23,36.9,30.35,60.73
2012-03-22,12.11,20.66,58.38,1011.31,10.68,8.0,8.04,60.73,0.0,43.04,0.0,60.73,60.23,36.9,64.41
2012-03-23,36.08,25.26,62.76,1013.59,7.23,8.0,7.37,64.41,12.11,0.0,43.04,64.41,60.73,60.23,72.72
2012-03-24,0.0,22.01,54.08,1016.29,8.56,8.0,7.43,72.72,36.08,12.11,0.0,72.72,64.41,60.73,69.33
2012-03-25,0.0,23.98,59.06,1015.34,16.86,8.0,7.91,69.33,0.0,36.08,12.11,69.33,72.72,64.41,65.14
2012-03-26,0.0,17.56,70.49,1009.41,19.35,8.0,8.55,65.14,0.0,0.0,36.08,65.14,69.33,72.72,57.44
2012-03-27,3.11,21.83,55.69,1012.88,15.47,8.0,9.74,57.44,0.0,0.0,0.0,57.44,65.14,69.33,47.29
2012-03-28,0.0,23.26,59.28,1015.05,11.67,8.0,8.35,47.29,3.11,0.0,0.0,47.29,57.44,65.14,38.32
2012-03-29,27.81,21.13,69.83,1006.59,8.82,8.0,9.08,38.32,0.0,3.11,0.0,38.32,47.29,57.44,35.37
2012-03-30,0.0,23.47,66.25,1018.46,7.21,8.0,7.75,35.37,27.81,0.0,3.11,35.37,38.32,47.29,32.59
2012-03-31,0.0,19.39,84.2,1019.22,7.44,8.0,7.05,32.59,0.0,27.81,0.0,32.59,35.37,38.32,34.98
2012-04-01,35.7,24.09,83.3,1008.36,8.06,8.0,7.33,34.98,0.0,0.0,27.81,34.98,32.59,35.37,50.83
2012-04-02,0.0,26.19,64.59,1012.86,17.53,8.0,10.76,50.83,35.7,0.0,0.0,50.83,34.98,32.59,44.85
2012-04-03,2.93,19.42,74.76,1015.02,16.32,8.0,7.84,44.85,0.0,35.7,0.0,44.85,50.83,34.98,40.29
2012-04-04,0.0,19.1,76.31,1009.0,12.61,8.0,7.03,40.29,2.93,0.0,35.7,40.29,44.85,50.83,40.33
2012-04-05,0.0,23.73,67.08,1014.05,6.64,8.0,6.57,40.33,0.0,2.93,0.0,40.33,40.29,44.85,32.86
2012-04-06,0.0,23.93,60.99,1012.37,13.13,8.0,10.11,32.86,0.0,0.0,2.93,32.86,40.33,40.29,27.3
2012-04-07,0.0,18.56,71.57,1004.14,9.16,8.0,7.18,27.3,0.0,0.0,0.0,27.3,32.86,40.33,21.62
2012-04-08,0.0,18.7,70.64,1013.69,2.46,8.0,6.14,21.62,0.0,0.0,0.0,21.62,27.3,32.86,22.23
2012-04-09,0.0,18.93,69.0,1005.81,11.0,8.0,7.8,22.23,0.0,0.0,0.0,22.23,21.62,27.3,25.42
2012-04-10,18.09,16.16,75.34,1015.93,7.05,8.0,6.26,25.42,0.0,0.0,0.0,25.42,22.23,21.62,30.23
2012-04-11,0.0,17.12,67.18,1007.8,7.17,8.0,6.01,30.23,18.09,0.0,0.0,30.23,25.42,22.23,28.68
2012-04-12,0.0,16.79,64.56,1010.27,9.12,8.0,6.24,28.68,0.0,18.09,0.0,28.68,30.23,25.42,26.64
2012-04-13,13.81,17.27,73.58,1017.86,8.26,8.0,6.09,26.64,0.0,0.0,18.09,26.64,28.68,30.23,32.36
2012-04-14,22.85,18.99,75.7,1013.4,9.88,8.0,5.59,32.36,13.81,0.0,0.0,32.36,26.64,28.68,42.68
2012-04-15,0.0,19.56,64.95,1005.44,9.71,8.0,7.33,42.68,22.85,13.81,0.0,42.68,32.36,26.64,42.9
2012-04-16,4.08,22.74,79.87,1005.69,3.43,8.0,5.37,42.9,0.0,22.85,13.81,42.9,42.68,32.36,42.06
2012-04-17,0.0,16.26,61.17,1007.69,15.32,8.0,8.22,42.06,4.08,0.0,22.85,42.06,42.9,42.68,35.31
2012-04-18,0.0,21.11,69.69,1012.58,6.56,8.0,7.63,35.31,0.0,4.08,0.0,35.31,42.06,42.9,29.22
2012-04-19,0.0,18.01,72.12,1012.32,6.67,8.0,6.14,29.22,0.0,0.0,4.08,29.22,35.31,42.06,20.82
2012-04-20,54.43,18.32,69.65,1006.24,8.85,8.0,7.26,20.82,0.0,0.0,0.0,20.82,29.22,35.31,45.19
2012-04-21,0.0,20.03,70.32,1004.55,9.62,8.0,7.88,45.19,54.43,0.0,0.0,45.19,20.82,29.22,42.73
2012-04-22,1.24,15.43,87.55,1011.72,15.11,8.0,8.73,42.73,0.0,54.43,0.0,42.73,45.19,20.82,45.63
2012-04-23,0.0,19.09,68.67,1009.33,10.94,8.0,7.09,45.63,1.24,0.0,54.43,45.63,42.73,45.19,40.31
2012-04-24,0.0,18.45,91.88,1020.95,11.98,8.0,6.24,40.31,0.0,1.24,0.0,40.31,45.63,42.73,35.29
2012-04-25,27.43,19.17,78.03,1010.28,10.96,8.0,6.64,35.29,0.0,0.0,1.24,35.29,40.31,45.63,40.44
2012-04-26,20.54,18.56,75.78,1019.1,10.81,8.0,5.96,40.44,27.43,0.0,0.0,40.44,35.29,40.31,48.67
2012-04-27,20.28,23.88,78.63,1004.11,11.08,8.0,8.28,48.67,20.54,27.43,0.0,48.67,40.44,35.29,64.9
2012-04-28,21.71,16.05,93.17,1002.03,3.24,8.0,3.21,64.9,20.28,20.54,27.43,64.9,48.67,40.44,73.01
2012-04-29,30.46,16.23,68.67,1004.22,9.13,8.0,6.01,73.01,21.71,20.28,20.54,73.01,64.9,48.67,84.38
2012-04-30,0.0,15.9,67.94,1015.7,14.07,8.0,7.53,84.38,30.46,21.71,20.28,84.38,73.01,64.9,83.63
2012-05-01,0.0,15.98,70.65,1018.47,23.8,8.0,8.11,83.63,0.0,30.46,21.71,83.63,84.38,73.01,74.79
2012-05-02,0.0,15.69,76.31,1005.72,5.78,8.0,5.52,74.79,0.0,0.0,30.46,74.79,83.63,84.38,63.83
2012-05-03,6.12,20.17,64.16,1007.26,11.48,8.0,8.28,63.83,0.0,0.0,0.0,63.83,74.79,83.63,60.59
2012-05-04,0.0,20.66,76.55,1003.66,8.0,8.0,6.19,60.59,6.12,0.0,0.0,60.59,63.83,74.79,51.6
2012-05-05,13.5,15.59,88.39,1000.39,17.17,8.0,7.48,51.6,0.0,6.12,0.0,51.6,60.59,63.83,51.47
2012-05-06,0.0,14.86,77.74,1012.98,5.26,8.0,6.78,51.47,13.5,0.0,6.12,51.47,51.6,60.59,52.06
2012-05-07,10.11,18.03,74.77,1010.44,12.19,8.0,7.14,52.06,0.0,13.5,0.0,52.06,51.47,51.6,49.33
2012-05-08,37.03,15.39,72.63,1009.32,5.07,8.0,8.01,49.33,10.11,0.0,13.5,49.33,52.06,51.47,60.6
2012-05-09,0.0,18.28,83.38,1002.21,8.89,8.0,7.8,60.6,37.03,10.11,0.0,60.6,49.33,52.06,60.98
2012-05-10,0.0,17.12,71.45,1017.35,9.88,8.0,7.93,60.98,0.0,37.03,10.11,60.98,60.6,49.33,59.86
2012-05-11,0.0,12.75,90.28,1006.58,13.74,8.0,5.9,59.86,0.0,0.0,37.03,59.86,60.98,60.6,53.19
2012-05-12,0.0,20.33,91.02,1011.72,6.23,8.0,6.64,53.19,0.0,0.0,0.0,53.19,59.86,60.98,44.41
2012-05-13,0.0,20.88,79.41,1001.72,12.32,8.0,7.52,44.41,0.0,0.0,0.0,44.41,53.19,59.86,37.22
2012-05-14,0.0,14.79,77.65,1007.99,10.07,8.0,6.42,37.22,0.0,0.0,0.0,37.22,44.41,53.19,30.51
2012-05-15,0.0,15.28,85.07,1010.35,10.95,8.0,6.47,30.51,0.0,0.0,0.0,30.51,37.22,44.41,24.33
2012-05-16,14.47,16.9,85.63,1010.48,13.35,8.0,7.33,24.33,0.0,0.0,0.0,24.33,30.51,37.22,21.34
2012-05-17,1.34,16.95,72.44,1009.57,5.51,8.0,4.41,21.34,14.47,0.0,0.0,21.34,24.33,30.51,22.87
2012-05-18,0.0,17.7,74.51,1011.23,12.84,8.0,6.76,22.87,1.34,14.47,0.0,22.87,21.34,24.33,19.79
2012-05-19,12.69,21.02,69.04,1003.06,8.01,8.0,8.51,19.79,0.0,1.34,14.47,19.79,22.87,21.34,24.6
2012-05-20,0.0,15.49,81.27,1009.65,13.84,8.0,6.94,24.6,12.69,0.0,1.34,24.6,19.79,22.87,24.48
2012-05-21,34.54,13.88,83.17,1009.19,11.17,8.0,6.26,24.48,0.0,12.69,0.0,24.48,24.6,19.79,36.25
2012-05-22,0.0,12.37,69.16,1009.74,9.27,8.0,6.35,36.25,34.54,0.0,12.69,36.25,24.48,24.6,37.2
2012-05-23,0.0,13.93,75.51,1008.9,7.93,8.0,6.37,37.2,0.0,34.54,0.0,37.2,36.25,24.48,32.26
2012-05-24,18.57,15.62,69.36,1002.14,12.88,8.0,5.5,32.26,0.0,0.0,34.54,32.26,37.2,36.25,36.64
2012-05-25,0.0,20.14,72.59,1001.88,14.41,8.0,8.13,36.64,18.57,0.0,0.0,36.64,32.26,37.2,35.67
2012-05-26,0.0,14.31,82.82,997.36,8.14,8.0,6.82,35.67,0.0,18.57,0.0,35.67,36.64,32.26,31.44
2012-05-27,0.0,16.11,73.91,1012.48,6.03,8.0,6.78,31.44,0.0,0.0,18.57,31.44,35.67,36.64,20.72
2012-05-28,41.81,15.47,77.02,1012.5,12.43,8.0,6.43,20.72,0.0,0.0,0.0,20.72,31.44,35.67,35.08
2012-05-29,0.0,18.44,67.81,1012.55,4.93,8.0,7.66,35.08,41.81,0.0,0.0,35.08,20.72,31.44,38.77
2012-05-30,5.92,21.74,80.58,1009.84,5.43,8.0,7.95,38.77,0.0,41.81,0.0,38.77,35.08,20.72,45.48
2012-05-31,0.0,14.06,79.03,997.61,6.28,8.0,7.16,45.48,5.92,0.0,41.81,45.48,38.77,35.08,41.34
2012-06-01,0.0,14.12,74.31,1003.11,8.55,8.0,7.09,41.34,0.0,5.92,0.0,41.34,45.48,38.77,41.26
2012-06-02,0.0,17.92,78.15,1009.07,5.32,8.0,6.1,41.26,0.0,0.0,5.92,41.26,41.34,45.48,34.11
2012-06-03,24.66,16.98,80.79,1008.87,3.21,8.0,5.95,34.11,0.0,0.0,0.0,34.11,41.26,41.34,39.44
2012-06-04,0.0,19.86,73.88,1007.06,6.03,8.0,7.86,39.44,24.66,0.0,0.0,39.44,34.11,41.26,36.11
2012-06-05,0.0,16.67,69.3,1010.0,12.25,8.0,5.5,36.11,0.0,24.66,0.0,36.11,39.44,34.11,33.81
2012-06-06,25.45,14.28,92.33,1008.19,5.55,8.0,5.36,33.81,0.0,0.0,24.66,33.81,36.11,39.44,43.34
2012-06-07,0.0,16.63,75.3,1008.72,8.81,8.0,7.14,43.34,25.45,0.0,0.0,43.34,33.81,36.11,46.22
2012-06-08,0.0,17.9,79.1,1004.9,16.81,8.0,7.91,46.22,0.0,25.45,0.0,46.22,43.34,33.81,44.5
2012-06-09,0.0,17.16,86.89,1012.99,9.83,8.0,6.61,44.5,0.0,0.0,25.45,44.5,46.22,43.34,34.46
2012-06-10,0.0,16.36,98.0,1005.91,11.2,8.0,8.29,34.46,0.0,0.0,0.0,34.46,44.5,46.22,25.4
2012-06-11,86.84,17.74,71.17,1001.4,6.69,8.0,7.27,25.4,0.0,0.0,0.0,25.4,34.46,44.5,57.96
2012-06-12,12.97,17.98,83.05,1004.18,17.57,8.0,8.97,57.96,86.84,0.0,0.0,57.96,25.4,34.46,71.44
2012-06-13,10.55,18.5,74.98,1006.29,8.11,8.0,6.26,71.44,12.97,86.84,0.0,71.44,57.96,25.4,82.64
2012-06-14,29.71,16.65,76.18,1012.99,9.2,8.0,6.39,82.64,10.55,12.97,86.84,82.64,71.44,57.96,90.52
2012-06-15,0.0,14.6,74.93,1007.8,14.61,8.0,7.74,90.52,29.71,10.55,12.97,90.52,82.64,71.44,88.08
2012-06-16,10.36,15.38,72.1,1007.08,9.36,8.0,7.08,88.08,0.0,29.71,10.55,88.08,90.52,82.64,83.42
2012-06-17,13.48,18.02,79.7,1001.76,10.17,8.0,8.59,83.42,10.36,0.0,29.71,83.42,88.08,90.52,81.66
2012-06-18,0.0,12.96,69.68,1011.93,9.01,8.0,6.73,81.66,13.48,10.36,0.0,81.66,83.42,88.08,76.97
2012-06-19,0.0,15.92,86.63,1004.74,9.04,8.0,8.0,76.97,0.0,13.48,10.36,76.97,81.66,83.42,68.15
2012-06-20,0.0,14.02,80.38,1007.5,11.3,8.0,7.36,68.15,0.0,0.0,13.48,68.15,76.97,81.66,59.13
2012-06-21,37.2,15.07,82.95,1015.4,11.94,8.0,6.85,59.13,0.0,0.0,0.0,59.13,68.15,76.97,68.72
2012-06-22,0.0,18.2,76.72,1010.55,7.75,8.0,6.16,68.72,37.2,0.0,0.0,68.72,59.13,68.15,64.09
2012-06-23,4.58,15.49,77.41,999.87,7.32,8.0,7.06,64.09,0.0,37.2,0.0,64.09,68.72,59.13,60.76
2012-06-24,0.0,15.14,81.97,999.17,7.87,8.0,6.14,60.76,4.58,0.0,37.2,60.76,64.09,68.72,52.08
2012-06-25,0.0,11.63,71.79,1007.7,5.1,8.0,5.59,52.08,0.0,4.58,0.0,52.08,60.76,64.09,49.83
2012-06-26,0.0,16.91,77.41,1001.97,4.43,8.0,5.48,49.83,0.0,0.0,4.58,49.83,52.08,60.76,41.98
2012-06-27,0.0,16.67,73.88,1011.29,11.04,8.0,7.12,41.98,0.0,0.0,0.0,41.98,49.83,52.08,37.04
2012-06-28,0.0,20.49,73.63,1008.27,13.29,8.0,8.35,37.04,0.0,0.0,0.0,37.04,41.98,49.83,34.86
2012-06-29,0.0,14.33,65.06,1008.9,13.05,8.0,6.88,34.86,0.0,0.0,0.0,34.86,37.04,41.98,28.02
2012-06-30,61.93,15.67,89.17,1004.55,1.66,8.0,4.96,28.02,0.0,0.0,0.0,28.02,34.86,37.04,53.73
2012-07-01,0.0,15.76,74.95,1016.81,9.14,8.0,6.78,53.73,61.93,0.0,0.0,53.73,28.02,34.86,63.04
2012-07-02,0.0,19.11,87.86,1022.33,6.14,8.0,6.96,63.04,0.0,61.93,0.0,63.04,53.73,28.02,55.47
2012-07-03,0.0,14.95,87.15,1006.75,10.5,8.0,6.78,55.47,0.0,0.0,61.93,55.47,63.04,53.73,50.06
2012-07-04,0.0,15.92,70.62,1009.92,8.54,8.0,8.19,50.06,0.0,0.0,0.0,50.06,55.47,63.04,47.68
2012-07-05,89.25,16.77,71.95,1008.67,12.07,8.0,7.38,47.68,0.0,0.0,0.0,47.68,50.06,55.47,78.1
2012-07-06,23.82,15.75,97.43,1006.91,9.93,8.0,7.15,78.1,89.25,0.0,0.0,78.1,47.68,50.06,98.47
2012-07-07,19.81,14.21,91.71,1004.07,3.36,8.0,6.32,98.47,23.82,89.25,0.0,98.47,78.1,47.68,105.81
2012-07-08,8.96,15.84,79.16,1002.83,6.62,8.0,6.66,105.81,19.81,23.82,89.25,105.81,98.47,78.1,98.15
2012-07-09,0.0,18.08,81.12,1002.61,10.02,8.0,6.31,98.15,8.96,19.81,23.82,98.15,105.81,98.47,89.06
2012-07-10,11.44,12.87,74.83,1010.34,10.32,8.0,5.93,89.06,0.0,8.96,19.81,89.06,98.15,105.81,80.83
2012-07-11,0.0,15.81,82.2,1005.75,5.08,8.0,5.21,80.83,11.44,0.0,8.96,80.83,89.06,98.15,74.67
2012-07-12,0.0,13.78,74.08,995.48,4.62,8.0,4.78,74.67,0.0,11.44,0.0,74.67,80.83,89.06,68.21
2012-07-13,4.26,18.56,64.79,1010.63,10.2,8.0,7.47,68.21,0.0,0.0,11.44,68.21,74.67,80.83,67.98
2012-07-14,0.41,11.81,69.68,1008.25,5.09,8.0,6.71,67.98,4.26,0.0,0.0,67.98,68.21,74.67,63.64
2012-07-15,0.0,14.28,79.0,1015.21,4.16,8.0,6.37,63.64,0.41,4.26,0.0,63.64,67.98,68.21,54.51
2012-07-16,14.89,16.67,70.84,1010.38,8.44,8.0,7.31,54.51,0.0,0.41,4.26,54.51,63.64,67.98,54.43
2012-07-17,0.0,19.69,78.19,1001.16,8.29,8.0,6.2,54.43,14.89,0.0,0.41,54.43,54.51,63.64,51.64
2012-07-18,0.0,15.67,71.05,997.45,6.93,8.0,6.8,51.64,0.0,14.89,0.0,51.64,54.43,54.51,49.08
2012-07-19,0.0,14.51,72.99,1005.04,7.54,8.0,6.78,49.08,0.0,0.0,14.89,49.08,51.64,54.43,35.86
2012-07-20,43.05,20.66,84.34,1005.56,10.05,8.0,8.7,35.86,0.0,0.0,0.0,35.86,49.08,51.64,48.06
2012-07-21,0.0,12.39,79.99,1013.44,7.48,8.0,6.36,48.06,43.05,0.0,0.0,48.06,35.86,49.08,54.55
2012-07-22,26.55,10.58,78.08,1008.73,10.25,8.0,7.7,54.55,0.0,43.05,0.0,54.55,48.06,35.86,65.7
2012-07-23,29.61,17.24,84.19,1014.48,8.67,8.0,6.88,65.7,26.55,0.0,43.05,65.7,54.55,48.06,75.7
2012-07-24,0.0,14.95,81.29,1002.24,10.59,8.0,7.18,75.7,29.61,26.55,0.0,75.7,65.7,54.55,73.91
2012-07-25,0.0,13.73,87.93,1013.74,13.07,8.0,7.96,73.91,0.0,29.61,26.55,73.91,75.7,65.7,68.13
2012-07-26,15.61,18.12,74.47,1012.57,12.94,8.0,7.76,68.13,0.0,0.0,29.61,68.13,73.91,75.7,66.66
2012-07-27,0.0,17.03,74.56,998.92,14.51,8.0,6.47,66.66,15.61,0.0,0.0,66.66,68.13,73.91,58.59
2012-07-28,34.34,15.08,68.33,1015.68,12.93,8.0,6.46,58.59,0.0,15.61,0.0,58.59,66.66,68.13,68.79
2012-07-29,15.63,13.37,74.31,1009.59,10.83,8.0,8.86,68.79,34.34,0.0,15.61,68.79,58.59,66.66,74.22
2012-07-30,0.0,18.83,83.93,1011.14,8.48,8.0,7.0,74.22,15.63,34.34,0.0,74.22,68.79,58.59,71.1
2012-07-31,1.19,18.35,86.14,1004.91,8.64,8.0,7.44,71.1,0.0,15.63,34.34,71.1,74.22,68.79,63.46
2012-08-01,14.52,16.56,83.63,1015.66,6.93,8.0,5.59,63.46,1.19,0.0,15.63,63.46,71.1,74.22,57.83
2012-08-02,18.77,21.5,64.21,1003.42,10.02,8.0,7.82,57.83,14.52,1.19,0.0,57.83,63.46,71.1,65.7
2012-08-03,28.55,14.29,84.21,1013.57,12.44,8.0,8.08,65.7,18.77,14.52,1.19,65.7,57.83,63.46,77.04
2012-08-04,10.07,13.24,63.61,1013.57,7.46,8.0,4.76,77.04,28.55,18.77,14.52,77.04,65.7,57.83,80.99
2012-08-05,0.0,15.41,82.62,1004.66,9.87,8.0,6.93,80.99,10.07,28.55,18.77,80.99,77.04,65.7,78.6
2012-08-06,0.0,17.11,73.61,1019.51,7.63,8.0,6.82,78.6,0.0,10.07,28.55,78.6,80.99,77.04,60.7
2012-08-07,0.0,17.92,80.95,1010.81,10.73,8.0,7.44,60.7,0.0,0.0,10.07,60.7,78.6,80.99,59.35
2012-08-08,0.0,16.8,66.55,1012.99,8.08,8.0,8.42,59.35,0.0,0.0,0.0,59.35,60.7,78.6,42.97
2012-08-09,0.0,18.38,83.92,1002.15,7.41,8.0,6.5,42.97,0.0,0.0,0.0,42.97,59.35,60.7,40.93
2012-08-10,0.0,14.46,65.31,1020.44,7.62,8.0,6.03,40.93,0.0,0.0,0.0,40.93,42.97,59.35,36.34
2012-08-11,0.0,21.29,70.72,1003.79,11.76,8.0,7.61,36.34,0.0,0.0,0.0,36.34,40.93,42.97,28.26
2012-08-12,25.3,17.57,68.25,1015.11,9.66,8.0,8.94,28.26,0.0,0.0,0.0,28.26,36.34,40.93,35.86
2012-08-13,15.43,20.67,62.79,1005.08,8.5,8.0,7.36,35.86,25.3,0.0,0.0,35.86,28.26,36.34,44.8
2012-08-14,0.0,18.83,75.56,1007.03,10.91,8.0,7.79,44.8,15.43,25.3,0.0,44.8,35.86,28.26,43.78
2012-08-15,12.53,19.21,87.38,1014.14,8.55,8.0,5.12,43.78,0.0,15.43,25.3,43.78,44.8,35.86,49.84
2012-08-16,0.0,19.6,93.23,1015.4,13.94,8.0,7.87,49.84,12.53,0.0,15.43,49.84,43.78,44.8,41.08
2012-08-17,0.0,19.39,75.07,1003.98,6.59,8.0,6.61,41.08,0.0,12.53,0.0,41.08,49.84,43.78,33.94
2012-08-18,12.33,19.98,82.03,1015.86,9.35,8.0,7.26,33.94,0.0,0.0,12.53,33.94,41.08,49.84,30.61
2012-08-19,0.0,21.8,75.66,1015.71,5.08,8.0,6.53,30.61,12.33,0.0,0.0,30.61,33.94,41.08,24.39
2012-08-20,31.52,19.08,77.35,1005.87,8.79,8.0,6.0,24.39,0.0,12.33,0.0,24.39,30.61,33.94,36.77
2012-08-21,0.0,20.46,71.28,1018.63,4.12,8.0,6.29,36.77,31.52,0.0,12.33,36.77,24.39,30.61,44.28
2012-08-22,0.0,18.57,74.86,1003.43,12.61,8.0,8.77,44.28,0.0,31.52,0.0,44.28,36.77,24.39,45.72
2012-08-23,0.0,22.51,77.07,1007.67,12.68,8.0,8.09,45.72,0.0,0.0,31.52,45.72,44.28,36.77,39.17
2012-08-24,6.42,17.32,69.07,1013.26,12.74,8.0,6.03,39.17,0.0,0.0,0.0,39.17,45.72,44.28,42.02
2012-08-25,55.38,23.62,72.39,1006.68,10.1,8.0,6.81,42.02,6.42,0.0,0.0,42.02,39.17,45.72,65.13
2012-08-26,0.0,19.13,72.33,1012.34,6.92,8.0,7.01,65.13,55.38,6.42,0.0,65.13,42.02,39.17,66.81
2012-08-27,0.0,15.77,78.34,1012.31,7.2,8.0,5.57,66.81,0.0,55.38,6.42,66.81,65.13,42.02,64.41
2012-08-28,46.07,19.78,64.9,1010.25,15.36,8.0,8.34,64.41,0.0,0.0,55.38,64.41,66.81,65.13,77.05
2012-08-29,1.03,17.87,71.81,1015.42,15.02,8.0,8.86,77.05,46.07,0.0,0.0,77.05,64.41,66.81,74.71
2012-08-30,19.06,21.78,85.36,1010.2,10.43,8.0,7.91,74.71,1.03,46.07,0.0,74.71,77.05,64.41,76.02
2012-08-31,0.0,18.16,79.93,1012.58,8.2,8.0,6.04,76.02,19.06,1.03,46.07,76.02,74.71,77.05,73.41
2012-09-01,0.0,18.79,81.03,1017.24,14.79,8.0,8.02,73.41,0.0,19.06,1.03,73.41,76.02,74.71,70.29
2012-09-02,48.95,15.3,71.56,1015.54,7.57,8.0,7.05,70.29,0.0,0.0,19.06,70.29,73.41,76.02,78.84
2012-09-03,10.46,19.01,73.43,1015.6,10.8,8.0,6.76,78.84,48.95,0.0,0.0,78.84,70.29,73.41,84.83
2012-09-04,0.0,14.2,78.0,1006.01,14.73,8.0,6.52,84.83,10.46,48.95,0.0,84.83,78.84,70.29,83.84
2012-09-05,0.0,16.41,81.71,1014.46,7.07,8.0,6.39,83.84,0.0,10.46,48.95,83.84,84.83,78.84,71.17
2012-09-06,0.0,22.39,56.92,1007.53,12.9,8.0,9.35,71.17,0.0,0.0,10.46,71.17,83.84,84.83,63.76
2012-09-07,0.0,22.57,61.18,1005.6,11.82,8.0,7.16,63.76,0.0,0.0,0.0,63.76,71.17,83.84,57.92
2012-09-08,10.34,21.79,79.35,1011.73,9.86,8.0,7.13,57.92,0.0,0.0,0.0,57.92,63.76,71.17,57.29
2012-09-09,0.0,18.43,68.04,1007.65,6.52,8.0,5.71,57.29,10.34,0.0,0.0,57.29,57.92,63.76,51.45
2012-09-10,0.0,20.85,65.07,1016.21,7.46,8.0,6.48,51.45,0.0,10.34,0.0,51.45,57.29,57.92,47.53
2012-09-11,0.0,21.08,60.79,1016.42,11.01,8.0,7.56,47.53,0.0,0.0,10.34,47.53,51.45,57.29,42.42
2012-09-12,0.0,18.31,65.48,1002.92,5.02,8.0,6.32,42.42,0.0,0.0,0.0,42.42,47.53,51.45,37.57
2012-09-13,0.0,25.08,59.34,1008.38,10.46,8.0,5.83,37.57,0.0,0.0,0.0,37.57,42.42,47.53,36.09
2012-09-14,0.0,23.64,83.59,1005.3,11.89,8.0,7.78,36.09,0.0,0.0,0.0,36.09,37.57,42.42,28.34
2012-09-15,0.0,21.01,68.59,1010.38,13.45,8.0,9.4,28.34,0.0,0.0,0.0,28.34,36.09,37.57,21.91
2012-09-16,66.08,21.75,68.14,1015.05,5.11,8.0,6.93,21.91,0.0,0.0,0.0,21.91,28.34,36.09,43.24
2012-09-17,0.0,22.33,72.45,1011.65,14.61,8.0,8.09,43.24,66.08,0.0,0.0,43.24,21.91,28.34,54.66
2012-09-18,0.0,16.82,74.87,1010.0,15.93,8.0,7.41,54.66,0.0,66.08,0.0,54.66,43.24,21.91,55.9
2012-09-19,0.0,21.43,74.54,1019.53,11.44,8.0,6.96,55.9,0.0,0.0,66.08,55.9,54.66,43.24,46.95
2012-09-20,0.0,20.46,75.23,1001.59,6.37,8.0,6.92,46.95,0.0,0.0,0.0,46.95,55.9,54.66,45.67
2012-09-21,0.0,19.78,63.09,1019.39,8.85,8.0,7.55,45.67,0.0,0.0,0.0,45.67,46.95,55.9,39.29
2012-09-22,23.59,21.7,65.22,1010.57,9.83,8.0,8.93,39.29,0.0,0.0,0.0,39.29,45.67,46.95,36.79
2012-09-23,9.85,27.02,72.48,1012.99,10.95,8.0,7.66,36.79,23.59,0.0,0.0,36.79,39.29,45.67,38.69
2012-09-24,0.0,24.25,63.2,1010.82,10.08,8.0,8.9,38.69,9.85,23.59,0.0,38.69,36.79,39.29,39.1
2012-09-25,0.0,21.34,66.65,1021.26,10.98,8.0,8.67,39.1,0.0,9.85,23.59,39.1,38.69,36.79,36.81
2012-09-26,22.77,24.32,69.27,1007.48,9.68,8.0,7.46,36.81,0.0,0.0,9.85,36.81,39.1,38.69,39.5
2012-09-27,0.0,26.5,71.77,1013.78,10.93,8.0,7.61,39.5,22.77,0.0,0.0,39.5,36.81,39.1,37.59
2012-09-28,0.0,25.44,53.63,1016.44,8.39,8.0,6.64,37.59,0.0,22.77,0.0,37.59,39.5,36.81,33.96
2012-09-29,0.0,23.39,70.87,1005.83,8.82,8.0,7.57,33.96,0.0,0.0,22.77,33.96,37.59,39.5,32.0
2012-09-30,0.0,21.74,64.03,1009.37,7.98,8.0,7.04,32.0,0.0,0.0,0.0,32.0,33.96,37.59,32.74
2012-10-01,24.01,25.22,70.42,1013.32,16.71,8.0,9.79,32.74,0.0,0.0,0.0,32.74,32.0,33.96,36.2
2012-10-02,0.0,24.58,70.7,1009.71,15.12,8.0,8.9,36.2,24.01,0.0,0.0,36.2,32.74,32.0,41.49
2012-10-03,0.0,25.95,76.32,1010.15,11.94,8.0,6.68,41.49,0.0,24.01,0.0,41.49,36.2,32.74,39.82
2012-10-04,163.59,25.42,74.34,1012.56,14.64,8.0,8.57,39.82,0.0,0.0,24.01,39.82,41.49,36.2,103.04
2012-10-05,0.0,26.57,74.09,1017.64,12.79,8.0,8.72,103.04,163.59,0.0,0.0,103.04,39.82,41.49,122.09
2012-10-06,27.64,22.72,74.57,1012.76,10.63,8.0,7.54,122.09,0.0,163.59,0.0,122.09,103.04,39.82,135.17
2012-10-07,0.0,27.47,66.31,1019.95,4.73,8.0,8.11,135.17,27.64,0.0,163.59,135.17,122.09,103.04,121.11
2012-10-08,0.0,24.78,64.3,1009.65,9.08,8.0,7.32,121.11,0.0,27.64,0.0,121.11,135.17,122.09,106.26
2012-10-09,0.0,29.59,69.99,1008.46,8.83,8.0,9.06,106.26,0.0,0.0,27.64,106.26,121.11,135.17,89.06
2012-10-10,0.0,22.79,68.81,1024.43,6.03,8.0,6.62,89.06,0.0,0.0,0.0,89.06,106.26,121.11,79.58
2012-10-11,0.0,28.97,61.33,1011.59,4.8,8.0,7.34,79.58,0.0,0.0,0.0,79.58,89.06,106.26,76.81
2012-10-12,0.0,25.23,66.14,1008.4,11.72,8.0,9.76,76.81,0.0,0.0,0.0,76.81,79.58,89.06,64.77
2012-10-13,15.58,23.22,62.87,1006.33,11.14,8.0,6.86,64.77,0.0,0.0,0.0,64.77,76.81,79.58,62.4
2012-10-14,71.68,23.75,56.95,1020.49,5.91,8.0,7.29,62.4,15.58,0.0,0.0,62.4,64.77,76.81,91.41
2012-10-15,30.32,24.27,71.77,1013.49,7.39,8.0,7.7,91.41,71.68,15.58,0.0,91.41,62.4,64.77,105.69
2012-10-16,0.0,26.24,62.94,1014.0,14.06,8.0,8.19,105.69,30.32,71.68,15.58,105.69,91.41,62.4,102.49
2012-10-17,0.0,26.59,76.71,1014.55,6.93,8.0,7.96,102.49,0.0,30.32,71.68,102.49,105.69,91.41,86.73
2012-10-18,0.0,23.95,50.81,1020.49,10.6,8.0,8.56,86.73,0.0,0.0,30.32,86.73,102.49,105.69,76.35
2012-10-19,0.0,25.43,58.11,1014.6,9.34,8.0,8.13,76.35,0.0,0.0,0.0,76.35,86.73,102.49,64.75
2012-10-20,12.36,30.95,62.06,1027.29,11.77,8.0,9.02,64.75,0.0,0.0,0.0,64.75,76.35,86.73,56.8
2012-10-21,0.0,30.02,69.62,1016.31,7.0,8.0,8.42,56.8,12.36,0.0,0.0,56.8,64.75,76.35,49.42
2012-10-22,0.0,26.89,64.28,1021.02,10.32,8.0,7.58,49.42,0.0,12.36,0.0,49.42,56.8,64.75,47.63
2012-10-23,0.0,26.0,63.48,1019.81,10.59,8.0,7.63,47.63,0.0,0.0,12.36,47.63,49.42,56.8,40.13
2012-10-24,0.0,26.3,53.25,1015.68,10.81,8.0,8.62,40.13,0.0,0.0,0.0,40.13,47.63,49.42,37.89
2012-10-25,31.19,27.63,52.87,1012.99,10.28,8.0,8.02,37.89,0.0,0.0,0.0,37.89,40.13,47.63,47.48
2012-10-26,0.0,23.64,63.06,1017.66,11.21,8.0,7.93,47.48,31.19,0.0,0.0,47.48,37.89,40.13,48.31
2012-10-27,53.46,25.65,51.09,1018.62,17.67,8.0,7.2,48.31,0.0,31.19,0.0,48.31,47.48,37.89,68.34
2012-10-28,45.34,22.22,56.76,1013.27,18.96,8.0,9.54,68.34,53.46,0.0,31.19,68.34,48.31,47.48,91.96
2012-10-29,0.0,27.48,63.83,1017.03,7.76,8.0,8.93,91.96,45.34,53.46,0.0,91.96,68.34,48.31,96.92
2012-10-30,0.0,28.19,53.29,1022.45,1.89,8.0,7.61,96.92,0.0,45.34,53.46,96.92,91.96,68.34,90.81
2012-10-31,12.29,25.45,71.24,1026.68,12.08,8.0,8.87,90.81,0.0,0.0,45.34,90.81,96.92,91.96,77.96
2012-11-01,0.0,30.69,68.42,1020.67,10.65,8.0,9.37,77.96,12.29,0.0,0.0,77.96,90.81,96.92,69.13
2012-11-02,0.0,23.78,48.7,1025.77,13.71,8.0,8.28,69.13,0.0,12.29,0.0,69.13,77.96,90.81,56.6
2012-11-03,0.0,23.26,53.03,1013.37,11.0,8.0,7.23,56.6,0.0,0.0,12.29,56.6,69.13,77.96,45.75
2012-11-04,1.94,27.57,43.41,1020.09,10.21,8.0,8.76,45.75,0.0,0.0,0.0,45.75,56.6,69.13,44.06
2012-11-05,0.0,29.71,53.79,1023.33,13.95,8.0,9.95,44.06,1.94,0.0,0.0,44.06,45.75,56.6,37.85
2012-11-06,0.0,31.39,64.49,1012.22,14.44,8.0,8.43,37.85,0.0,1.94,0.0,37.85,44.06,45.75,38.4
2012-11-07,0.0,26.11,56.09,1014.33,5.15,8.0,7.94,38.4,0.0,0.0,1.94,38.4,37.85,44.06,35.92
2012-11-08,0.0,30.03,62.08,1025.5,7.14,8.0,8.29,35.92,0.0,0.0,0.0,35.92,38.4,37.85,28.41
2012-11-09,35.06,27.32,48.07,1011.99,9.63,8.0,8.12,28.41,0.0,0.0,0.0,28.41,35.92,38.4,37.76
2012-11-10,0.0,27.06,64.18,1010.21,10.34,8.0,8.0,37.76,35.06,0.0,0.0,37.76,28.41,35.92,42.0
2012-11-11,0.0,29.77,54.58,1024.61,9.21,8.0,8.6,42.0,0.0,35.06,0.0,42.0,37.76,28.41,42.29
2012-11-12,0.0,29.26,58.43,1023.01,11.52,8.0,8.14,42.29,0.0,0.0,35.06,42.29,42.0,37.76,39.86
2012-11-13,12.96,23.76,57.57,1019.24,13.49,8.0,10.77,39.86,0.0,0.0,0.0,39.86,42.29,42.0,32.58
2012-11-14,10.93,31.46,49.2,1016.9,16.03,8.0,8.56,32.58,12.96,0.0,0.0,32.58,39.86,42.29,29.41
2012-11-15,0.0,31.29,49.92,1014.98,12.03,8.0,6.96,29.41,10.93,12.96,0.0,29.41,32.58,39.86,26.58
2012-11-16,0.0,26.34,64.65,1018.63,7.02,8.0,7.86,26.58,0.0,10.93,12.96,26.58,29.41,32.58,26.6
2012-11-17,0.0,,60.56,1025.16,9.48,8.0,8.38,26.6,0.0,0.0,10.93,26.6,26.58,29.41,25.49
2012-11-18,0.0,29.27,65.01,1018.5,9.74,8.0,8.78,25.49,0.0,0.0,0.0,25.49,26.6,26.58,11.77
2012-11-19,0.0,28.74,59.83,1028.19,11.8,8.0,6.35,11.77,0.0,0.0,0.0,11.77,25.49,26.6,6.61
2012-11-20,2.85,26.77,58.46,1012.9,11.36,8.0,6.89,6.61,0.0,0.0,0.0,6.61,11.77,25.49,8.5
2012-11-21,0.0,26.53,45.28,1017.34,17.18,8.0,8.91,8.5,2.85,0.0,0.0,8.5,6.61,11.77,5.0
2012-11-22,0.0,28.2,55.37,1015.61,8.38,8.0,8.79,5.0,0.0,2.85,0.0,5.0,8.5,6.61,5.12
2012-11-23,0.0,31.25,56.98,1012.08,11.35,8.0,7.4,5.12,0.0,0.0,2.85,5.12,5.0,8.5,5.24
2012-11-24,88.02,29.72,70.76,1016.78,18.24,8.0,10.01,5.24,0.0,0.0,0.0,5.24,5.12,5.0,39.12
2012-11-25,0.0,27.49,61.81,1019.67,7.95,8.0,7.71,39.12,88.02,0.0,0.0,39.12,5.24,5.12,51.81
2012-11-26,0.0,30.39,67.67,1020.24,10.51,8.0,8.71,51.81,0.0,88.02,0.0,51.81,39.12,5.24,54.92
2012-11-27,0.0,21.39,61.03,1028.5,6.69,8.0,7.03,54.92,0.0,0.0,88.02,54.92,51.81,39.12,49.89
2012-11-28,0.0,31.42,51.79,1020.0,10.29,8.0,8.73,49.89,0.0,0.0,0.0,49.89,54.92,51.81,42.26
2012-11-29,0.0,24.24,57.52,1023.46,7.27,8.0,7.45,42.26,0.0,0.0,0.0,42.26,49.89,54.92,30.61
2012-11-30,0.0,27.73,58.28,1018.07,13.66,8.0,9.69,30.61,0.0,0.0,0.0,30.61,42.26,49.89,28.45
2012-12-01,0.0,25.87,49.99,1026.15,10.52,8.0,8.2,28.45,0.0,0.0,0.0,28.45,30.61,42.26,24.67
2012-12-02,0.0,25.47,53.82,1029.78,6.73,8.0,8.36,24.67,0.0,0.0,0.0,24.67,28.45,30.61,23.43
2012-12-03,0.0,31.64,55.01,1020.47,12.94,8.0,8.79,23.43,0.0,0.0,0.0,23.43,24.67,28.45,16.83
2012-12-04,0.0,27.6,67.63,1012.87,10.63,8.0,9.19,16.83,0.0,0.0,0.0,16.83,23.43,24.67,13.46
2012-12-05,0.0,29.67,41.78,1015.11,13.33,8.0,8.87,13.46,0.0,0.0,0.0,13.46,16.83,23.43,9.44
2012-12-06,0.0,28.71,64.74,1019.29,5.98,8.0,7.55,9.44,0.0,0.0,0.0,9.44,13.46,16.83,10.95
2012-12-07,0.0,30.05,49.69,1020.18,11.29,8.0,7.33,10.95,0.0,0.0,0.0,10.95,9.44,13.46,11.33
2012-12-08,0.0,29.07,46.61,1021.4,12.71,8.0,8.15,11.33,0.0,0.0,0.0,11.33,10.95,9.44,14.68
2012-12-09,0.0,25.69,64.43,1020.23,8.52,8.0,7.22,14.68,0.0,0.0,0.0,14.68,11.33,10.95,12.3
2012-12-10,0.0,31.41,61.26,1017.98,5.59,8.0,6.54,12.3,0.0,0.0,0.0,12.3,14.68,11.33,5.66
2012-12-11,0.0,27.7,64.89,1014.77,9.85,8.0,7.51,5.66,0.0,0.0,0.0,5.66,12.3,14.68,5.0
2012-12-12,0.0,25.06,61.69,1019.97,14.3,8.0,9.14,5.0,0.0,0.0,0.0,5.0,5.66,12.3,7.45
2012-12-13,0.0,27.89,70.48,1027.25,13.94,8.0,9.44,7.45,0.0,0.0,0.0,7.45,5.0,5.66,10.76
2012-12-14,0.0,32.73,59.95,1023.08,8.5,8.0,7.23,10.76,0.0,0.0,0.0,10.76,7.45,5.0,5.0
2012-12-15,0.0,31.11,54.93,1020.66,5.51,8.0,9.3,5.0,0.0,0.0,0.0,5.0,10.76,7.45,5.0
2012-12-16,0.0,28.12,58.42,1023.14,8.49,8.0,8.75,5.0,0.0,0.0,0.0,5.0,5.0,10.76,5.0
2012-12-17,0.0,28.12,64.71,1016.14,8.36,8.0,9.69,5.0,0.0,0.0,0.0,5.0,5.0,5.0,10.94
2012-12-18,0.0,28.2,50.55,1015.46,11.56,8.0,9.47,10.94,0.0,0.0,0.0,10.94,5.0,5.0,10.52
2012-12-19,22.13,34.19,51.44,1014.26,9.63,8.0,10.46,10.52,0.0,0.0,0.0,10.52,10.94,5.0,14.43
2012-12-20,0.0,29.95,53.84,1017.37,7.36,8.0,8.47,14.43,22.13,0.0,0.0,14.43,10.52,10.94,13.23
2012-12-21,0.0,30.07,41.28,1015.89,13.86,8.0,8.56,13.23,0.0,22.13,0.0,13.23,14.43,10.52,18.74
2012-12-22,0.0,31.57,56.98,1024.03,10.49,8.0,8.97,18.74,0.0,0.0,22.13,18.74,13.23,14.43,17.95
2012-12-23,0.0,29.58,42.83,1015.61,11.52,8.0,6.98,17.95,0.0,0.0,0.0,17.95,18.74,13.23,15.32
2012-12-24,0.0,28.33,56.42,1013.97,3.96,8.0,7.3,15.32,0.0,0.0,0.0,15.32,17.95,18.74,11.51
2012-12-25,0.0,28.47,62.12,1027.69,1.52,8.0,7.01,11.51,0.0,0.0,0.0,11.51,15.32,17.95,8.23
2012-12-26,0.0,28.77,52.75,1015.71,4.97,8.0,8.42,8.23,0.0,0.0,0.0,8.23,11.51,15.32,5.0
2012-12-27,5.68,28.84,67.86,1018.72,8.32,8.0,8.25,5.0,0.0,0.0,0.0,5.0,8.23,11.51,5.0
2012-12-28,8.32,30.73,45.92,1020.2,12.02,8.0,8.6,5.0,5.68,0.0,0.0,5.0,5.0,8.23,6.72
2012-12-29,0.0,29.03,64.52,1012.24,1.8,8.0,6.02,6.72,8.32,5.68,0.0,6.72,5.0,5.0,7.25
2012-12-30,0.0,30.71,60.94,1024.09,15.57,8.0,8.81,7.25,0.0,8.32,5.68,7.25,6.72,5.0,6.39
2012-12-31,17.07,28.65,44.25,1021.08,10.6,8.0,8.34,6.39,0.0,0.0,8.32,6.39,7.25,6.72,15.65
2013-01-01,0.0,29.04,75.24,1025.68,14.76,8.0,8.47,15.65,17.07,0.0,0.0,15.65,6.39,7.25,14.1
2013-01-02,0.0,23.82,55.87,1014.47,6.9,8.0,5.28,14.1,0.0,17.07,0.0,14.1,15.65,6.39,19.23
2013-01-03,0.0,31.08,50.22,1018.34,11.76,8.0,8.92,19.23,0.0,0.0,17.07,19.23,14.1,15.65,15.77
2013-01-04,0.0,29.62,46.56,1018.02,10.3,8.0,8.2,15.77,0.0,0.0,0.0,15.77,19.23,14.1,14.54
2013-01-05,0.0,31.22,54.93,1019.12,12.86,8.0,8.7,14.54,0.0,0.0,0.0,14.54,15.77,19.23,15.72
2013-01-06,52.73,21.45,55.64,1010.51,9.18,8.0,7.59,15.72,0.0,0.0,0.0,15.72,14.54,15.77,37.76
2013-01-07,0.0,,57.31,1018.31,11.66,8.0,8.82,37.76,52.73,0.0,0.0,37.76,15.72,14.54,45.39
2013-01-08,0.0,28.27,54.57,1010.59,13.86,8.0,9.78,45.39,0.0,52.73,0.0,45.39,37.76,15.72,43.77
2013-01-09,0.0,31.35,61.16,1019.49,7.72,8.0,7.71,43.77,0.0,0.0,52.73,43.77,45.39,37.76,37.23
2013-01-10,0.0,25.94,54.08,1007.02,10.85,8.0,7.55,37.23,0.0,0.0,0.0,37.23,43.77,45.39,35.14
2013-01-11,0.0,30.02,43.33,1008.38,3.39,8.0,6.99,35.14,0.0,0.0,0.0,35.14,37.23,43.77,32.98
2013-01-12,0.0,25.81,55.91,1021.7,12.46,8.0,8.57,32.98,0.0,0.0,0.0,32.98,35.14,37.23,29.49
2013-01-13,0.0,26.84,40.46,1014.83,16.84,8.0,9.41,29.49,0.0,0.0,0.0,29.49,32.98,35.14,28.22
2013-01-14,0.0,33.13,59.6,1012.59,5.64,8.0,7.75,28.22,0.0,0.0,0.0,28.22,29.49,32.98,21.1
2013-01-15,0.0,27.82,50.35,1023.85,9.68,8.0,8.25,21.1,0.0,0.0,0.0,21.1,28.22,29.49,20.57
2013-01-16,0.0,28.79,58.44,1019.1,13.08,8.0,9.14,20.57,0.0,0.0,0.0,20.57,21.1,28.22,20.92
2013-01-17,0.0,30.36,66.59,1021.78,10.11,8.0,9.0,20.92,0.0,0.0,0.0,20.92,20.57,21.1,17.84
2013-01-18,10.75,29.37,50.85,1016.55,10.58,8.0,8.47,17.84,0.0,0.0,0.0,17.84,20.92,20.57,20.37
2013-01-19,0.0,28.45,65.02,1030.73,8.63,8.0,7.47,20.37,10.75,0.0,0.0,20.37,17.84,20.92,12.58
2013-01-20,3.06,28.92,54.67,1014.27,8.5,8.0,7.55,12.58,0.0,10.75,0.0,12.58,20.37,17.84,18.07
2013-01-21,0.0,33.95,70.08,1025.97,9.7,8.0,9.05,18.07,3.06,0.0,10.75,18.07,12.58,20.37,16.81
2013-01-22,0.0,27.74,55.36,1016.89,10.15,8.0,8.88,16.81,0.0,3.06,0.0,16.81,18.07,12.58,16.9
2013-01-23,0.0,28.32,52.15,1008.88,5.86,8.0,7.85,16.9,0.0,0.0,3.06,16.9,16.81,18.07,15.69
2013-01-24,0.0,30.37,62.96,1019.52,9.77,8.0,8.18,15.69,0.0,0.0,0.0,15.69,16.9,16.81,14.87
2013-01-25,0.0,30.44,55.22,1018.63,15.49,8.0,8.94,14.87,0.0,0.0,0.0,14.87,15.69,16.9,13.88
2013-01-26,28.31,30.57,52.5,1011.75,8.53,8.0,9.03,13.88,0.0,0.0,0.0,13.88,14.87,15.69,28.7
2013-01-27,0.0,29.13,55.17,1012.34,5.67,8.0,6.8,28.7,28.31,0.0,0.0,28.7,13.88,14.87,39.17
2013-01-28,0.0,24.6,58.33,1016.78,9.47,8.0,7.45,39.17,0.0,28.31,0.0,39.17,28.7,13.88,41.66
2013-01-29,0.0,31.47,68.17,1018.59,7.5,8.0,9.4,41.66,0.0,0.0,28.31,41.66,39.17,28.7,40.38
2013-01-30,0.0,24.44,45.37,1004.44,5.32,8.0,8.19,40.38,0.0,0.0,0.0,40.38,41.66,39.17,33.96
2013-01-31,0.0,27.98,59.2,1022.0,10.49,8.0,8.52,33.96,0.0,0.0,0.0,33.96,40.38,41.66,28.81
2013-02-01,34.78,25.26,63.55,1014.2,7.51,8.0,7.2,28.81,0.0,0.0,0.0,28.81,33.96,40.38,41.21
2013-02-02,0.0,26.9,60.67,1009.96,7.81,8.0,7.63,41.21,34.78,0.0,0.0,41.21,28.81,33.96,44.9
2013-02-03,0.0,27.8,68.63,1021.26,10.54,8.0,8.36,44.9,0.0,34.78,0.0,44.9,41.21,28.81,44.72
2013-02-04,33.17,27.7,59.09,1016.38,4.63,8.0,9.13,44.72,0.0,0.0,34.78,44.72,44.9,41.21,49.64
2013-02-05,0.0,27.86,,1022.51,3.9,8.0,8.18,49.64,33.17,0.0,0.0,49.64,44.72,44.9,48.56
2013-02-06,0.0,30.75,64.06,1018.56,12.35,8.0,9.63,48.56,0.0,33.17,0.0,48.56,49.64,44.72,44.85
2013-02-07,14.87,27.76,60.76,1016.3,3.24,8.0,7.11,44.85,0.0,0.0,33.17,44.85,48.56,49.64,47.06
2013-02-08,0.0,25.93,57.49,1015.48,6.58,8.0,7.15,47.06,14.87,0.0,0.0,47.06,44.85,48.56,43.17
2013-02-09,0.0,28.86,63.99,1018.59,3.7,8.0,7.25,43.17,0.0,14.87,0.0,43.17,47.06,44.85,38.67
2013-02-10,0.0,29.33,55.97,1014.04,8.3,8.0,8.99,38.67,0.0,0.0,14.87,38.67,43.17,47.06,32.67
2013-02-11,0.0,23.19,56.42,1011.78,11.5,8.0,9.29,32.67,0.0,0.0,0.0,32.67,38.67,43.17,30.95
2013-02-12,0.0,27.65,57.17,1019.02,10.39,8.0,7.63,30.95,0.0,0.0,0.0,30.95,32.67,38.67,31.17
2013-02-13,26.74,27.82,70.51,1015.18,18.37,8.0,7.63,31.17,0.0,0.0,0.0,31.17,30.95,32.67,35.59
2013-02-14,0.0,25.22,38.66,1016.0,13.8,8.0,8.45,35.59,26.74,0.0,0.0,35.59,31.17,30.95,39.31
2013-02-15,0.0,29.3,64.14,1021.21,6.74,8.0,8.76,39.31,0.0,26.74,0.0,39.31,35.59,31.17,34.2
2013-02-16,0.0,25.39,61.79,1015.12,5.81,8.0,6.9,34.2,0.0,0.0,26.74,34.2,39.31,35.59,32.34
2013-02-17,0.0,25.98,49.96,1015.69,19.47,8.0,9.89,32.34,0.0,0.0,0.0,32.34,34.2,39.31,23.93
2013-02-18,0.0,25.13,64.07,1012.54,13.72,8.0,7.6,23.93,0.0,0.0,0.0,23.93,32.34,34.2,25.88
2013-02-19,0.0,25.49,65.41,1017.62,12.06,8.0,8.05,25.88,0.0,0.0,0.0,25.88,23.93,32.34,21.77
2013-02-20,0.0,22.61,66.39,1017.14,10.26,8.0,7.06,21.77,0.0,0.0,0.0,21.77,25.88,23.93,19.91
2013-02-21,17.53,21.64,43.88,1019.82,10.96,8.0,7.68,19.91,0.0,0.0,0.0,19.91,21.77,25.88,25.28
2013-02-22,0.0,29.12,72.19,1012.34,4.81,8.0,7.73,25.28,17.53,0.0,0.0,25.28,19.91,21.77,30.1
2013-02-23,17.99,22.91,57.65,1012.87,10.55,8.0,8.37,30.1,0.0,17.53,0.0,30.1,25.28,19.91,33.84
2013-02-24,41.14,22.44,67.8,1019.05,10.25,8.0,7.33,33.84,17.99,0.0,17.53,33.84,30.1,25.28,50.46
2013-02-25,0.0,19.43,68.37,1016.27,6.84,8.0,5.91,50.46,41.14,17.99,0.0,50.46,33.84,30.1,55.34
2013-02-26,0.0,23.1,57.24,1010.4,8.12,8.0,6.26,55.34,0.0,41.14,17.99,55.34,50.46,33.84,57.04
2013-02-27,0.0,21.28,68.19,1021.38,15.3,8.0,9.16,57.04,0.0,0.0,41.14,57.04,55.34,50.46,47.54
2013-02-28,0.0,28.58,61.06,1006.27,9.56,8.0,7.62,47.54,0.0,0.0,0.0,47.54,57.04,55.34,34.0
2013-03-01,23.68,26.89,49.45,1018.61,17.25,8.0,9.71,34.0,0.0,0.0,0.0,34.0,47.54,57.04,35.66
2013-03-02,0.0,22.53,72.32,1008.28,3.91,8.0,5.43,35.66,23.68,0.0,0.0,35.66,34.0,47.54,38.65
2013-03-03,0.0,29.76,58.92,1023.95,8.17,8.0,9.46,38.65,0.0,23.68,0.0,38.65,35.66,34.0,36.64
2013-03-04,0.0,26.47,58.56,1006.72,4.58,8.0,9.53,36.64,0.0,0.0,23.68,36.64,38.65,35.66,31.85
2013-03-05,9.44,23.09,61.92,1020.12,5.77,8.0,7.36,31.85,0.0,0.0,0.0,31.85,36.64,38.65,29.04
2013-03-06,27.93,17.54,66.84,1013.87,7.1,8.0,6.43,29.04,9.44,0.0,0.0,29.04,31.85,36.64,39.41
2013-03-07,0.0,29.4,64.74,1012.36,11.1,8.0,9.73,39.41,27.93,9.44,0.0,39.41,29.04,31.85,42.74
2013-03-08,0.0,20.08,69.18,1015.04,10.93,8.0,7.11,42.74,0.0,27.93,9.44,42.74,39.41,29.04,40.55
2013-03-09,28.45,19.32,56.16,1017.18,7.62,8.0,7.03,40.55,0.0,0.0,27.93,40.55,42.74,39.41,52.17
2013-03-10,70.52,25.87,60.55,1009.42,2.2,8.0,4.66,52.17,28.45,0.0,0.0,52.17,40.55,42.74,84.08
2013-03-11,0.0,29.3,65.13,1009.78,15.17,8.0,9.11,84.08,70.52,28.45,0.0,84.08,52.17,40.55,90.62
2013-03-12,0.0,26.54,79.43,1017.02,9.0,8.0,8.8,90.62,0.0,70.52,28.45,90.62,84.08,52.17,90.47
2013-03-13,0.0,24.37,65.56,1005.15,6.09,8.0,6.9,90.47,0.0,0.0,70.52,90.47,90.62,84.08,79.85
2013-03-14,0.0,24.33,74.16,1010.68,10.96,8.0,7.59,79.85,0.0,0.0,0.0,79.85,90.47,90.62,71.35
2013-03-15,0.0,24.85,67.03,1028.72,10.72,8.0,7.66,71.35,0.0,0.0,0.0,71.35,79.85,90.47,61.97
2013-03-16,0.0,24.5,63.58,1008.59,8.87,8.0,9.28,61.97,0.0,0.0,0.0,61.97,71.35,79.85,55.16
2013-03-17,2.6,23.18,65.45,1019.08,10.52,8.0,7.98,55.16,0.0,0.0,0.0,55.16,61.97,71.35,44.43
2013-03-18,0.0,22.62,66.2,1010.33,5.96,8.0,7.08,44.43,2.6,0.0,0.0,44.43,55.16,61.97,36.83
2013-03-19,0.0,22.08,71.81,1015.72,12.66,8.0,7.65,36.83,0.0,2.6,0.0,36.83,44.43,55.16,36.85
2013-03-20,0.0,20.24,77.42,1016.36,6.51,8.0,7.64,36.85,0.0,0.0,2.6,36.85,36.83,44.43,31.31
2013-03-21,0.0,21.3,70.52,1018.64,7.88,8.0,6.53,31.31,0.0,0.0,0.0,31.31,36.85,36.83,23.86
2013-03-22,0.0,17.65,76.52,1011.91,12.27,8.0,8.41,23.86,0.0,0.0,0.0,23.86,31.31,36.85,26.8
2013-03-23,0.0,21.51,61.66,1022.77,14.21,8.0,8.1,26.8,0.0,0.0,0.0,26.8,23.86,31.31,22.54
2013-03-24,0.0,19.17,65.72,1009.8,15.55,8.0,9.05,22.54,0.0,0.0,0.0,22.54,26.8,23.86,21.71
2013-03-25,0.0,18.76,63.75,1013.83,13.7,8.0,7.5,21.71,0.0,0.0,0.0,21.71,22.54,26.8,17.31
2013-03-26,0.0,21.85,71.23,1013.8,8.87,8.0,8.03,17.31,0.0,0.0,0.0,17.31,21.71,22.54,18.47
2013-03-27,0.0,24.76,66.72,1006.88,4.61,8.0,7.51,18.47,0.0,0.0,0.0,18.47,17.31,21.71,16.27
2013-03-28,0.0,23.45,74.55,1010.97,14.92,8.0,8.4,16.27,0.0,0.0,0.0,16.27,18.47,17.31,8.46
2013-03-29,38.05,17.11,63.13,1013.12,14.8,8.0,8.88,8.46,0.0,0.0,0.0,8.46,16.27,18.47,30.68
2013-03-30,0.0,18.45,70.15,1010.07,7.65,8.0,7.86,30.68,38.05,0.0,0.0,30.68,8.46,16.27,32.57
2013-03-31,0.0,23.15,74.86,1024.35,13.22,8.0,7.64,32.57,0.0,38.05,0.0,32.57,30.68,8.46,32.12
2013-04-01,0.0,18.23,55.8,1007.87,8.84,8.0,6.48,32.12,0.0,0.0,38.05,32.12,32.57,30.68,24.03
2013-04-02,0.0,20.0,85.31,1017.87,15.25,8.0,7.87,24.03,0.0,0.0,0.0,24.03,32.12,32.57,14.86
2013-04-03,0.0,21.82,68.68,1016.17,8.2,8.0,7.05,14.86,0.0,0.0,0.0,14.86,24.03,32.12,16.91
2013-04-04,0.0,17.91,56.69,1011.74,16.93,8.0,9.06,16.91,0.0,0.0,0.0,16.91,14.86,24.03,15.61
2013-04-05,0.0,20.48,72.17,1007.4,12.75,8.0,8.09,15.61,0.0,0.0,0.0,15.61,16.91,14.86,6.96
2013-04-06,0.0,16.76,71.5,1007.8,16.29,8.0,7.21,6.96,0.0,0.0,0.0,6.96,15.61,16.91,5.0
2013-04-07,0.0,18.48,70.89,1008.97,8.38,8.0,6.25,5.0,0.0,0.0,0.0,5.0,6.96,15.61,5.72
2013-04-08,0.0,20.67,78.59,1002.55,11.42,8.0,7.68,5.72,0.0,0.0,0.0,5.72,5.0,6.96,7.15
2013-04-09,5.7,15.77,77.08,1006.38,6.61,8.0,7.03,7.15,0.0,0.0,0.0,7.15,5.72,5.0,5.59
2013-04-10,43.63,20.74,74.13,1003.9,12.95,8.0,9.11,5.59,5.7,0.0,0.0,5.59,7.15,5.72,22.59
2013-04-11,0.0,19.48,75.39,1017.96,13.15,8.0,7.87,22.59,43.63,5.7,0.0,22.59,5.59,7.15,26.92
2013-04-12,0.0,20.79,71.7,1014.24,18.39,8.0,8.59,26.92,0.0,43.63,5.7,26.92,22.59,5.59,27.61
2013-04-13,3.7,19.86,85.05,1015.0,11.69,8.0,7.33,27.61,0.0,0.0,43.63,27.61,26.92,22.59,26.64
2013-04-14,20.77,22.6,62.46,1013.94,12.53,8.0,7.47,26.64,3.7,0.0,0.0,26.64,27.61,26.92,35.75
2013-04-15,22.69,19.39,73.98,1011.75,8.35,8.0,6.95,35.75,20.77,3.7,0.0,35.75,26.64,27.61,46.41
2013-04-16,0.0,17.9,73.65,1018.14,11.89,8.0,7.0,46.41,22.69,20.77,3.7,46.41,35.75,26.64,48.8
2013-04-17,0.0,19.17,79.07,1007.71,8.67,8.0,6.69,48.8,0.0,22.69,20.77,48.8,46.41,35.75,44.99
2013-04-18,0.0,20.12,67.65,1011.22,10.41,8.0,7.91,44.99,0.0,0.0,22.69,44.99,48.8,46.41,35.49
2013-04-19,0.0,18.77,61.54,1014.34,10.61,8.0,6.2,35.49,0.0,0.0,0.0,35.49,44.99,48.8,30.72
2013-04-20,0.0,18.65,75.02,1003.93,8.77,8.0,5.46,30.72,0.0,0.0,0.0,30.72,35.49,44.99,25.55
2013-04-21,0.0,16.69,76.07,1025.94,10.22,8.0,6.23,25.55,0.0,0.0,0.0,25.55,30.72,35.49,20.08
2013-04-22,0.0,16.68,84.7,1010.53,8.69,8.0,7.35,20.08,0.0,0.0,0.0,20.08,25.55,30.72,17.73
2013-04-23,0.0,14.73,65.56,1011.02,8.67,8.0,6.87,17.73,0.0,0.0,0.0,17.73,20.08,25.55,10.13
2013-04-24,0.0,22.51,82.71,1016.52,13.77,8.0,8.88,10.13,0.0,0.0,0.0,10.13,17.73,20.08,7.29
2013-04-25,9.28,14.93,91.37,1014.74,10.61,8.0,5.46,7.29,0.0,0.0,0.0,7.29,10.13,17.73,7.9
2013-04-26,0.0,16.2,72.32,1010.29,11.21,8.0,7.51,7.9,9.28,0.0,0.0,7.9,7.29,10.13,5.87
2013-04-27,45.5,16.04,66.1,1010.68,4.9,8.0,5.02,5.87,0.0,9.28,0.0,5.87,7.9,7.29,27.42
2013-04-28,8.81,19.98,72.45,1002.44,11.48,8.0,6.69,27.42,45.5,0.0,9.28,27.42,5.87,7.9,37.36
2013-04-29,0.0,16.91,75.56,1007.11,11.86,8.0,6.22,37.36,8.81,45.5,0.0,37.36,27.42,5.87,41.74
2013-04-30,8.25,20.67,,1012.41,8.61,8.0,6.26,41.74,0.0,8.81,45.5,41.74,37.36,27.42,42.75
2013-05-01,0.0,15.78,71.64,1011.98,17.3,8.0,10.09,42.75,8.25,0.0,8.81,42.75,41.74,37.36,35.82
2013-05-02,16.46,18.07,86.82,1015.8,1.99,8.0,6.28,35.82,0.0,8.25,0.0,35.82,42.75,41.74,43.26
2013-05-03,0.0,15.19,68.29,1009.03,12.75,8.0,5.76,43.26,16.46,0.0,8.25,43.26,35.82,42.75,39.69
2013-05-04,0.0,22.56,64.07,1002.63,12.49,8.0,6.78,39.69,0.0,16.46,0.0,39.69,43.26,35.82,40.86
2013-05-05,0.0,14.14,84.14,1014.79,11.9,8.0,6.98,40.86,0.0,0.0,16.46,40.86,39.69,43.26,34.62
2013-05-06,0.0,17.8,60.61,1016.62,10.62,8.0,7.38,34.62,0.0,0.0,0.0,34.62,40.86,39.69,26.01
2013-05-07,0.0,18.52,75.25,1013.87,11.93,8.0,6.94,26.01,0.0,0.0,0.0,26.01,34.62,40.86,19.21
2013-05-08,0.0,17.89,98.0,1008.51,13.04,8.0,8.78,19.21,0.0,0.0,0.0,19.21,26.01,34.62,20.23
2013-05-09,4.42,16.31,76.87,1014.49,7.46,8.0,5.82,20.23,0.0,0.0,0.0,20.23,19.21,26.01,21.56
2013-05-10,9.37,16.37,69.25,1026.35,11.05,8.0,7.85,21.56,4.42,0.0,0.0,21.56,20.23,19.21,21.18
2013-05-11,0.0,16.73,76.83,1009.73,9.36,8.0,7.51,21.18,9.37,4.42,0.0,21.18,21.56,20.23,21.8
2013-05-12,0.0,16.17,77.0,1002.54,6.17,8.0,8.24,21.8,0.0,9.37,4.42,21.8,21.18,21.56,23.71
2013-05-13,32.9,18.88,78.61,1006.12,12.51,8.0,9.52,23.71,0.0,0.0,9.37,23.71,21.8,21.18,40.39
2013-05-14,0.0,21.92,82.25,1012.12,8.02,8.0,7.76,40.39,32.9,0.0,0.0,40.39,23.71,21.8,42.65
2013-05-15,9.74,14.93,70.46,1000.92,4.76,8.0,6.03,42.65,0.0,32.9,0.0,42.65,40.39,23.71,46.7
2013-05-16,0.0,12.83,89.67,1009.74,8.11,8.0,6.47,46.7,9.74,0.0,32.9,46.7,42.65,40.39,42.48
2013-05-17,0.0,15.96,79.69,1010.75,7.2,8.0,6.93,42.48,0.0,9.74,0.0,42.48,46.7,42.65,38.6
2013-05-18,0.0,22.57,83.17,1016.47,13.6,8.0,6.62,38.6,0.0,0.0,9.74,38.6,42.48,46.7,35.98
2013-05-19,0.0,14.04,73.8,1015.3,10.54,8.0,5.56,35.98,0.0,0.0,0.0,35.98,38.6,42.48,27.86
2013-05-20,4.89,20.09,87.31,1013.03,14.84,8.0,8.78,27.86,0.0,0.0,0.0,27.86,35.98,38.6,28.85
2013-05-21,0.0,20.12,76.61,997.85,7.67,8.0,8.07,28.85,4.89,0.0,0.0,28.85,27.86,35.98,25.01
2013-05-22,5.63,14.49,80.45,1013.23,13.06,8.0,8.34,25.01,0.0,4.89,0.0,25.01,28.85,27.86,22.38
2013-05-23,0.0,17.24,72.07,1012.11,19.94,8.0,8.36,22.38,5.63,0.0,4.89,22.38,25.01,28.85,18.25
2013-05-24,6.47,19.83,71.72,1009.82,11.25,8.0,7.77,18.25,0.0,5.63,0.0,18.25,22.38,25.01,26.11
2013-05-25,6.42,14.76,83.61,999.85,13.02,8.0,6.79,26.11,6.47,0.0,5.63,26.11,18.25,22.38,31.5
2013-05-26,0.0,15.14,75.77,1004.58,12.43,8.0,8.62,31.5,6.42,6.47,0.0,31.5,26.11,18.25,26.76
2013-05-27,57.58,14.15,72.99,1002.6,5.02,8.0,5.63,26.76,0.0,6.42,6.47,26.76,31.5,26.11,49.45
2013-05-28,38.77,13.02,74.55,998.32,12.05,8.0,6.24,49.45,57.58,0.0,6.42,49.45,26.76,31.5,72.12
2013-05-29,0.0,13.89,84.02,1008.35,11.07,8.0,6.64,72.12,38.77,57.58,0.0,72.12,49.45,26.76,84.2
2013-05-30,0.0,12.41,74.8,1004.34,9.09,8.0,6.04,84.2,0.0,38.77,57.58,84.2,72.12,49.45,77.21
2013-05-31,0.0,15.51,78.45,1021.43,6.91,8.0,6.29,77.21,0.0,0.0,38.77,77.21,84.2,72.12,60.17
2013-06-01,0.0,13.46,79.45,1007.43,12.43,8.0,7.67,60.17,0.0,0.0,0.0,60.17,77.21,84.2,52.52
2013-06-02,0.0,15.93,65.99,1014.71,6.6,8.0,6.51,52.52,0.0,0.0,0.0,52.52,60.17,77.21,45.27
2013-06-03,30.47,11.42,69.17,1000.37,17.47,8.0,7.06,45.27,0.0,0.0,0.0,45.27,52.52,60.17,54.23
2013-06-04,0.0,16.1,81.88,1005.55,10.4,8.0,6.4,54.23,30.47,0.0,0.0,54.23,45.27,52.52,56.82
2013-06-05,0.0,17.33,74.43,1008.66,5.72,8.0,5.96,56.82,0.0,30.47,0.0,56.82,54.23,45.27,57.67
2013-06-06,0.0,10.23,87.04,1003.61,8.2,8.0,4.36,57.67,0.0,0.0,30.47,57.67,56.82,54.23,54.64
2013-06-07,0.0,16.12,86.45,1006.02,9.03,8.0,7.42,54.64,0.0,0.0,0.0,54.64,57.67,56.82,50.35
2013-06-08,11.92,18.23,84.77,1007.02,18.44,8.0,8.84,50.35,0.0,0.0,0.0,50.35,54.64,57.67,53.0
2013-06-09,6.12,12.11,92.51,1006.92,6.9,8.0,7.15,53.0,11.92,0.0,0.0,53.0,50.35,54.64,46.81
2013-06-10,17.76,19.29,79.23,1017.35,9.59,8.0,7.47,46.81,6.12,11.92,0.0,46.81,53.0,50.35,50.4
2013-06-11,37.78,16.14,84.39,1009.96,8.12,8.0,5.37,50.4,17.76,6.12,11.92,50.4,46.81,53.0,64.53
2013-06-12,62.61,13.31,75.79,1010.45,11.75,8.0,6.97,64.53,37.78,17.76,6.12,64.53,50.4,46.81,94.36
2013-06-13,0.0,14.92,97.07,1010.74,8.17,8.0,6.53,94.36,62.61,37.78,17.76,94.36,64.53,50.4,97.89
2013-06-14,0.75,16.44,93.81,1011.09,6.01,8.0,6.83,97.89,0.0,62.61,37.78,97.89,94.36,64.53,91.63
2013-06-15,0.0,15.22,80.03,1007.61,9.32,8.0,8.11,91.63,0.75,0.0,62.61,91.63,97.89,94.36,79.54
2013-06-16,0.0,16.37,82.67,1006.41,8.95,8.0,5.74,79.54,0.0,0.75,0.0,79.54,91.63,97.89,71.61
2013-06-17,0.0,12.71,89.5,1008.84,7.93,8.0,6.59,71.61,0.0,0.0,0.75,71.61,79.54,91.63,51.27
2013-06-18,0.0,15.43,78.96,1013.79,8.11,8.0,6.38,51.27,0.0,0.0,0.0,51.27,71.61,79.54,45.05
2013-06-19,0.0,11.47,75.4,1013.63,14.15,8.0,9.06,45.05,0.0,0.0,0.0,45.05,51.27,71.61,37.12
2013-06-20,0.0,14.72,86.12,1006.8,8.88,8.0,7.23,37.12,0.0,0.0,0.0,37.12,45.05,51.27,29.66
2013-06-21,0.0,12.74,80.55,1011.84,6.03,8.0,5.69,29.66,0.0,0.0,0.0,29.66,37.12,45.05,27.26
2013-06-22,52.65,13.16,81.28,1007.03,8.38,8.0,7.39,27.26,0.0,0.0,0.0,27.26,29.66,37.12,46.61
2013-06-23,0.0,18.1,74.15,1008.17,10.19,8.0,6.95,46.61,52.65,0.0,0.0,46.61,27.26,29.66,52.26
2013-06-24,0.0,17.74,67.95,1005.64,5.32,8.0,6.95,52.26,0.0,52.65,0.0,52.26,46.61,27.26,52.9
2013-06-25,9.87,16.55,81.61,1007.11,15.69,8.0,7.46,52.9,0.0,0.0,52.65,52.9,52.26,46.61,55.6
2013-06-26,0.0,12.3,86.28,1014.73,13.04,8.0,6.94,55.6,9.87,0.0,0.0,55.6,52.9,52.26,55.02
2013-06-27,0.0,14.26,78.34,1008.5,15.01,8.0,8.45,55.02,0.0,9.87,0.0,55.02,55.6,52.9,44.73
2013-06-28,0.0,18.09,89.95,1008.72,11.37,8.0,6.95,44.73,0.0,0.0,9.87,44.73,55.02,55.6,37.65
2013-06-29,0.0,15.43,74.94,1000.82,2.67,8.0,3.3,37.65,0.0,0.0,0.0,37.65,44.73,55.02,31.84
2013-06-30,3.37,20.9,72.45,1006.52,15.37,8.0,7.64,31.84,0.0,0.0,0.0,31.84,37.65,44.73,24.12
2013-07-01,0.0,16.1,79.33,1006.88,6.98,8.0,7.61,24.12,3.37,0.0,0.0,24.12,31.84,37.65,31.44
2013-07-02,29.28,15.62,79.18,1003.95,7.26,8.0,7.68,31.44,0.0,3.37,0.0,31.44,24.12,31.84,40.73
2013-07-03,50.62,14.39,85.11,1008.23,10.55,8.0,6.17,40.73,29.28,0.0,3.37,40.73,31.44,24.12,58.81
2013-07-04,0.0,15.53,74.24,1005.99,14.82,8.0,6.29,58.81,50.62,29.28,0.0,58.81,40.73,31.44,69.13
2013-07-05,0.0,14.84,89.2,1008.56,13.69,8.0,6.87,69.13,0.0,50.62,29.28,69.13,58.81,40.73,67.38
2013-07-06,6.92,,93.33,1008.79,13.17,8.0,8.15,67.38,0.0,0.0,50.62,67.38,69.13,58.81,59.54
2013-07-07,0.0,17.68,79.23,1003.43,8.91,8.0,6.71,59.54,6.92,0.0,0.0,59.54,67.38,69.13,56.22
2013-07-08,2.89,13.36,88.2,1006.24,8.85,8.0,4.76,56.22,0.0,6.92,0.0,56.22,59.54,67.38,54.73
2013-07-09,0.0,12.03,71.99,1008.64,11.21,8.0,7.1,54.73,2.89,0.0,6.92,54.73,56.22,59.54,51.16
2013-07-10,15.55,10.81,86.84,1014.21,9.54,8.0,7.01,51.16,0.0,2.89,0.0,51.16,54.73,56.22,53.82
2013-07-11,0.0,16.71,86.58,1009.6,13.11,8.0,8.64,53.82,15.55,0.0,2.89,53.82,51.16,54.73,48.0
2013-07-12,11.07,12.72,85.22,1005.03,12.91,8.0,5.26,48.0,0.0,15.55,0.0,48.0,53.82,51.16,43.0
2013-07-13,0.0,10.14,78.99,1010.37,12.07,8.0,7.45,43.0,11.07,0.0,15.55,43.0,48.0,53.82,35.85
2013-07-14,13.61,16.54,58.34,1016.95,1.16,8.0,5.85,35.85,0.0,11.07,0.0,35.85,43.0,48.0,36.92
2013-07-15,0.0,21.85,74.44,1013.03,10.45,8.0,7.07,36.92,13.61,0.0,11.07,36.92,35.85,43.0,29.15
2013-07-16,16.68,15.66,74.47,1011.22,9.62,8.0,5.47,29.15,0.0,13.61,0.0,29.15,36.92,35.85,40.6
2013-07-17,0.0,17.82,71.91,1012.15,10.59,8.0,5.7,40.6,16.68,0.0,13.61,40.6,29.15,36.92,35.58
2013-07-18,23.76,15.98,79.52,1015.76,7.36,8.0,5.85,35.58,0.0,16.68,0.0,35.58,40.6,29.15,42.62
2013-07-19,0.0,15.59,75.64,1013.97,5.36,8.0,5.49,42.62,23.76,0.0,16.68,42.62,35.58,40.6,42.74
2013-07-20,37.65,18.19,72.7,1011.47,11.62,8.0,7.3,42.74,0.0,23.76,0.0,42.74,42.62,35.58,60.13
2013-07-21,0.0,15.23,70.95,1014.02,8.75,8.0,7.82,60.13,37.65,0.0,23.76,60.13,42.74,42.62,62.15
2013-07-22,60.9,16.68,73.25,1003.32,12.01,8.0,7.21,62.15,0.0,37.65,0.0,62.15,60.13,42.74,85.48
2013-07-23,23.5,16.88,86.0,1001.26,7.65,8.0,5.34,85.48,60.9,0.0,37.65,85.48,62.15,60.13,105.45
2013-07-24,70.41,14.47,73.41,1009.6,14.96,8.0,6.65,105.45,23.5,60.9,0.0,105.45,85.48,62.15,140.01
2013-07-25,21.03,18.69,74.32,1009.21,13.5,8.0,7.98,140.01,70.41,23.5,60.9,140.01,105.45,85.48,150.33
2013-07-26,0.0,15.84,74.61,1006.19,11.04,8.0,6.42,150.33,21.03,70.41,23.5,150.33,140.01,105.45,145.96
2013-07-27,0.0,14.46,,1013.09,9.25,8.0,6.49,145.96,0.0,21.03,70.41,145.96,150.33,140.01,130.5
2013-07-28,2.58,17.76,80.76,999.7,12.98,8.0,8.42,130.5,0.0,0.0,21.03,130.5,145.96,150.33,118.47
2013-07-29,0.0,14.25,56.13,1006.39,11.37,8.0,7.51,118.47,2.58,0.0,0.0,118.47,130.5,145.96,103.47
2013-07-30,0.0,16.64,84.46,1006.7,10.84,8.0,6.59,103.47,0.0,2.58,0.0,103.47,118.47,130.5,88.77
2013-07-31,15.79,16.62,87.23,1000.99,13.65,8.0,6.65,88.77,0.0,0.0,2.58,88.77,103.47,118.47,89.63
2013-08-01,22.07,19.44,69.69,1016.71,14.99,8.0,9.61,89.63,15.79,0.0,0.0,89.63,88.77,103.47,88.63
2013-08-02,0.0,17.99,70.1,1002.49,5.62,8.0,5.91,88.63,22.07,15.79,0.0,88.63,89.63,88.77,84.17
2013-08-03,14.66,16.82,73.62,1006.41,6.32,8.0,8.34,84.17,0.0,22.07,15.79,84.17,88.63,89.63,81.52
2013-08-04,0.0,19.01,71.33,1013.95,7.27,8.0,8.12,81.52,14.66,0.0,22.07,81.52,84.17,88.63,74.44
2013-08-05,22.61,20.53,78.05,1012.7,4.74,8.0,6.51,74.44,0.0,14.66,0.0,74.44,81.52,84.17,77.47
2013-08-06,0.0,18.53,62.71,1003.99,9.78,8.0,6.22,77.47,22.61,0.0,14.66,77.47,74.44,81.52,72.71
2013-08-07,0.0,17.25,68.36,1013.0,12.1,8.0,7.4,72.71,0.0,22.61,0.0,72.71,77.47,74.44,63.64
2013-08-08,12.23,14.04,86.81,1011.1,9.93,8.0,7.65,63.64,0.0,0.0,22.61,63.64,72.71,77.47,59.7
2013-08-09,37.21,,69.38,1021.38,8.13,8.0,6.19,59.7,12.23,0.0,0.0,59.7,63.64,72.71,72.9
2013-08-10,14.56,16.73,84.42,1011.8,13.94,8.0,6.46,72.9,37.21,12.23,0.0,72.9,59.7,63.64,79.96
2013-08-11,27.68,16.07,78.05,1009.14,10.49,8.0,6.5,79.96,14.56,37.21,12.23,79.96,72.9,59.7,90.75
2013-08-12,0.0,17.22,62.73,1005.63,11.2,8.0,7.57,90.75,27.68,14.56,37.21,90.75,79.96,72.9,90.31
2013-08-13,16.72,17.92,79.68,1006.26,14.04,8.0,8.06,90.31,0.0,27.68,14.56,90.31,90.75,79.96,91.71
2013-08-14,0.0,19.2,74.25,1005.93,9.57,8.0,7.24,91.71,16.72,0.0,27.68,91.71,90.31,90.75,81.95
2013-08-15,39.03,17.8,71.71,1016.98,17.21,8.0,7.81,81.95,0.0,16.72,0.0,81.95,91.71,90.31,91.65
2013-08-16,0.0,19.29,76.45,1010.28,8.43,8.0,6.91,91.65,39.03,0.0,16.72,91.65,81.95,91.71,89.51
2013-08-17,0.0,18.33,77.88,1013.09,16.99,8.0,7.81,89.51,0.0,39.03,0.0,89.51,91.65,81.95,77.9
2013-08-18,66.75,13.34,79.34,1017.91,6.59,8.0,6.17,77.9,0.0,0.0,39.03,77.9,89.51,91.65,90.73
2013-08-19,0.0,16.03,82.46,998.62,11.81,8.0,7.33,90.73,66.75,0.0,0.0,90.73,77.9,89.51,94.75
2013-08-20,12.69,18.12,76.89,1016.88,7.75,8.0,6.58,94.75,0.0,66.75,0.0,94.75,90.73,77.9,94.75
2013-08-21,0.0,15.56,64.22,1010.84,13.92,8.0,6.8,94.75,12.69,0.0,66.75,94.75,94.75,90.73,84.3
2013-08-22,0.0,20.19,70.36,1012.81,8.33,8.0,8.12,84.3,0.0,12.69,0.0,84.3,94.75,94.75,76.67
2013-08-23,0.0,22.62,94.09,1006.57,11.02,8.0,7.91,76.67,0.0,0.0,12.69,76.67,84.3,94.75,67.52
2013-08-24,0.0,21.95,78.38,1007.01,7.72,8.0,7.75,67.52,0.0,0.0,0.0,67.52,76.67,84.3,59.22
2013-08-25,0.0,18.48,89.71,1013.31,13.28,8.0,6.98,59.22,0.0,0.0,0.0,59.22,67.52,76.67,57.35
2013-08-26,0.0,22.85,82.7,1022.87,7.7,8.0,7.18,57.35,0.0,0.0,0.0,57.35,59.22,67.52,49.59
2013-08-27,0.0,19.6,74.44,1016.04,15.89,8.0,7.56,49.59,0.0,0.0,0.0,49.59,57.35,59.22,44.55
2013-08-28,0.0,18.5,74.66,1017.43,6.51,8.0,7.77,44.55,0.0,0.0,0.0,44.55,49.59,57.35,37.15
2013-08-29,11.33,17.92,72.11,1010.22,5.29,8.0,5.54,37.15,0.0,0.0,0.0,37.15,44.55,49.59,41.07
2013-08-30,0.0,18.81,60.0,1008.26,13.33,8.0,6.96,41.07,11.33,0.0,0.0,41.07,37.15,44.55,39.58
2013-08-31,0.0,18.71,72.1,1007.44,7.93,8.0,6.94,39.58,0.0,11.33,0.0,39.58,41.07,37.15,42.36
2013-09-01,8.14,20.22,80.25,1008.98,9.97,8.0,6.39,42.36,0.0,0.0,11.33,42.36,39.58,41.07,41.19
2013-09-02,0.0,20.31,67.39,1001.24,8.87,8.0,8.36,41.19,8.14,0.0,0.0,41.19,42.36,39.58,38.96
2013-09-03,0.0,20.03,74.27,1007.96,5.41,8.0,5.52,38.96,0.0,8.14,0.0,38.96,41.19,42.36,35.12
2013-09-04,2.99,21.23,77.15,1008.87,9.73,8.0,7.22,35.12,0.0,0.0,8.14,35.12,38.96,41.19,37.67
2013-09-05,0.0,23.23,64.62,1010.88,14.43,8.0,8.06,37.67,2.99,0.0,0.0,37.67,35.12,38.96,35.03
2013-09-06,0.0,22.75,67.63,1012.5,13.51,8.0,8.43,35.03,0.0,2.99,0.0,35.03,37.67,35.12,30.9
2013-09-07,22.54,16.78,63.46,1013.73,10.81,8.0,6.51,30.9,0.0,0.0,2.99,30.9,35.03,37.67,33.53
2013-09-08,0.0,14.22,64.63,1011.93,13.89,8.0,7.53,33.53,22.54,0.0,0.0,33.53,30.9,35.03,26.29
2013-09-09,0.0,23.06,61.17,1009.18,6.29,8.0,6.49,26.29,0.0,22.54,0.0,26.29,33.53,30.9,26.16
2013-09-10,41.1,17.43,63.67,1002.36,8.86,8.0,6.12,26.16,0.0,0.0,22.54,26.16,26.29,33.53,39.23
2013-09-11,0.0,20.4,79.71,1009.38,11.39,8.0,7.37,39.23,41.1,0.0,0.0,39.23,26.16,26.29,31.68
2013-09-12,0.0,18.16,63.16,1007.48,9.54,8.0,7.03,31.68,0.0,41.1,0.0,31.68,39.23,26.16,31.38
2013-09-13,0.0,16.7,70.25,1014.76,9.14,8.0,6.63,31.38,0.0,0.0,41.1,31.38,31.68,39.23,23.97
2013-09-14,9.52,22.68,65.64,1017.06,5.8,8.0,6.73,23.97,0.0,0.0,0.0,23.97,31.38,31.68,30.93
2013-09-15,57.57,23.34,77.21,1017.3,2.72,8.0,7.68,30.93,9.52,0.0,0.0,30.93,23.97,31.38,53.08
2013-09-16,0.0,20.12,77.93,1016.47,12.86,8.0,7.99,53.08,57.57,9.52,0.0,53.08,30.93,23.97,63.7
2013-09-17,0.0,15.21,74.59,1012.11,10.85,8.0,7.12,63.7,0.0,57.57,9.52,63.7,53.08,30.93,64.54
2013-09-18,0.0,20.44,70.48,1010.25,13.16,8.0,8.73,64.54,0.0,0.0,57.57,64.54,63.7,53.08,60.36
2013-09-19,0.0,22.9,66.51,1009.21,8.47,8.0,6.37,60.36,0.0,0.0,0.0,60.36,64.54,63.7,61.17
2013-09-20,0.0,18.35,59.58,1005.49,7.51,8.0,8.51,61.17,0.0,0.0,0.0,61.17,60.36,64.54,56.69
2013-09-21,0.0,22.62,81.32,1018.08,10.02,8.0,6.24,56.69,0.0,0.0,0.0,56.69,61.17,60.36,61.12
2013-09-22,21.77,22.25,62.19,1012.33,12.99,8.0,9.07,61.12,0.0,0.0,0.0,61.12,56.69,61.17,65.11
2013-09-23,0.0,23.85,71.95,1007.06,9.19,8.0,6.3,65.11,21.77,0.0,0.0,65.11,61.12,56.69,65.93
2013-09-24,0.0,22.83,74.51,1009.24,12.81,8.0,8.01,65.93,0.0,21.77,0.0,65.93,65.11,61.12,59.46
2013-09-25,55.11,20.21,63.01,1009.13,6.48,8.0,6.39,59.46,0.0,0.0,21.77,59.46,65.93,65.11,70.48
2013-09-26,0.0,25.76,73.95,1013.76,9.43,8.0,9.1,70.48,55.11,0.0,0.0,70.48,59.46,65.93,64.21
2013-09-27,31.49,22.49,71.83,1018.97,9.75,8.0,8.19,64.21,0.0,55.11,0.0,64.21,70.48,59.46,79.44
2013-09-28,0.0,22.94,78.37,1011.98,14.29,8.0,8.05,79.44,31.49,0.0,55.11,79.44,64.21,70.48,74.5
2013-09-29,0.0,20.79,62.79,1002.54,10.73,8.0,8.01,74.5,0.0,31.49,0.0,74.5,79.44,64.21,68.15
2013-09-30,0.0,22.13,56.87,1012.94,16.11,8.0,8.79,68.15,0.0,0.0,31.49,68.15,74.5,79.44,58.73
2013-10-01,28.18,21.15,62.13,1013.19,5.28,8.0,7.37,58.73,0.0,0.0,0.0,58.73,68.15,74.5,61.18
2013-10-02,0.0,23.05,66.93,1012.93,10.45,8.0,7.61,61.18,28.18,0.0,0.0,61.18,58.73,68.15,65.28
2013-10-03,9.2,27.88,65.67,1011.0,10.63,8.0,7.78,65.28,0.0,28.18,0.0,65.28,61.18,58.73,61.31
2013-10-04,0.0,20.28,62.31,1015.31,12.17,8.0,6.01,61.31,9.2,0.0,28.18,61.31,65.28,61.18,57.51
2013-10-05,0.0,19.8,51.5,1014.64,7.15,8.0,6.72,57.51,0.0,9.2,0.0,57.51,61.31,65.28,53.42
2013-10-06,7.69,27.62,67.96,1014.27,15.9,8.0,9.19,53.42,0.0,0.0,9.2,53.42,57.51,61.31,44.78
2013-10-07,3.84,23.54,78.27,1016.54,10.05,8.0,6.9,44.78,7.69,0.0,0.0,44.78,53.42,57.51,44.58
2013-10-08,0.0,22.5,67.52,1012.41,6.2,8.0,7.01,44.58,3.84,7.69,0.0,44.58,44.78,53.42,36.9
2013-10-09,0.0,26.89,68.34,1012.2,9.94,8.0,9.0,36.9,0.0,3.84,7.69,36.9,44.58,44.78,32.43
2013-10-10,0.0,22.89,67.89,1021.62,8.9,8.0,7.59,32.43,0.0,0.0,3.84,32.43,36.9,44.58,27.19
2013-10-11,0.0,29.08,66.47,1017.59,19.74,8.0,9.24,27.19,0.0,0.0,0.0,27.19,32.43,36.9,23.71
2013-10-12,0.0,26.32,70.02,1019.01,13.67,8.0,9.34,23.71,0.0,0.0,0.0,23.71,27.19,32.43,22.84
2013-10-13,8.17,23.52,66.07,1021.09,10.17,8.0,7.96,22.84,0.0,0.0,0.0,22.84,23.71,27.19,20.45
2013-10-14,0.0,30.24,60.93,1017.67,9.61,8.0,8.62,20.45,8.17,0.0,0.0,20.45,22.84,23.71,17.06
2013-10-15,0.0,23.45,57.35,1019.76,13.33,8.0,7.95,17.06,0.0,8.17,0.0,17.06,20.45,22.84,10.3
2013-10-16,0.0,26.92,61.0,1007.29,13.5,8.0,7.67,10.3,0.0,0.0,8.17,10.3,17.06,20.45,5.07
2013-10-17,26.84,25.92,64.75,1016.29,0.5,8.0,6.8,5.07,0.0,0.0,0.0,5.07,10.3,17.06,18.3
2013-10-18,0.0,28.54,60.16,1014.43,12.25,8.0,8.97,18.3,26.84,0.0,0.0,18.3,5.07,10.3,19.82
2013-10-19,23.58,29.29,64.39,1023.81,10.1,8.0,7.84,19.82,0.0,26.84,0.0,19.82,18.3,5.07,33.32
2013-10-20,0.0,25.57,65.09,1020.13,5.41,8.0,7.42,33.32,23.58,0.0,26.84,33.32,19.82,18.3,30.65
2013-10-21,0.0,23.71,67.67,1012.42,13.08,8.0,8.98,30.65,0.0,23.58,0.0,30.65,33.32,19.82,27.11
2013-10-22,0.0,26.85,70.64,1017.51,17.86,8.0,8.47,27.11,0.0,0.0,23.58,27.11,30.65,33.32,27.53
2013-10-23,22.64,24.11,62.03,1016.55,11.95,8.0,8.47,27.53,0.0,0.0,0.0,27.53,27.11,30.65,34.54
2013-10-24,5.76,30.94,52.16,1018.06,13.85,8.0,9.14,34.54,22.64,0.0,0.0,34.54,27.53,27.11,31.52
2013-10-25,0.0,26.34,58.72,1010.76,16.31,8.0,9.82,31.52,5.76,22.64,0.0,31.52,34.54,27.53,29.49
2013-10-26,0.0,25.19,61.28,1017.73,7.09,8.0,8.39,29.49,0.0,5.76,22.64,29.49,31.52,34.54,29.64
2013-10-27,0.0,26.66,47.96,1014.86,3.5,8.0,7.27,29.64,0.0,0.0,5.76,29.64,29.49,31.52,25.33
2013-10-28,21.63,22.92,70.36,1017.48,12.3,8.0,8.01,25.33,0.0,0.0,0.0,25.33,29.64,29.49,35.64
2013-10-29,0.0,23.96,61.48,1012.51,9.13,8.0,7.52,35.64,21.63,0.0,0.0,35.64,25.33,29.64,31.16
2013-10-30,0.0,29.48,62.99,1013.27,5.19,8.0,6.86,31.16,0.0,21.63,0.0,31.16,35.64,25.33,33.82
2013-10-31,0.0,24.93,69.72,1022.14,9.73,8.0,8.17,33.82,0.0,0.0,21.63,33.82,31.16,35.64,25.62
2013-11-01,0.0,24.05,55.6,1011.07,12.55,8.0,8.3,25.62,0.0,0.0,0.0,25.62,33.82,31.16,23.4
2013-11-02,0.0,28.09,63.87,1011.51,9.48,8.0,7.59,23.4,0.0,0.0,0.0,23.4,25.62,33.82,23.6
2013-11-03,0.0,29.8,58.93,1016.2,7.25,8.0,6.5,23.6,0.0,0.0,0.0,23.6,23.4,25.62,20.74
2013-11-04,0.0,28.72,58.27,1012.66,9.22,8.0,8.69,20.74,0.0,0.0,0.0,20.74,23.6,23.4,19.88
2013-11-05,0.0,29.5,54.01,1012.15,9.93,8.0,8.18,19.88,0.0,0.0,0.0,19.88,20.74,23.6,20.63
2013-11-06,0.0,25.2,70.93,1017.16,3.25,8.0,7.45,20.63,0.0,0.0,0.0,20.63,19.88,20.74,19.8
2013-11-07,0.0,23.62,56.5,1009.17,9.5,8.0,6.65,19.8,0.0,0.0,0.0,19.8,20.63,19.88,16.33
2013-11-08,0.0,31.01,63.89,1011.71,5.29,8.0,7.94,16.33,0.0,0.0,0.0,16.33,19.8,20.63,12.97
2013-11-09,0.0,26.53,45.73,1027.08,12.31,8.0,8.51,12.97,0.0,0.0,0.0,12.97,16.33,19.8,8.3
2013-11-10,0.0,26.78,66.98,1019.16,4.54,8.0,7.12,8.3,0.0,0.0,0.0,8.3,12.97,16.33,5.0
2013-11-11,7.95,30.81,65.96,1013.19,13.54,8.0,10.36,5.0,0.0,0.0,0.0,5.0,8.3,12.97,11.77
2013-11-12,10.02,28.95,59.15,1019.06,8.57,8.0,8.3,11.77,7.95,0.0,0.0,11.77,5.0,8.3,17.9
2013-11-13,0.0,28.77,56.75,1019.86,8.1,8.0,6.71,17.9,10.02,7.95,0.0,17.9,11.77,5.0,23.4
2013-11-14,20.63,33.12,61.02,1022.05,11.03,8.0,8.67,23.4,0.0,10.02,7.95,23.4,17.9,11.77,31.77
2013-11-15,0.0,26.16,74.12,1016.49,6.97,8.0,6.26,31.77,20.63,0.0,10.02,31.77,23.4,17.9,30.73
2013-11-16,0.0,30.16,45.64,1022.05,10.98,8.0,9.87,30.73,0.0,20.63,0.0,30.73,31.77,23.4,24.92
2013-11-17,0.0,28.05,63.35,1007.03,7.44,8.0,8.08,24.92,0.0,0.0,20.63,24.92,30.73,31.77,19.82
2013-11-18,20.84,28.64,51.38,1011.98,8.05,8.0,7.97,19.82,0.0,0.0,0.0,19.82,24.92,30.73,28.19
2013-11-19,0.0,31.85,57.52,1018.13,11.42,8.0,7.8,28.19,20.84,0.0,0.0,28.19,19.82,24.92,25.8
2013-11-20,0.0,29.36,55.82,1019.0,6.01,8.0,7.99,25.8,0.0,20.84,0.0,25.8,28.19,19.82,29.38
2013-11-21,0.0,29.5,54.46,1012.83,5.57,8.0,8.65,29.38,0.0,0.0,20.84,29.38,25.8,28.19,24.14
2013-11-22,0.0,30.89,57.29,1018.73,10.87,8.0,9.21,24.14,0.0,0.0,0.0,24.14,29.38,25.8,16.43
2013-11-23,0.0,27.35,49.33,1014.35,9.91,8.0,8.69,16.43,0.0,0.0,0.0,16.43,24.14,29.38,13.13
2013-11-24,0.0,26.22,64.38,1016.13,10.59,8.0,9.3,13.13,0.0,0.0,0.0,13.13,16.43,24.14,12.24
2013-11-25,0.0,25.75,44.53,1022.67,11.15,8.0,9.5,12.24,0.0,0.0,0.0,12.24,13.13,16.43,16.65
2013-11-26,0.0,23.5,60.78,1022.13,10.2,8.0,7.9,16.65,0.0,0.0,0.0,16.65,12.24,13.13,15.04
2013-11-27,0.0,33.6,,1012.63,12.13,8.0,9.71,15.04,0.0,0.0,0.0,15.04,16.65,12.24,10.2
2013-11-28,0.0,25.75,48.65,1012.36,10.34,8.0,9.51,10.2,0.0,0.0,0.0,10.2,15.04,16.65,13.86
2013-11-29,4.02,28.0,58.19,1015.62,2.97,8.0,6.43,13.86,0.0,0.0,0.0,13.86,10.2,15.04,17.61
2013-11-30,0.0,27.9,45.8,1017.58,3.88,8.0,7.8,17.61,4.02,0.0,0.0,17.61,13.86,10.2,15.63
2013-12-01,0.0,29.4,56.91,1014.45,16.75,8.0,8.64,15.63,0.0,4.02,0.0,15.63,17.61,13.86,8.14
2013-12-02,0.0,30.71,46.61,1022.97,10.0,8.0,8.35,8.14,0.0,0.0,4.02,8.14,15.63,17.61,5.0
2013-12-03,0.0,30.86,59.73,1019.53,13.33,8.0,10.16,5.0,0.0,0.0,0.0,5.0,8.14,15.63,6.36
2013-12-04,0.0,27.28,49.98,1019.84,8.79,8.0,7.39,6.36,0.0,0.0,0.0,6.36,5.0,8.14,9.74
2013-12-05,0.0,28.35,53.24,1011.5,9.8,8.0,9.19,9.74,0.0,0.0,0.0,9.74,6.36,5.0,8.73
2013-12-06,0.0,29.51,58.4,1023.69,8.41,8.0,7.73,8.73,0.0,0.0,0.0,8.73,9.74,6.36,6.94
2013-12-07,0.0,28.21,50.89,1003.78,18.63,8.0,10.52,6.94,0.0,0.0,0.0,6.94,8.73,9.74,5.0
2013-12-08,0.0,32.87,55.85,1022.07,10.89,8.0,10.14,5.0,0.0,0.0,0.0,5.0,6.94,8.73,6.22
2013-12-09,0.0,30.1,45.61,1022.58,8.13,8.0,7.58,6.22,0.0,0.0,0.0,6.22,5.0,6.94,5.0
2013-12-10,0.0,30.74,60.59,1015.77,4.22,8.0,8.22,5.0,0.0,0.0,0.0,5.0,6.22,5.0,5.0
2013-12-11,0.0,30.57,68.5,1024.31,16.91,8.0,10.44,5.0,0.0,0.0,0.0,5.0,5.0,6.22,8.64
2013-12-12,13.48,31.87,75.66,1017.64,9.43,8.0,8.2,8.64,0.0,0.0,0.0,8.64,5.0,5.0,15.99
2013-12-13,0.0,29.4,56.72,1018.28,12.6,8.0,9.3,15.99,13.48,0.0,0.0,15.99,8.64,5.0,21.52
2013-12-14,49.41,25.72,61.58,1019.67,13.0,8.0,7.51,21.52,0.0,13.48,0.0,21.52,15.99,8.64,38.96
2013-12-15,0.0,29.97,43.58,1033.91,8.38,8.0,10.09,38.96,49.41,0.0,13.48,38.96,21.52,15.99,39.29
2013-12-16,0.0,27.36,66.55,1024.71,12.35,8.0,7.93,39.29,0.0,49.41,0.0,39.29,38.96,21.52,45.45
2013-12-17,4.09,,61.45,1021.5,7.89,8.0,7.69,45.45,0.0,0.0,49.41,45.45,39.29,38.96,44.03
2013-12-18,0.0,30.46,52.62,1013.43,6.53,8.0,7.96,44.03,4.09,0.0,0.0,44.03,45.45,39.29,42.61
2013-12-19,0.0,32.09,64.66,1018.72,14.08,8.0,9.38,42.61,0.0,4.09,0.0,42.61,44.03,45.45,39.91
2013-12-20,0.0,29.05,54.22,1013.93,9.45,8.0,8.7,39.91,0.0,0.0,4.09,39.91,42.61,44.03,41.21
2013-12-21,0.0,29.77,52.8,1022.11,11.81,8.0,9.13,41.21,0.0,0.0,0.0,41.21,39.91,42.61,38.27
2013-12-22,0.0,33.25,59.33,1018.7,11.44,8.0,8.19,38.27,0.0,0.0,0.0,38.27,41.21,39.91,33.58
2013-12-23,0.0,29.59,48.57,1012.37,12.23,8.0,7.85,33.58,0.0,0.0,0.0,33.58,38.27,41.21,30.23
2013-12-24,8.83,35.49,63.18,1018.39,4.55,8.0,9.63,30.23,0.0,0.0,0.0,30.23,33.58,38.27,30.08
2013-12-25,0.0,30.39,48.65,1013.73,7.95,8.0,9.22,30.08,8.83,0.0,0.0,30.08,30.23,33.58,33.22
2013-12-26,0.0,24.56,48.71,1018.73,8.86,8.0,6.75,33.22,0.0,8.83,0.0,33.22,30.08,30.23,34.69
2013-12-27,0.0,30.83,49.72,1013.67,7.09,8.0,8.52,34.69,0.0,0.0,8.83,34.69,33.22,30.08,35.5
2013-12-28,0.0,29.89,61.43,1018.09,11.5,8.0,9.36,35.5,0.0,0.0,0.0,35.5,34.69,33.22,23.75
2013-12-29,0.0,32.14,51.83,1021.69,14.15,8.0,11.05,23.75,0.0,0.0,0.0,23.75,35.5,34.69,19.38
2013-12-30,35.78,30.58,46.74,1017.66,14.71,8.0,8.96,19.38,0.0,0.0,0.0,19.38,23.75,35.5,28.4
2013-12-31,0.0,28.53,51.98,1015.96,8.81,8.0,9.02,28.4,35.78,0.0,0.0,28.4,19.38,23.75,38.38
2014-01-01,0.0,25.78,56.04,1018.9,11.02,8.0,8.79,38.38,0.0,35.78,0.0,38.38,28.4,19.38,35.46
2014-01-02,0.0,28.29,48.05,1021.36,11.56,8.0,8.06,35.46,0.0,0.0,35.78,35.46,38.38,28.4,33.06
2014-01-03,0.0,26.66,48.3,1012.31,12.17,8.0,8.24,33.06,0.0,0.0,0.0,33.06,35.46,38.38,35.97
2014-01-04,0.0,27.31,71.19,1019.13,6.93,8.0,7.09,35.97,0.0,0.0,0.0,35.97,33.06,35.46,32.67
2014-01-05,0.0,30.2,50.45,1024.39,16.37,8.0,9.81,32.67,0.0,0.0,0.0,32.67,35.97,33.06,27.04
2014-01-06,3.35,32.87,54.27,1020.65,13.24,8.0,8.09,27.04,0.0,0.0,0.0,27.04,32.67,35.97,25.23
2014-01-07,0.0,29.64,54.02,1018.04,13.33,8.0,8.82,25.23,3.35,0.0,0.0,25.23,27.04,32.67,17.75
2014-01-08,0.0,,53.71,1020.93,14.21,8.0,8.4,17.75,0.0,3.35,0.0,17.75,25.23,27.04,10.81
2014-01-09,0.0,29.69,61.07,1019.96,11.87,8.0,7.11,10.81,0.0,0.0,3.35,10.81,17.75,25.23,11.07
2014-01-10,0.0,31.53,63.43,1021.44,6.4,8.0,8.36,11.07,0.0,0.0,0.0,11.07,10.81,17.75,5.0
2014-01-11,0.0,26.97,54.73,1007.52,9.51,8.0,8.66,5.0,0.0,0.0,0.0,5.0,11.07,10.81,5.0
2014-01-12,39.61,28.11,48.3,1009.84,4.22,8.0,6.32,5.0,0.0,0.0,0.0,5.0,5.0,11.07,20.32
2014-01-13,0.0,28.43,65.96,1022.59,11.45,8.0,8.52,20.32,39.61,0.0,0.0,20.32,5.0,5.0,32.39
2014-01-14,0.0,26.38,56.45,1010.01,9.41,8.0,6.93,32.39,0.0,39.61,0.0,32.39,20.32,5.0,35.04
2014-01-15,12.21,29.92,69.32,1019.5,9.86,8.0,8.52,35.04,0.0,0.0,39.61,35.04,32.39,20.32,34.54
2014-01-16,0.0,27.94,41.58,1015.7,14.21,8.0,9.93,34.54,12.21,0.0,0.0,34.54,35.04,32.39,35.91
2014-01-17,10.66,29.23,58.76,1012.44,8.4,8.0,7.78,35.91,0.0,12.21,0.0,35.91,34.54,35.04,37.83
2014-01-18,11.87,25.91,70.92,1019.13,9.12,8.0,7.63,37.83,10.66,0.0,12.21,37.83,35.91,34.54,36.55
2014-01-19,0.0,26.98,55.12,1018.34,10.08,8.0,9.89,36.55,11.87,10.66,0.0,36.55,37.83,35.91,36.71
2014-01-20,7.62,29.81,56.12,1027.84,3.56,8.0,6.94,36.71,0.0,11.87,10.66,36.71,36.55,37.83,37.05
2014-01-21,0.0,27.01,59.88,1014.12,9.07,8.0,7.28,37.05,7.62,0.0,11.87,37.05,36.71,36.55,34.28
2014-01-22,0.0,32.2,54.01,1024.4,1.3,8.0,7.46,34.28,0.0,7.62,0.0,34.28,37.05,36.71,32.0
2014-01-23,0.0,26.82,55.85,1018.92,7.95,8.0,9.8,32.0,0.0,0.0,7.62,32.0,34.28,37.05,31.77
2014-01-24,29.33,28.31,55.78,1013.8,12.99,8.0,8.99,31.77,0.0,0.0,0.0,31.77,32.0,34.28,41.29
2014-01-25,0.0,30.01,53.87,1021.05,11.57,8.0,8.24,41.29,29.33,0.0,0.0,41.29,31.77,32.0,37.28
2014-01-26,0.0,24.06,66.99,1019.83,7.92,8.0,7.98,37.28,0.0,29.33,0.0,37.28,41.29,31.77,31.08
2014-01-27,0.0,23.13,61.74,1017.13,10.14,8.0,8.35,31.08,0.0,0.0,29.33,31.08,37.28,41.29,26.07
2014-01-28,51.44,23.65,60.4,1018.23,6.24,8.0,7.72,26.07,0.0,0.0,0.0,26.07,31.08,37.28,43.03
2014-01-29,0.0,30.54,64.43,1013.86,9.99,8.0,9.16,43.03,51.44,0.0,0.0,43.03,26.07,31.08,48.9
2014-01-30,0.0,25.93,57.05,1012.66,20.26,8.0,10.35,48.9,0.0,51.44,0.0,48.9,43.03,26.07,53.8
2014-01-31,0.0,33.62,53.62,1020.53,16.46,8.0,9.8,53.8,0.0,0.0,51.44,53.8,48.9,43.03,52.01
2014-02-01,0.0,25.73,54.96,1015.56,10.18,8.0,7.98,52.01,0.0,0.0,0.0,52.01,53.8,48.9,43.48
2014-02-02,0.0,27.52,59.33,1016.22,10.56,8.0,8.99,43.48,0.0,0.0,0.0,43.48,52.01,53.8,31.85
2014-02-03,0.0,30.83,52.05,1017.96,6.57,8.0,6.16,31.85,0.0,0.0,0.0,31.85,43.48,52.01,27.69
2014-02-04,47.37,31.91,56.11,1017.82,7.19,8.0,6.23,27.69,0.0,0.0,0.0,27.69,31.85,43.48,47.44
2014-02-05,0.0,31.96,56.15,1009.29,11.27,8.0,8.45,47.44,47.37,0.0,0.0,47.44,27.69,31.85,49.03
2014-02-06,0.0,29.74,74.78,1022.8,8.16,8.0,7.85,49.03,0.0,47.37,0.0,49.03,47.44,27.69,48.57
2014-02-07,0.0,29.19,40.65,1016.91,13.16,8.0,9.54,48.57,0.0,0.0,47.37,48.57,49.03,47.44,41.76
2014-02-08,8.44,28.02,58.96,1015.23,15.49,8.0,8.73,41.76,0.0,0.0,0.0,41.76,48.57,49.03,45.56
2014-02-09,0.0,28.39,72.46,1018.33,11.16,,9.37,45.56,8.44,0.0,0.0,45.56,41.76,48.57,49.52
2014-02-10,0.0,24.97,61.39,1017.29,10.36,8.0,8.11,49.52,0.0,8.44,0.0,49.52,45.56,41.76,46.93
2014-02-11,0.0,24.21,65.98,1019.88,4.12,8.0,6.33,46.93,0.0,0.0,8.44,46.93,49.52,45.56,43.73
2014-02-12,33.55,26.15,61.57,1018.66,12.62,8.0,9.47,43.73,0.0,0.0,0.0,43.73,46.93,49.52,47.59
2014-02-13,0.0,25.64,56.36,1019.49,6.0,8.0,7.66,47.59,33.55,0.0,0.0,47.59,43.73,46.93,47.06
2014-02-14,0.0,24.83,45.51,1022.59,8.54,8.0,6.75,47.06,0.0,33.55,0.0,47.06,47.59,43.73,48.54
2014-02-15,0.0,27.61,62.81,1020.18,13.36,8.0,9.34,48.54,0.0,0.0,33.55,48.54,47.06,47.59,43.88
2014-02-16,0.0,28.15,56.12,1014.89,13.6,8.0,9.47,43.88,0.0,0.0,0.0,43.88,48.54,47.06,40.09
2014-02-17,0.0,25.88,56.12,1010.0,8.37,8.0,6.8,40.09,0.0,0.0,0.0,40.09,43.88,48.54,29.22
2014-02-18,0.0,29.25,58.41,1023.88,8.57,8.0,8.3,29.22,0.0,0.0,0.0,29.22,40.09,43.88,17.84
2014-02-19,0.0,22.6,74.29,1014.28,7.55,8.0,7.73,17.84,0.0,0.0,0.0,17.84,29.22,40.09,22.55
2014-02-20,27.22,24.86,79.09,1013.03,5.81,8.0,5.88,22.55,0.0,0.0,0.0,22.55,17.84,29.22,30.75
2014-02-21,0.0,23.45,63.96,1006.63,7.78,8.0,8.27,30.75,27.22,0.0,0.0,30.75,22.55,17.84,26.67
2014-02-22,6.93,20.47,59.37,1016.93,4.35,8.0,6.06,26.67,0.0,27.22,0.0,26.67,30.75,22.55,29.22
2014-02-23,95.09,24.82,54.57,1015.91,12.39,8.0,7.62,29.22,6.93,0.0,27.22,29.22,26.67,30.75,62.02
2014-02-24,0.0,24.61,66.28,1007.51,11.38,8.0,7.86,62.02,95.09,6.93,0.0,62.02,29.22,26.67,70.4
2014-02-25,14.34,28.59,75.67,1017.27,11.96,8.0,9.12,70.4,0.0,95.09,6.93,70.4,62.02,29.22,76.42
2014-02-26,0.0,26.27,61.64,1012.44,6.66,8.0,8.38,76.42,14.34,0.0,95.09,76.42,70.4,62.02,64.97
2014-02-27,38.86,22.03,46.91,1028.3,5.82,8.0,8.39,64.97,0.0,14.34,0.0,64.97,76.42,70.4,63.33
2014-02-28,0.0,29.11,68.45,1011.92,10.19,8.0,7.67,63.33,38.86,0.0,14.34,63.33,64.97,76.42,65.75
2014-03-01,34.94,27.41,70.85,1012.51,10.22,8.0,8.49,65.75,0.0,38.86,0.0,65.75,63.33,64.97,74.91
2014-03-02,0.0,25.7,53.05,1010.23,9.48,8.0,8.53,74.91,34.94,0.0,38.86,74.91,65.75,63.33,76.17
2014-03-03,6.53,23.57,65.58,1020.91,8.99,8.0,8.0,76.17,0.0,34.94,0.0,76.17,74.91,65.75,74.09
2014-03-04,0.0,21.62,67.7,1012.58,15.99,8.0,7.65,74.09,6.53,0.0,34.94,74.09,76.17,74.91,60.14
2014-03-05,0.0,,64.23,1010.73,11.49,8.0,8.13,60.14,0.0,6.53,0.0,60.14,74.09,76.17,53.6
2014-03-06,0.0,26.51,59.4,1017.81,16.9,8.0,9.41,53.6,0.0,0.0,6.53,53.6,60.14,74.09,51.97
2014-03-07,0.0,28.38,72.25,1007.29,14.44,8.0,8.42,51.97,0.0,0.0,0.0,51.97,53.6,60.14,45.05
2014-03-08,4.65,27.41,62.52,1017.23,15.96,8.0,9.48,45.05,0.0,0.0,0.0,45.05,51.97,53.6,38.82
2014-03-09,121.28,22.21,55.14,1022.93,6.24,8.0,7.27,38.82,4.65,0.0,0.0,38.82,45.05,51.97,80.98
2014-03-10,0.0,20.52,51.4,1016.77,12.08,8.0,6.73,80.98,121.28,4.65,0.0,80.98,38.82,45.05,94.05
2014-03-11,10.0,23.55,74.77,1017.05,8.49,8.0,8.0,94.05,0.0,121.28,4.65,94.05,80.98,38.82,97.45
2014-03-12,0.0,18.66,70.47,1018.12,4.18,8.0,6.42,97.45,10.0,0.0,121.28,97.45,94.05,80.98,86.08
2014-03-13,0.0,23.77,66.97,1022.23,15.24,8.0,7.05,86.08,0.0,10.0,0.0,86.08,97.45,94.05,69.31
2014-03-14,0.0,22.47,63.48,1019.65,8.97,8.0,7.26,69.31,0.0,0.0,10.0,69.31,86.08,97.45,56.73
2014-03-15,0.0,21.56,63.06,1015.71,6.31,8.0,7.1,56.73,0.0,0.0,0.0,56.73,69.31,86.08,52.01
2014-03-16,0.0,18.61,59.44,1017.95,8.55,8.0,6.46,52.01,0.0,0.0,0.0,52.01,56.73,69.31,46.28
2014-03-17,0.0,23.77,64.15,1008.91,7.21,8.0,7.63,46.28,0.0,0.0,0.0,46.28,52.01,56.73,39.56
2014-03-18,0.0,21.03,52.54,1017.14,7.57,8.0,6.96,39.56,0.0,0.0,0.0,39.56,46.28,52.01,30.37
2014-03-19,0.0,19.32,62.43,1008.14,9.22,8.0,8.02,30.37,0.0,0.0,0.0,30.37,39.56,46.28,32.48
2014-03-20,0.0,14.94,65.62,1011.25,16.06,8.0,7.94,32.48,0.0,0.0,0.0,32.48,30.37,39.56,36.19
2014-03-21,23.07,21.93,72.27,997.59,7.67,8.0,8.72,36.19,0.0,0.0,0.0,36.19,32.48,30.37,37.2
2014-03-22,0.0,26.31,67.93,1014.92,15.81,8.0,7.77,37.2,23.07,0.0,0.0,37.2,36.19,32.48,40.24
2014-03-23,6.89,25.91,73.98,1009.61,12.97,8.0,8.68,40.24,0.0,23.07,0.0,40.24,37.2,36.19,36.83
2014-03-24,7.14,20.5,78.06,1018.3,11.39,8.0,7.59,36.83,6.89,0.0,23.07,36.83,40.24,37.2,38.66
2014-03-25,0.0,20.01,76.23,1014.61,12.62,8.0,8.05,38.66,7.14,6.89,0.0,38.66,36.83,40.24,27.83
2014-03-26,0.0,22.57,72.32,1018.19,10.05,8.0,8.68,27.83,0.0,7.14,6.89,27.83,38.66,36.83,23.19
2014-03-27,0.0,18.78,69.32,1007.07,14.5,8.0,6.75,23.19,0.0,0.0,7.14,23.19,27.83,38.66,21.07
2014-03-28,0.0,21.91,62.58,1017.59,11.98,8.0,8.38,21.07,0.0,0.0,0.0,21.07,23.19,27.83,19.9
2014-03-29,0.0,22.95,74.83,1022.84,4.17,8.0,7.05,19.9,0.0,0.0,0.0,19.9,21.07,23.19,13.95
2014-03-30,1.77,23.99,81.61,1016.05,11.04,8.0,7.16,13.95,0.0,0.0,0.0,13.95,19.9,21.07,15.09
2014-03-31,0.0,20.55,72.45,1016.1,12.74,8.0,8.76,15.09,1.77,0.0,0.0,15.09,13.95,19.9,13.33
2014-04-01,0.0,20.17,83.68,1012.91,8.99,8.0,7.2,13.33,0.0,1.77,0.0,13.33,15.09,13.95,6.81
2014-04-02,0.0,18.37,59.78,1009.35,10.44,8.0,6.69,6.81,0.0,0.0,1.77,6.81,13.33,15.09,5.0
2014-04-03,0.0,18.38,62.58,1015.7,7.85,8.0,7.23,5.0,0.0,0.0,0.0,5.0,6.81,13.33,10.15
2014-04-04,0.0,19.76,76.85,1004.28,5.18,8.0,7.33,10.15,0.0,0.0,0.0,10.15,5.0,6.81,9.58
2014-04-05,0.0,21.13,72.91,1009.64,4.57,8.0,6.9,9.58,0.0,0.0,0.0,9.58,10.15,5.0,6.9
2014-04-06,0.0,22.38,80.46,1002.79,4.62,8.0,6.41,6.9,0.0,0.0,0.0,6.9,9.58,10.15,5.0
2014-04-07,0.53,17.97,71.35,1008.04,12.34,8.0,6.84,5.0,0.0,0.0,0.0,5.0,6.9,9.58,5.0
2014-04-08,0.0,23.6,65.58,1014.69,1.28,8.0,5.81,5.0,0.53,0.0,0.0,5.0,5.0,6.9,5.19
2014-04-09,0.0,19.07,70.36,1013.92,7.67,8.0,7.53,5.19,0.0,0.53,0.0,5.19,5.0,5.0,5.98
2014-04-10,0.0,19.59,61.32,1011.57,7.32,8.0,7.7,5.98,0.0,0.0,0.53,5.98,5.19,5.0,5.7
2014-04-11,0.0,17.66,64.34,1012.08,9.01,8.0,6.77,5.7,0.0,0.0,0.0,5.7,5.98,5.19,5.0
2014-04-12,0.0,13.35,79.24,1001.72,3.5,8.0,7.47,5.0,0.0,0.0,0.0,5.0,5.7,5.98,5.0
2014-04-13,0.0,21.51,78.73,1009.21,11.41,8.0,7.49,5.0,0.0,0.0,0.0,5.0,5.0,5.7,5.0
2014-04-14,0.0,21.03,75.36,1007.59,5.54,8.0,6.71,5.0,0.0,0.0,0.0,5.0,5.0,5.0,5.0
2014-04-15,0.0,18.38,60.96,1007.62,13.96,8.0,7.49,5.0,0.0,0.0,0.0,5.0,5.0,5.0,5.0
2014-04-16,0.0,19.14,70.68,1013.84,7.82,8.0,6.83,5.0,0.0,0.0,0.0,5.0,5.0,5.0,5.0
2014-04-17,0.0,20.15,64.8,1006.46,9.67,8.0,7.31,5.0,0.0,0.0,0.0,5.0,5.0,5.0,5.0
2014-04-18,0.0,14.85,81.79,1007.66,10.01,8.0,7.19,5.0,0.0,0.0,0.0,5.0,5.0,5.0,5.55
2014-04-19,32.27,17.33,69.66,1000.17,10.85,8.0,7.03,5.55,0.0,0.0,0.0,5.55,5.0,5.0,21.3
2014-04-20,55.31,20.53,66.32,1009.06,10.13,8.0,7.93,21.3,32.27,0.0,0.0,21.3,5.55,5.0,39.84
2014-04-21,0.0,15.31,74.31,1005.02,8.51,8.0,5.31,39.84,55.31,32.27,0.0,39.84,21.3,5.55,51.61
2014-04-22,0.0,19.07,69.8,1010.78,11.2,8.0,6.93,51.61,0.0,55.31,32.27,51.61,39.84,21.3,46.37
2014-04-23,8.32,14.84,84.84,1005.56,11.63,8.0,6.7,46.37,0.0,0.0,55.31,46.37,51.61,39.84,40.61
2014-04-24,0.0,19.3,69.48,1010.76,7.32,8.0,6.67,40.61,8.32,0.0,0.0,40.61,46.37,51.61,41.2
2014-04-25,14.8,17.95,65.0,1009.44,11.49,8.0,5.91,41.2,0.0,8.32,0.0,41.2,40.61,46.37,39.13
2014-04-26,0.0,13.9,59.9,1018.46,14.17,8.0,8.07,39.13,14.8,0.0,8.32,39.13,41.2,40.61,40.47
2014-04-27,0.0,20.75,74.92,1012.51,12.47,8.0,6.6,40.47,0.0,14.8,0.0,40.47,39.13,41.2,35.31
2014-04-28,0.0,15.91,71.36,1000.76,13.26,8.0,6.88,35.31,0.0,0.0,14.8,35.31,40.47,39.13,36.33
2014-04-29,0.0,15.62,65.46,1003.57,10.6,8.0,6.96,36.33,0.0,0.0,0.0,36.33,35.31,40.47,27.17
2014-04-30,0.0,18.06,83.95,1010.1,6.72,8.0,8.21,27.17,0.0,0.0,0.0,27.17,36.33,35.31,23.59
2014-05-01,0.0,20.33,80.45,1005.11,7.17,8.0,6.87,23.59,0.0,0.0,0.0,23.59,27.17,36.33,10.89
2014-05-02,0.0,14.83,75.74,994.85,11.12,8.0,7.28,10.89,0.0,0.0,0.0,10.89,23.59,27.17,9.9
2014-05-03,0.0,17.44,85.64,1016.38,13.3,8.0,6.3,9.9,0.0,0.0,0.0,9.9,10.89,23.59,5.0
2014-05-04,0.0,18.27,80.88,1013.17,19.75,8.0,7.9,5.0,0.0,0.0,0.0,5.0,9.9,10.89,5.0
2014-05-05,0.0,18.84,70.63,1012.11,13.44,8.0,7.18,5.0,0.0,0.0,0.0,5.0,5.0,9.9,5.0
2014-05-06,0.0,17.46,69.26,1006.41,5.9,8.0,6.03,5.0,0.0,0.0,0.0,5.0,5.0,5.0,10.71
2014-05-07,0.0,16.02,82.41,1011.52,7.31,8.0,7.26,10.71,0.0,0.0,0.0,10.71,5.0,5.0,7.83
2014-05-08,0.0,14.79,79.59,1005.8,17.97,8.0,7.49,7.83,0.0,0.0,0.0,7.83,10.71,5.0,12.73
2014-05-09,0.0,16.99,78.15,1010.29,9.25,8.0,7.35,12.73,0.0,0.0,0.0,12.73,7.83,10.71,7.68
2014-05-10,0.0,14.01,71.17,1004.61,10.17,8.0,6.09,7.68,0.0,0.0,0.0,7.68,12.73,7.83,5.0
2014-05-11,7.94,9.31,81.48,1016.74,6.64,8.0,5.39,5.0,0.0,0.0,0.0,5.0,7.68,12.73,10.39
2014-05-12,0.0,17.63,72.07,1001.25,15.48,8.0,5.98,10.39,7.94,0.0,0.0,10.39,5.0,7.68,6.45
2014-05-13,0.0,18.73,76.77,1015.21,11.75,8.0,7.38,6.45,0.0,7.94,0.0,6.45,10.39,5.0,10.53
2014-05-14,0.0,10.49,87.74,1009.19,7.29,8.0,5.8,10.53,0.0,0.0,7.94,10.53,6.45,10.39,8.76
2014-05-15,0.0,13.8,73.11,1006.5,6.52,8.0,5.98,8.76,0.0,0.0,0.0,8.76,10.53,6.45,9.81
2014-05-16,17.87,17.8,66.84,1009.73,11.08,8.0,8.86,9.81,0.0,0.0,0.0,9.81,8.76,10.53,19.26
2014-05-17,22.68,21.33,70.6,1012.51,10.15,8.0,7.46,19.26,17.87,0.0,0.0,19.26,9.81,8.76,37.81
2014-05-18,28.2,16.17,85.04,1015.63,12.91,8.0,5.11,37.81,22.68,17.87,0.0,37.81,19.26,9.81,55.52
2014-05-19,5.32,14.23,79.98,1010.32,11.91,8.0,5.98,55.52,28.2,22.68,17.87,55.52,37.81,19.26,60.12
2014-05-20,12.92,15.53,77.4,1004.25,9.07,8.0,6.65,60.12,5.32,28.2,22.68,60.12,55.52,37.81,65.81
2014-05-21,0.0,19.37,74.84,1008.94,8.1,8.0,6.91,65.81,12.92,5.32,28.2,65.81,60.12,55.52,63.8
2014-05-22,0.0,14.26,81.9,1017.71,9.44,8.0,5.92,63.8,0.0,12.92,5.32,63.8,65.81,60.12,59.45
2014-05-23,0.0,13.82,72.66,1015.32,8.07,8.0,5.55,59.45,0.0,0.0,12.92,59.45,63.8,65.81,59.4
2014-05-24,0.0,14.55,80.84,1013.09,9.54,8.0,7.74,59.4,0.0,0.0,0.0,59.4,59.45,63.8,51.48
2014-05-25,0.0,13.32,73.67,1012.48,10.06,8.0,7.4,51.48,0.0,0.0,0.0,51.48,59.4,59.45,45.84
2014-05-26,0.0,15.96,72.6,1011.96,6.86,8.0,7.32,45.84,0.0,0.0,0.0,45.84,51.48,59.4,38.31
2014-05-27,0.0,,74.5,1014.22,12.21,8.0,7.12,38.31,0.0,0.0,0.0,38.31,45.84,51.48,43.39
2014-05-28,13.31,16.36,76.42,1006.11,8.7,8.0,7.28,43.39,0.0,0.0,0.0,43.39,38.31,45.84,42.68
2014-05-29,4.4,14.88,78.79,1001.59,7.05,8.0,4.25,42.68,13.31,0.0,0.0,42.68,43.39,38.31,43.31
2014-05-30,29.26,14.74,80.85,1008.68,8.77,8.0,6.2,43.31,4.4,13.31,0.0,43.31,42.68,43.39,49.53
2014-05-31,0.0,11.52,53.46,1004.21,10.85,8.0,6.19,49.53,29.26,4.4,13.31,49.53,43.31,42.68,48.51
2014-06-01,0.0,17.59,73.69,1003.0,10.29,8.0,6.91,48.51,0.0,29.26,4.4,48.51,49.53,43.31,49.76
2014-06-02,19.89,15.15,76.67,1004.64,11.48,8.0,7.1,49.76,0.0,0.0,29.26,49.76,48.51,49.53,51.69
2014-06-03,0.0,14.86,90.01,1020.65,13.14,8.0,7.02,51.69,19.89,0.0,0.0,51.69,49.76,48.51,53.6
2014-06-04,0.0,23.26,71.97,1008.88,14.57,8.0,7.48,53.6,0.0,19.89,0.0,53.6,51.69,49.76,52.44
2014-06-05,0.0,15.99,80.73,1009.98,11.0,8.0,6.41,52.44,0.0,0.0,19.89,52.44,53.6,51.69,45.78
2014-06-06,7.05,13.33,90.1,1002.04,6.26,8.0,6.37,45.78,0.0,0.0,0.0,45.78,52.44,53.6,40.14
2014-06-07,18.39,14.12,70.5,998.91,9.06,8.0,6.84,40.14,7.05,0.0,0.0,40.14,45.78,52.44,45.5
2014-06-08,46.96,18.03,82.49,1004.02,6.48,8.0,7.82,45.5,18.39,7.05,0.0,45.5,40.14,45.78,65.34
2014-06-09,7.71,15.42,74.16,1015.29,15.94,8.0,7.97,65.34,46.96,18.39,7.05,65.34,45.5,40.14,72.39
2014-06-10,0.0,11.51,76.28,1009.75,16.96,8.0,8.62,72.39,7.71,46.96,18.39,72.39,65.34,45.5,71.94
2014-06-11,16.1,17.39,74.22,1011.06,12.28,8.0,6.22,71.94,0.0,7.71,46.96,71.94,72.39,65.34,68.53
2014-06-12,0.0,13.4,74.75,1011.74,13.0,8.0,7.52,68.53,16.1,0.0,7.71,68.53,71.94,72.39,65.85
2014-06-13,0.73,19.74,98.0,1005.08,10.88,8.0,7.92,65.85,0.0,16.1,0.0,65.85,68.53,71.94,61.67
2014-06-14,37.51,17.74,85.84,1014.97,11.28,8.0,7.6,61.67,0.73,0.0,16.1,61.67,65.85,68.53,67.5
2014-06-15,0.0,13.91,87.66,1004.86,4.41,8.0,4.79,67.5,37.51,0.73,0.0,67.5,61.67,65.85,65.33
2014-06-16,0.0,18.22,83.41,1015.04,9.74,8.0,7.3,65.33,0.0,37.51,0.73,65.33,67.5,61.67,61.8
2014-06-17,0.0,15.18,68.74,1010.22,6.92,8.0,6.07,61.8,0.0,0.0,37.51,61.8,65.33,67.5,52.75
2014-06-18,0.0,17.14,82.76,999.06,10.98,8.0,7.58,52.75,0.0,0.0,0.0,52.75,61.8,65.33,43.7
2014-06-19,0.0,16.21,87.51,1004.26,9.79,8.0,6.75,43.7,0.0,0.0,0.0,43.7,52.75,61.8,42.1
2014-06-20,0.0,12.88,74.03,999.08,16.81,8.0,7.11,42.1,0.0,0.0,0.0,42.1,43.7,52.75,40.17
2014-06-21,0.0,13.39,86.76,1013.82,13.21,8.0,8.85,40.17,0.0,0.0,0.0,40.17,42.1,43.7,37.48
2014-06-22,13.57,17.58,84.93,1007.88,11.0,8.0,6.56,37.48,0.0,0.0,0.0,37.48,40.17,42.1,34.57
2014-06-23,16.52,14.17,92.95,996.86,9.07,8.0,6.68,34.57,13.57,0.0,0.0,34.57,37.48,40.17,46.56
2014-06-24,0.0,14.0,77.05,1009.89,15.87,8.0,7.98,46.56,16.52,13.57,0.0,46.56,34.57,37.48,47.02
2014-06-25,0.0,12.63,72.28,1005.33,9.9,8.0,6.28,47.02,0.0,16.52,13.57,47.02,46.56,34.57,42.92
2014-06-26,17.58,16.09,77.41,1000.6,11.16,8.0,7.97,42.92,0.0,0.0,16.52,42.92,47.02,46.56,48.06
2014-06-27,14.02,20.2,89.97,1016.42,10.15,8.0,7.99,48.06,17.58,0.0,0.0,48.06,42.92,47.02,51.29
2014-06-28,0.0,12.39,67.1,1008.58,8.59,8.0,4.97,51.29,14.02,17.58,0.0,51.29,48.06,42.92,39.97
2014-06-29,0.0,15.14,65.39,1006.59,10.13,8.0,7.35,39.97,0.0,14.02,17.58,39.97,51.29,48.06,37.78
2014-06-30,0.0,18.63,80.46,1006.07,3.13,8.0,7.54,37.78,0.0,0.0,14.02,37.78,39.97,51.29,37.07
2014-07-01,0.0,14.92,76.7,1000.52,4.58,8.0,5.34,37.07,0.0,0.0,0.0,37.07,37.78,39.97,33.96
2014-07-02,0.0,16.27,79.81,1001.58,11.22,8.0,5.97,33.96,0.0,0.0,0.0,33.96,37.07,37.78,23.37
2014-07-03,0.0,12.51,86.33,1014.54,15.49,8.0,7.03,23.37,0.0,0.0,0.0,23.37,33.96,37.07,23.55
2014-07-04,0.0,16.26,75.8,1005.77,11.22,8.0,7.07,23.55,0.0,0.0,0.0,23.55,23.37,33.96,21.68
2014-07-05,0.0,14.75,66.51,1008.27,7.48,8.0,6.44,21.68,0.0,0.0,0.0,21.68,23.55,23.37,20.27
2014-07-06,0.0,17.72,93.88,997.96,4.95,8.0,7.06,20.27,0.0,0.0,0.0,20.27,21.68,23.55,12.5
2014-07-07,0.0,18.25,72.53,1001.61,12.75,8.0,7.0,12.5,0.0,0.0,0.0,12.5,20.27,21.68,9.06
2014-07-08,0.0,21.8,72.04,1011.28,8.01,8.0,7.66,9.06,0.0,0.0,0.0,9.06,12.5,20.27,5.0
2014-07-09,0.0,16.81,87.11,1010.14,12.25,8.0,7.87,5.0,0.0,0.0,0.0,5.0,9.06,12.5,7.56
2014-07-10,10.38,16.21,76.63,1017.05,11.36,8.0,7.19,7.56,0.0,0.0,0.0,7.56,5.0,9.06,12.67
2014-07-11,0.0,15.92,78.8,1015.03,11.67,8.0,6.61,12.67,10.38,0.0,0.0,12.67,7.56,5.0,11.01
2014-07-12,9.21,14.6,82.55,1007.19,10.12,8.0,5.79,11.01,0.0,10.38,0.0,11.01,12.67,7.56,12.18
2014-07-13,12.57,16.37,86.68,1010.74,11.34,8.0,5.84,12.18,9.21,0.0,10.38,12.18,11.01,12.67,16.74
2014-07-14,0.0,,76.68,1006.83,9.58,8.0,5.51,16.74,12.57,9.21,0.0,16.74,12.18,11.01,19.36
2014-07-15,0.0,16.04,89.57,1018.72,7.78,8.0,5.2,19.36,0.0,12.57,9.21,19.36,16.74,12.18,21.65
2014-07-16,6.46,18.97,63.9,1014.23,6.63,8.0,7.98,21.65,0.0,0.0,12.57,21.65,19.36,16.74,18.58
2014-07-17,1.94,13.21,84.08,1009.37,1.65,8.0,5.14,18.58,6.46,0.0,0.0,18.58,21.65,19.36,19.71
2014-07-18,0.0,18.63,72.79,1009.56,9.37,8.0,8.72,19.71,1.94,6.46,0.0,19.71,18.58,21.65,17.23
2014-07-19,0.0,19.13,88.17,1015.82,15.32,8.0,8.26,17.23,0.0,1.94,6.46,17.23,19.71,18.58,5.08
2014-07-20,18.14,15.6,79.46,1011.54,12.56,8.0,5.97,5.08,0.0,0.0,1.94,5.08,17.23,19.71,10.23
2014-07-21,69.56,10.65,,1016.47,10.8,8.0,6.26,10.23,18.14,0.0,0.0,10.23,5.08,17.23,43.25
2014-07-22,0.0,14.49,82.9,997.76,7.43,8.0,6.8,43.25,69.56,18.14,0.0,43.25,10.23,5.08,51.29
2014-07-23,0.0,19.32,84.4,1011.08,13.49,8.0,7.98,51.29,0.0,69.56,18.14,51.29,43.25,10.23,54.71
2014-07-24,8.35,16.09,82.53,1006.24,9.58,8.0,6.44,54.71,0.0,0.0,69.56,54.71,51.29,43.25,54.09
2014-07-25,28.0,13.71,70.72,1017.65,15.51,8.0,8.19,54.09,8.35,0.0,0.0,54.09,54.71,51.29,65.07
2014-07-26,0.0,15.02,74.42,1016.64,6.57,8.0,5.42,65.07,28.0,8.35,0.0,65.07,54.09,54.71,60.14
2014-07-27,27.54,18.45,77.66,1009.13,7.38,8.0,6.88,60.14,0.0,28.0,8.35,60.14,65.07,54.09,71.97
2014-07-28,12.61,17.79,77.28,1016.69,7.03,8.0,7.26,71.97,27.54,0.0,28.0,71.97,60.14,65.07,74.25
2014-07-29,0.0,15.9,82.69,1017.98,4.81,8.0,5.76,74.25,12.61,27.54,0.0,74.25,71.97,60.14,65.67
2014-07-30,0.0,15.65,63.21,1009.49,6.72,8.0,6.81,65.67,0.0,12.61,27.54,65.67,74.25,71.97,58.46
2014-07-31,26.16,15.67,79.52,1021.54,10.36,8.0,6.78,58.46,0.0,0.0,12.61,58.46,65.67,74.25,61.4
2014-08-01,0.0,14.42,75.01,1009.07,7.51,8.0,6.49,61.4,26.16,0.0,0.0,61.4,58.46,65.67,57.38
2014-08-02,0.0,20.84,71.04,1008.22,0.5,8.0,6.34,57.38,0.0,26.16,0.0,57.38,61.4,58.46,49.3
2014-08-03,0.0,16.08,71.57,1013.68,13.76,8.0,7.24,49.3,0.0,0.0,26.16,49.3,57.38,61.4,44.22
2014-08-04,37.83,20.01,75.12,1007.64,4.11,8.0,7.55,44.22,0.0,0.0,0.0,44.22,49.3,57.38,54.58
2014-08-05,0.0,20.86,51.27,1009.89,12.06,8.0,8.05,54.58,37.83,0.0,0.0,54.58,44.22,49.3,53.67
2014-08-06,0.0,19.63,71.42,1016.57,10.11,8.0,7.76,53.67,0.0,37.83,0.0,53.67,54.58,44.22,48.43
2014-08-07,0.0,16.15,70.05,1009.69,17.41,8.0,8.94,48.43,0.0,0.0,37.83,48.43,53.67,54.58,36.21
2014-08-08,0.0,18.32,79.76,1001.18,13.49,8.0,8.11,36.21,0.0,0.0,0.0,36.21,48.43,53.67,37.28
2014-08-09,0.0,17.34,70.24,1011.55,8.23,8.0,6.03,37.28,0.0,0.0,0.0,37.28,36.21,48.43,31.87
2014-08-10,0.0,15.24,74.21,1006.3,7.54,8.0,7.01,31.87,0.0,0.0,0.0,31.87,37.28,36.21,30.82
2014-08-11,0.0,18.4,86.36,1014.18,15.26,8.0,8.08,30.82,0.0,0.0,0.0,30.82,31.87,37.28,31.03
2014-08-12,0.0,14.74,82.36,1013.4,4.83,8.0,5.37,31.03,0.0,0.0,0.0,31.03,30.82,31.87,30.94
2014-08-13,0.0,20.75,81.55,1017.34,10.67,8.0,8.39,30.94,0.0,0.0,0.0,30.94,31.03,30.82,29.58
2014-08-14,0.0,16.71,71.57,1014.59,9.54,8.0,6.09,29.58,0.0,0.0,0.0,29.58,30.94,31.03,26.81
2014-08-15,0.0,18.48,78.7,1015.58,8.8,8.0,6.52,26.81,0.0,0.0,0.0,26.81,29.58,30.94,17.64
2014-08-16,0.0,18.78,73.1,1006.85,11.24,8.0,7.05,17.64,0.0,0.0,0.0,17.64,26.81,29.58,21.04
2014-08-17,0.0,17.53,73.19,1014.29,10.66,8.0,6.14,21.04,0.0,0.0,0.0,21.04,17.64,26.81,14.52
2014-08-18,0.0,19.74,77.25,1020.18,11.6,8.0,7.51,14.52,0.0,0.0,0.0,14.52,21.04,17.64,18.0
2014-08-19,0.0,17.19,70.03,1006.97,10.49,8.0,6.58,18.0,0.0,0.0,0.0,18.0,14.52,21.04,14.81
2014-08-20,0.0,20.66,84.48,1019.48,11.46,8.0,7.75,14.81,0.0,0.0,0.0,14.81,18.0,14.52,16.49
2014-08-21,0.0,15.22,72.73,1007.81,10.33,8.0,8.24,16.49,0.0,0.0,0.0,16.49,14.81,18.0,17.5
2014-08-22,84.29,19.01,78.0,1006.38,7.69,8.0,6.82,17.5,0.0,0.0,0.0,17.5,16.49,14.81,52.06
2014-08-23,16.96,23.64,83.68,1012.19,10.01,8.0,8.07,52.06,84.29,0.0,0.0,52.06,17.5,16.49,71.05
2014-08-24,0.0,16.4,80.53,1014.37,7.5,8.0,6.51,71.05,16.96,84.29,0.0,71.05,52.06,17.5,75.4
2014-08-25,3.41,17.32,63.26,1015.43,7.27,8.0,6.43,75.4,0.0,16.96,84.29,75.4,71.05,52.06,69.98
2014-08-26,0.0,20.41,76.05,1006.14,8.82,8.0,7.77,69.98,3.41,0.0,16.96,69.98,75.4,71.05,62.4
2014-08-27,0.0,19.68,78.7,1013.2,9.58,8.0,6.46,62.4,0.0,3.41,0.0,62.4,69.98,75.4,55.9
2014-08-28,0.0,20.22,78.8,1007.67,10.12,8.0,8.15,55.9,0.0,0.0,3.41,55.9,62.4,69.98,48.72
2014-08-29,12.62,20.68,64.57,1003.74,13.21,8.0,7.31,48.72,0.0,0.0,0.0,48.72,55.9,62.4,43.52
2014-08-30,3.23,21.15,67.57,1006.62,8.26,8.0,8.31,43.52,12.62,0.0,0.0,43.52,48.72,55.9,40.71
2014-08-31,16.7,22.46,78.94,1007.59,10.69,8.0,7.38,40.71,3.23,12.62,0.0,40.71,43.52,48.72,46.49
2014-09-01,30.5,20.82,66.45,1014.03,10.41,8.0,6.86,46.49,16.7,3.23,12.62,46.49,40.71,43.52,56.99
2014-09-02,0.0,19.31,69.48,1017.27,7.87,8.0,7.04,56.99,30.5,16.7,3.23,56.99,46.49,40.71,58.29
2014-09-03,0.0,21.71,82.42,1004.22,10.26,8.0,6.26,58.29,0.0,30.5,16.7,58.29,56.99,46.49,52.83
2014-09-04,4.4,24.89,70.85,1013.43,13.51,8.0,7.55,52.83,0.0,0.0,30.5,52.83,58.29,56.99,50.34
2014-09-05,29.9,19.93,65.9,1005.87,10.65,8.0,7.84,50.34,4.4,0.0,0.0,50.34,52.83,58.29,59.92
2014-09-06,0.0,17.94,64.64,1014.98,10.79,8.0,8.21,59.92,29.9,4.4,0.0,59.92,50.34,52.83,51.09
2014-09-07,0.0,23.26,72.91,1008.81,7.53,8.0,6.85,51.09,0.0,29.9,4.4,51.09,59.92,50.34,43.09
2014-09-08,45.99,20.31,61.05,1006.75,16.89,8.0,9.48,43.09,0.0,0.0,29.9,43.09,51.09,59.92,56.6
2014-09-09,0.0,15.3,68.45,1016.09,7.73,8.0,6.17,56.6,45.99,0.0,0.0,56.6,43.09,51.09,60.76
2014-09-10,0.0,22.96,72.31,1009.24,4.16,8.0,6.93,60.76,0.0,45.99,0.0,60.76,56.6,43.09,60.04
2014-09-11,87.65,19.63,78.87,1010.68,13.01,8.0,7.87,60.04,0.0,0.0,45.99,60.04,60.76,56.6,89.16
2014-09-12,0.0,20.86,74.24,1001.25,9.6,8.0,8.59,89.16,87.65,0.0,0.0,89.16,60.04,60.76,98.9
2014-09-13,0.0,22.03,64.37,1017.16,8.94,8.0,8.15,98.9,0.0,87.65,0.0,98.9,89.16,60.04,99.67
2014-09-14,0.0,21.8,77.41,1016.62,8.09,8.0,7.06,99.67,0.0,0.0,87.65,99.67,98.9,89.16,87.02
2014-09-15,0.0,23.22,66.86,1012.63,16.55,8.0,10.65,87.02,0.0,0.0,0.0,87.02,99.67,98.9,76.09
2014-09-16,5.47,20.48,60.1,1005.05,11.24,8.0,7.59,76.09,0.0,0.0,0.0,76.09,87.02,99.67,64.67
2014-09-17,0.0,22.97,67.34,1018.82,11.92,8.0,7.99,64.67,5.47,0.0,0.0,64.67,76.09,87.02,58.36
2014-09-18,0.0,21.16,78.4,1009.53,10.57,8.0,7.79,58.36,0.0,5.47,0.0,58.36,64.67,76.09,53.98
2014-09-19,0.0,23.77,69.29,1010.68,10.95,8.0,7.57,53.98,0.0,0.0,5.47,53.98,58.36,64.67,44.97
2014-09-20,0.0,23.58,68.01,1024.59,14.9,8.0,9.6,44.97,0.0,0.0,0.0,44.97,53.98,58.36,39.71
2014-09-21,1.19,19.83,79.18,1009.6,9.12,8.0,7.08,39.71,0.0,0.0,0.0,39.71,44.97,53.98,36.62
2014-09-22,15.09,25.0,57.49,1016.92,4.9,8.0,7.72,36.62,1.19,0.0,0.0,36.62,39.71,44.97,41.86
2014-09-23,0.0,21.07,58.3,1016.1,13.04,8.0,5.79,41.86,15.09,1.19,0.0,41.86,36.62,39.71,38.92
2014-09-24,6.26,24.55,55.79,1015.33,11.74,8.0,8.29,38.92,0.0,15.09,1.19,38.92,41.86,36.62,35.67
2014-09-25,49.12,23.56,69.5,1014.87,10.38,8.0,7.53,35.67,6.26,0.0,15.09,35.67,38.92,41.86,52.1
2014-09-26,0.0,27.36,67.85,1015.43,11.65,8.0,8.47,52.1,49.12,6.26,0.0,52.1,35.67,38.92,57.21
2014-09-27,9.39,22.33,77.28,1014.99,8.7,8.0,6.45,57.21,0.0,49.12,6.26,57.21,52.1,35.67,61.0
2014-09-28,0.0,22.13,67.98,1013.46,10.07,8.0,7.46,61.0,9.39,0.0,49.12,61.0,57.21,52.1,50.18
2014-09-29,14.08,23.08,63.24,1021.36,9.54,8.0,7.8,50.18,0.0,9.39,0.0,50.18,61.0,57.21,50.01
2014-09-30,56.96,22.48,65.88,1007.32,7.93,8.0,7.05,50.01,14.08,0.0,9.39,50.01,50.18,61.0,67.17
2014-10-01,0.0,25.36,66.49,1019.08,14.16,8.0,9.06,67.17,56.96,14.08,0.0,67.17,50.01,50.18,72.27
2014-10-02,11.73,19.44,53.76,1018.17,5.06,8.0,6.68,72.27,0.0,56.96,14.08,72.27,67.17,50.01,76.61
2014-10-03,0.0,20.96,84.24,1017.63,18.26,8.0,9.13,76.61,11.73,0.0,56.96,76.61,72.27,67.17,73.33
2014-10-04,0.0,21.04,68.7,1019.81,13.07,8.0,8.71,73.33,0.0,11.73,0.0,73.33,76.61,72.27,70.34
2014-10-05,0.0,26.21,66.33,1013.84,3.78,8.0,7.96,70.34,0.0,0.0,11.73,70.34,73.33,76.61,63.52
2014-10-06,0.0,28.22,68.97,1005.05,9.22,8.0,7.84,63.52,0.0,0.0,0.0,63.52,70.34,73.33,54.13
2014-10-07,0.0,23.8,69.43,1014.11,9.41,8.0,7.36,54.13,0.0,0.0,0.0,54.13,63.52,70.34,45.84
2014-10-08,0.0,23.75,63.29,1009.6,11.37,8.0,9.29,45.84,0.0,0.0,0.0,45.84,54.13,63.52,41.96
2014-10-09,0.0,24.47,59.66,1010.98,6.54,8.0,6.64,41.96,0.0,0.0,0.0,41.96,45.84,54.13,39.61
2014-10-10,22.99,27.31,68.08,1008.5,10.11,8.0,7.84,39.61,0.0,0.0,0.0,39.61,41.96,45.84,40.03
2014-10-11,0.0,22.2,66.39,1012.41,9.58,8.0,7.42,40.03,22.99,0.0,0.0,40.03,39.61,41.96,48.17
2014-10-12,26.6,25.22,57.83,1011.89,7.42,8.0,6.91,48.17,0.0,22.99,0.0,48.17,40.03,39.61,57.8
2014-10-13,18.0,27.18,73.24,1003.07,6.93,8.0,7.75,57.8,26.6,0.0,22.99,57.8,48.17,40.03,66.46
2014-10-14,0.0,26.1,65.17,1018.54,13.22,8.0,9.5,66.46,18.0,26.6,0.0,66.46,57.8,48.17,66.79
2014-10-15,49.6,25.43,68.04,1026.22,4.06,8.0,5.54,66.79,0.0,18.0,26.6,66.79,66.46,57.8,78.06
2014-10-16,0.0,27.57,72.48,1018.22,11.67,8.0,8.01,78.06,49.6,0.0,18.0,78.06,66.79,66.46,76.81
2014-10-17,0.0,18.42,62.71,1014.25,12.79,8.0,7.73,76.81,0.0,49.6,0.0,76.81,78.06,66.79,70.83
2014-10-18,0.0,26.98,64.59,1015.07,9.24,8.0,9.28,70.83,0.0,0.0,49.6,70.83,76.81,78.06,56.22
2014-10-19,0.0,23.75,67.86,1013.32,10.18,8.0,6.61,56.22,0.0,0.0,0.0,56.22,70.83,76.81,45.19
2014-10-20,0.0,20.92,56.94,1015.95,14.07,8.0,8.82,45.19,0.0,0.0,0.0,45.19,56.22,70.83,45.93
2014-10-21,0.0,26.88,62.21,1015.38,7.53,8.0,7.64,45.93,0.0,0.0,0.0,45.93,45.19,56.22,39.47
2014-10-22,10.59,29.13,62.54,1011.44,7.89,8.0,8.21,39.47,0.0,0.0,0.0,39.47,45.93,45.19,41.81
2014-10-23,0.0,25.46,54.79,1024.13,8.27,8.0,8.75,41.81,10.59,0.0,0.0,41.81,39.47,45.93,36.89
2014-10-24,0.0,28.28,77.53,1008.35,14.08,8.0,8.73,36.89,0.0,10.59,0.0,36.89,41.81,39.47,30.9
2014-10-25,0.0,30.03,51.29,1019.45,14.52,8.0,9.2,30.9,0.0,0.0,10.59,30.9,36.89,41.81,31.9
2014-10-26,0.0,29.39,51.88,1015.42,5.11,8.0,7.85,31.9,0.0,0.0,0.0,31.9,30.9,36.89,26.99
2014-10-27,0.0,30.3,70.0,1025.5,13.52,8.0,9.17,26.99,0.0,0.0,0.0,26.99,31.9,30.9,22.44
2014-10-28,0.0,28.15,65.63,1017.77,12.87,8.0,7.83,22.44,0.0,0.0,0.0,22.44,26.99,31.9,20.35
2014-10-29,0.0,26.58,53.3,1014.33,15.44,8.0,9.1,20.35,0.0,0.0,0.0,20.35,22.44,26.99,19.97
2014-10-30,0.0,22.48,64.57,1014.96,11.35,8.0,8.2,19.97,0.0,0.0,0.0,19.97,20.35,22.44,15.7
2014-10-31,0.0,25.96,70.44,1016.47,9.85,8.0,6.69,15.7,0.0,0.0,0.0,15.7,19.97,20.35,6.07
2014-11-01,0.0,24.55,59.8,1010.62,14.01,8.0,9.19,6.07,0.0,0.0,0.0,6.07,15.7,19.97,9.39
2014-11-02,0.0,32.18,78.05,1012.56,12.45,8.0,9.75,9.39,0.0,0.0,0.0,9.39,6.07,15.7,9.05
2014-11-03,0.0,26.4,47.64,1007.53,17.86,8.0,9.55,9.05,0.0,0.0,0.0,9.05,9.39,6.07,5.0
2014-11-04,16.17,27.23,64.41,1011.9,13.36,8.0,7.6,5.0,0.0,0.0,0.0,5.0,9.05,9.39,10.4
2014-11-05,0.0,28.39,67.58,1017.05,10.54,8.0,7.85,10.4,16.17,0.0,0.0,10.4,5.0,9.05,16.68
2014-11-06,2.79,27.2,65.51,1018.14,5.89,8.0,5.69,16.68,0.0,16.17,0.0,16.68,10.4,5.0,23.1
2014-11-07,18.92,31.41,57.7,1006.8,7.97,8.0,8.08,23.1,2.79,0.0,16.17,23.1,16.68,10.4,27.03
2014-11-08,0.0,25.7,56.96,1016.07,4.97,8.0,6.56,27.03,18.92,2.79,0.0,27.03,23.1,16.68,33.07
2014-11-09,0.0,27.82,61.96,1019.63,9.25,8.0,8.08,33.07,0.0,18.92,2.79,33.07,27.03,23.1,31.1
2014-11-10,0.0,25.56,64.43,1016.05,13.24,8.0,9.28,31.1,0.0,0.0,18.92,31.1,33.07,27.03,24.74
2014-11-11,0.0,24.19,62.81,1013.75,9.99,8.0,7.44,24.74,0.0,0.0,0.0,24.74,31.1,33.07,19.92
2014-11-12,0.0,26.03,65.75,1014.91,13.58,8.0,8.9,19.92,0.0,0.0,0.0,19.92,24.74,31.1,23.64
2014-11-13,0.0,27.54,51.21,1014.32,11.18,8.0,8.38,23.64,0.0,0.0,0.0,23.64,19.92,24.74,22.58
2014-11-14,0.0,26.63,56.63,1013.89,8.59,8.0,7.21,22.58,0.0,0.0,0.0,22.58,23.64,19.92,16.39
2014-11-15,0.0,26.04,51.52,1017.99,10.31,8.0,9.28,16.39,0.0,0.0,0.0,16.39,22.58,23.64,17.92
2014-11-16,0.0,24.32,55.28,1028.71,11.65,8.0,8.81,17.92,0.0,0.0,0.0,17.92,16.39,22.58,19.52
2014-11-17,70.18,27.7,64.98,1013.5,10.49,8.0,7.41,19.52,0.0,0.0,0.0,19.52,17.92,16.39,44.93
2014-11-18,0.0,24.21,58.52,1015.67,10.53,8.0,8.31,44.93,70.18,0.0,0.0,44.93,19.52,17.92,55.21
2014-11-19,0.0,29.93,75.91,1017.05,7.31,8.0,7.84,55.21,0.0,70.18,0.0,55.21,44.93,19.52,61.47
2014-11-20,0.0,28.3,58.91,1013.91,8.48,8.0,8.5,61.47,0.0,0.0,70.18,61.47,55.21,44.93,49.71
2014-11-21,0.0,24.51,57.87,1022.88,17.9,8.0,8.02,49.71,0.0,0.0,0.0,49.71,61.47,55.21,37.4
2014-11-22,0.0,27.43,58.1,1005.58,14.3,8.0,8.59,37.4,0.0,0.0,0.0,37.4,49.71,61.47,30.31
2014-11-23,0.0,26.38,52.8,1014.82,4.84,8.0,7.65,30.31,0.0,0.0,0.0,30.31,37.4,49.71,20.38
2014-11-24,0.0,29.11,56.77,1021.6,1.72,8.0,6.31,20.38,0.0,0.0,0.0,20.38,30.31,37.4,13.17
2014-11-25,13.29,31.72,64.98,1016.08,10.27,8.0,8.91,13.17,0.0,0.0,0.0,13.17,20.38,30.31,20.49
2014-11-26,0.0,23.73,57.8,1013.48,13.13,8.0,8.02,20.49,13.29,0.0,0.0,20.49,13.17,20.38,17.73
2014-11-27,0.0,28.75,51.37,1019.82,8.18,8.0,8.17,17.73,0.0,13.29,0.0,17.73,20.49,13.17,16.59
2014-11-28,0.0,28.11,50.37,1022.18,13.58,8.0,9.69,16.59,0.0,0.0,13.29,16.59,17.73,20.49,16.82
2014-11-29,0.0,30.23,,1018.73,10.21,8.0,10.75,16.82,0.0,0.0,0.0,16.82,16.59,17.73,18.43
2014-11-30,0.0,29.13,57.22,1013.7,9.43,8.0,8.39,18.43,0.0,0.0,0.0,18.43,16.82,16.59,17.02
2014-12-01,20.94,26.75,64.99,1020.02,12.65,8.0,8.36,17.02,0.0,0.0,0.0,17.02,18.43,16.82,16.11
2014-12-02,0.0,27.87,47.18,1015.75,8.14,8.0,9.6,16.11,20.94,0.0,0.0,16.11,17.02,18.43,17.9
2014-12-03,0.0,26.71,54.27,1021.52,9.0,8.0,8.92,17.9,0.0,20.94,0.0,17.9,16.11,17.02,20.78
2014-12-04,0.0,31.43,57.46,1025.23,12.35,8.0,10.44,20.78,0.0,0.0,20.94,20.78,17.9,16.11,18.23
2014-12-05,0.0,28.82,43.56,1004.81,9.89,8.0,8.63,18.23,0.0,0.0,0.0,18.23,20.78,17.9,17.58
2014-12-06,0.0,33.55,50.51,1018.41,16.68,8.0,10.59,17.58,0.0,0.0,0.0,17.58,18.23,20.78,12.26
2014-12-07,0.0,28.68,51.54,1009.2,12.43,8.0,8.8,12.26,0.0,0.0,0.0,12.26,17.58,18.23,10.75
2014-12-08,0.0,27.08,50.68,1030.1,12.2,8.0,8.6,10.75,0.0,0.0,0.0,10.75,12.26,17.58,11.56
2014-12-09,0.0,25.09,57.56,1015.57,9.83,8.0,8.03,11.56,0.0,0.0,0.0,11.56,10.75,12.26,15.16
2014-12-10,0.0,24.39,55.05,1021.66,13.06,8.0,8.7,15.16,0.0,0.0,0.0,15.16,11.56,10.75,11.1
2014-12-11,0.0,24.96,52.25,1017.76,8.87,8.0,7.87,11.1,0.0,0.0,0.0,11.1,15.16,11.56,7.46
2014-12-12,39.2,29.6,59.11,1013.94,10.99,8.0,9.72,7.46,0.0,0.0,0.0,7.46,11.1,15.16,28.11
2014-12-13,5.89,30.22,68.15,1013.35,6.79,8.0,8.46,28.11,39.2,0.0,0.0,28.11,7.46,11.1,33.34
2014-12-14,0.0,25.01,67.54,1025.9,13.64,8.0,8.62,33.34,5.89,39.2,0.0,33.34,28.11,7.46,36.0
2014-12-15,0.0,31.21,42.58,1022.76,11.02,8.0,9.0,36.0,0.0,5.89,39.2,36.0,33.34,28.11,32.69
2014-12-16,0.0,27.78,60.07,1027.71,16.94,8.0,8.96,32.69,0.0,0.0,5.89,32.69,36.0,33.34,28.47
2014-12-17,0.0,29.36,54.77,1018.27,18.37,8.0,8.84,28.47,0.0,0.0,0.0,28.47,32.69,36.0,31.42
2014-12-18,0.0,33.03,57.09,1019.44,12.67,8.0,10.05,31.42,0.0,0.0,0.0,31.42,28.47,32.69,26.04
2014-12-19,0.0,31.24,53.21,1016.66,10.24,8.0,9.5,26.04,0.0,0.0,0.0,26.04,31.42,28.47,25.06
2014-12-20,22.78,28.33,56.82,1016.56,6.69,8.0,6.95,25.06,0.0,0.0,0.0,25.06,26.04,31.42,29.83
2014-12-21,0.0,26.77,57.06,1012.79,13.17,8.0,7.77,29.83,22.78,0.0,0.0,29.83,25.06,26.04,37.15
2014-12-22,0.0,23.62,51.95,1018.42,10.74,8.0,8.51,37.15,0.0,22.78,0.0,37.15,29.83,25.06,32.55
2014-12-23,0.0,27.19,49.74,1014.05,11.88,8.0,8.27,32.55,0.0,0.0,22.78,32.55,37.15,29.83,30.59
2014-12-24,0.0,28.46,52.89,1020.2,16.05,8.0,8.48,30.59,0.0,0.0,0.0,30.59,32.55,37.15,18.38
2014-12-25,0.0,26.51,57.69,1018.83,7.11,8.0,6.41,18.38,0.0,0.0,0.0,18.38,30.59,32.55,14.99
2014-12-26,8.61,28.63,60.26,1019.41,6.76,8.0,7.49,14.99,0.0,0.0,0.0,14.99,18.38,30.59,18.39
2014-12-27,0.0,29.14,62.06,1026.34,9.17,8.0,8.38,18.39,8.61,0.0,0.0,18.39,14.99,18.38,12.41
2014-12-28,0.0,28.37,52.66,1017.76,12.87,8.0,8.56,12.41,0.0,8.61,0.0,12.41,18.39,14.99,10.31
2014-12-29,0.0,27.29,58.13,1021.72,11.94,8.0,7.44,10.31,0.0,0.0,8.61,10.31,12.41,18.39,20.05
2014-12-30,0.0,29.32,62.92,1028.18,6.87,8.0,7.47,20.05,0.0,0.0,0.0,20.05,10.31,12.41,13.47
2014-12-31,0.0,29.98,64.38,1024.44,12.65,8.0,9.32,13.47,0.0,0.0,0.0,13.47,20.05,10.31,12.31
2015-01-01,0.0,26.12,55.86,1023.65,5.8,8.0,8.73,12.31,0.0,0.0,0.0,12.31,13.47,20.05,5.59
2015-01-02,0.0,32.34,54.77,1016.34,7.07,8.0,8.38,5.59,0.0,0.0,0.0,5.59,12.31,13.47,5.0
2015-01-03,0.0,28.54,57.7,1019.0,9.6,8.0,9.12,5.0,0.0,0.0,0.0,5.0,5.59,12.31,5.54
2015-01-04,0.0,28.81,48.37,1011.24,8.06,8.0,8.71,5.54,0.0,0.0,0.0,5.54,5.0,5.59,5.0
2015-01-05,0.0,30.5,55.11,1020.3,13.11,8.0,8.58,5.0,0.0,0.0,0.0,5.0,5.54,5.0,5.0
2015-01-06,8.06,29.27,61.74,1019.15,11.0,8.0,9.31,5.0,0.0,0.0,0.0,5.0,5.0,5.54,5.72
2015-01-07,0.0,31.04,61.08,1017.87,16.18,8.0,10.44,5.72,8.06,0.0,0.0,5.72,5.0,5.0,9.92
2015-01-08,0.0,29.34,54.76,1022.86,9.13,8.0,7.94,9.92,0.0,8.06,0.0,9.92,5.72,5.0,8.46
2015-01-09,7.56,27.05,58.25,1011.66,9.57,8.0,8.13,8.46,0.0,0.0,8.06,8.46,9.92,5.72,12.44
2015-01-10,0.0,29.44,51.02,1025.84,14.24,8.0,8.67,12.44,7.56,0.0,0.0,12.44,8.46,9.92,5.9
2015-01-11,0.0,25.63,61.8,1022.15,9.68,8.0,6.96,5.9,0.0,7.56,0.0,5.9,12.44,8.46,5.0
2015-01-12,0.0,28.72,56.41,1017.25,15.23,8.0,9.98,5.0,0.0,0.0,7.56,5.0,5.9,12.44,5.0
2015-01-13,0.0,28.31,55.1,1016.83,11.89,8.0,9.91,5.0,0.0,0.0,0.0,5.0,5.0,5.9,5.0
2015-01-14,0.0,27.83,54.59,1019.94,1.77,8.0,7.0,5.0,0.0,0.0,0.0,5.0,5.0,5.0,5.0
2015-01-15,26.87,27.97,56.77,1025.1,14.12,8.0,8.48,5.0,0.0,0.0,0.0,5.0,5.0,5.0,14.31
2015-01-16,0.0,23.54,54.17,1017.97,13.19,8.0,9.15,14.31,26.87,0.0,0.0,14.31,5.0,5.0,20.52
2015-01-17,3.12,26.81,62.0,1018.14,13.33,8.0,9.58,20.52,0.0,26.87,0.0,20.52,14.31,5.0,26.29
2015-01-18,0.0,28.36,54.73,1017.47,3.31,8.0,6.65,26.29,3.12,0.0,26.87,26.29,20.52,14.31,21.24
2015-01-19,0.0,28.47,68.75,1026.25,7.68,8.0,8.05,21.24,0.0,3.12,0.0,21.24,26.29,20.52,22.93
2015-01-20,0.0,25.44,67.96,1015.45,7.94,8.0,9.23,22.93,0.0,0.0,3.12,22.93,21.24,26.29,17.58
2015-01-21,0.0,31.11,51.57,1017.1,7.06,8.0,9.68,17.58,0.0,0.0,0.0,17.58,22.93,21.24,15.28
2015-01-22,0.0,25.72,58.4,1024.52,16.1,8.0,8.21,15.28,0.0,0.0,0.0,15.28,17.58,22.93,8.72
2015-01-23,18.29,30.24,53.48,1017.89,9.96,8.0,7.44,8.72,0.0,0.0,0.0,8.72,15.28,17.58,13.83
2015-01-24,0.0,28.82,55.86,1022.79,9.87,8.0,8.65,13.83,18.29,0.0,0.0,13.83,8.72,15.28,20.8
2015-01-25,0.0,26.06,72.28,1012.5,11.93,8.0,8.87,20.8,0.0,18.29,0.0,20.8,13.83,8.72,20.89
2015-01-26,0.0,32.05,56.24,1015.98,11.99,8.0,9.62,20.89,0.0,0.0,18.29,20.89,20.8,13.83,16.78
2015-01-27,14.93,24.55,61.03,1024.37,0.5,8.0,6.91,16.78,0.0,0.0,0.0,16.78,20.89,20.8,14.04
2015-01-28,0.0,29.76,62.43,1013.52,7.74,8.0,8.35,14.04,14.93,0.0,0.0,14.04,16.78,20.89,14.64
2015-01-29,0.0,29.88,51.77,1016.09,5.06,8.0,7.45,14.64,0.0,14.93,0.0,14.64,14.04,16.78,14.52
2015-01-30,53.4,25.63,52.92,1018.07,11.4,8.0,7.76,14.52,0.0,0.0,14.93,14.52,14.64,14.04,33.48
2015-01-31,0.0,30.71,50.6,1011.79,8.99,8.0,9.12,33.48,53.4,0.0,0.0,33.48,14.52,14.64,38.41
2015-02-01,0.0,26.52,52.98,1014.61,10.05,8.0,7.6,38.41,0.0,53.4,0.0,38.41,33.48,14.52,39.69
2015-02-02,0.0,27.78,39.37,1017.18,2.73,8.0,5.93,39.69,0.0,0.0,53.4,39.69,38.41,33.48,34.75
2015-02-03,16.99,27.63,63.28,1016.79,8.92,8.0,8.18,34.75,0.0,0.0,0.0,34.75,39.69,38.41,36.83
2015-02-04,4.72,26.56,73.99,1022.9,13.9,8.0,8.87,36.83,16.99,0.0,0.0,36.83,34.75,39.69,41.73
2015-02-05,0.0,28.83,60.79,1024.14,14.93,8.0,10.65,41.73,4.72,16.99,0.0,41.73,36.83,34.75,35.7
2015-02-06,43.32,28.7,50.0,1012.09,12.52,8.0,8.81,35.7,0.0,4.72,16.99,35.7,41.73,36.83,55.22
2015-02-07,23.43,22.26,55.57,1016.86,5.33,8.0,5.91,55.22,43.32,0.0,4.72,55.22,35.7,41.73,66.17
2015-02-08,0.0,29.8,57.01,1019.61,14.41,8.0,10.13,66.17,23.43,43.32,0.0,66.17,55.22,35.7,69.51
2015-02-09,0.0,22.29,53.26,1023.76,12.53,8.0,8.03,69.51,0.0,23.43,43.32,69.51,66.17,55.22,67.71
2015-02-10,0.0,28.93,66.56,1019.7,9.59,8.0,8.16,67.71,0.0,0.0,23.43,67.71,69.51,66.17,59.86
2015-02-11,0.0,29.07,66.37,1017.5,2.91,8.0,6.37,59.86,0.0,0.0,0.0,59.86,67.71,69.51,52.16
2015-02-12,0.0,23.43,52.78,1019.3,13.34,8.0,8.72,52.16,0.0,0.0,0.0,52.16,59.86,67.71,46.41
2015-02-13,0.0,25.04,66.11,1019.27,7.93,8.0,7.74,46.41,0.0,0.0,0.0,46.41,52.16,59.86,34.04
2015-02-14,0.0,23.2,71.89,1011.19,11.21,8.0,7.94,34.04,0.0,0.0,0.0,34.04,46.41,52.16,20.67
2015-02-15,65.14,25.33,74.69,1016.72,10.24,8.0,8.7,20.67,0.0,0.0,0.0,20.67,34.04,46.41,48.16
2015-02-16,7.35,24.99,81.6,1022.98,15.38,8.0,9.5,48.16,65.14,0.0,0.0,48.16,20.67,34.04,57.34
2015-02-17,17.71,27.61,55.41,1014.58,9.56,8.0,8.45,57.34,7.35,65.14,0.0,57.34,48.16,20.67,63.94
2015-02-18,0.0,28.83,81.67,1016.19,9.95,8.0,8.69,63.94,17.71,7.35,65.14,63.94,57.34,48.16,61.08
2015-02-19,0.0,28.94,59.6,1014.25,15.53,8.0,9.49,61.08,0.0,17.71,7.35,61.08,63.94,57.34,54.93
2015-02-20,36.55,23.94,58.11,1003.82,7.7,8.0,8.84,54.93,0.0,0.0,17.71,54.93,61.08,63.94,59.16
2015-02-21,0.0,24.72,64.73,1015.42,12.85,8.0,7.6,59.16,36.55,0.0,0.0,59.16,54.93,61.08,62.69
2015-02-22,5.51,20.93,58.55,1016.75,9.3,8.0,6.54,62.69,0.0,36.55,0.0,62.69,59.16,54.93,65.82
2015-02-23,0.0,23.01,65.6,1012.6,6.49,8.0,6.23,65.82,5.51,0.0,36.55,65.82,62.69,59.16,59.76
2015-02-24,0.0,27.33,53.76,1009.31,10.0,8.0,8.65,59.76,0.0,5.51,0.0,59.76,65.82,62.69,53.6
2015-02-25,0.0,28.85,61.51,1010.6,12.42,8.0,8.64,53.6,0.0,0.0,5.51,53.6,59.76,65.82,46.74
2015-02-26,37.87,21.61,72.37,1018.75,14.74,8.0,7.34,46.74,0.0,0.0,0.0,46.74,53.6,59.76,57.46
2015-02-27,0.0,23.11,63.17,1024.71,15.16,8.0,8.35,57.46,37.87,0.0,0.0,57.46,46.74,53.6,59.36
2015-02-28,24.65,24.41,64.75,1021.68,8.97,8.0,9.43,59.36,0.0,37.87,0.0,59.36,57.46,46.74,65.49
2015-03-01,0.0,25.06,67.28,1007.96,6.54,8.0,7.74,65.49,24.65,0.0,37.87,65.49,59.36,57.46,65.36
2015-03-02,0.0,22.22,72.34,1018.88,8.88,8.0,8.6,65.36,0.0,24.65,0.0,65.36,65.49,59.36,61.07
2015-03-03,0.0,25.19,52.76,1011.21,5.86,8.0,6.34,61.07,0.0,0.0,24.65,61.07,65.36,65.49,56.43
2015-03-04,0.0,22.83,68.63,1011.53,9.24,8.0,7.79,56.43,0.0,0.0,0.0,56.43,61.07,65.36,54.08
2015-03-05,0.0,23.87,62.86,1012.05,8.8,8.0,8.04,54.08,0.0,0.0,0.0,54.08,56.43,61.07,47.71
2015-03-06,0.0,25.15,66.1,1017.81,12.55,8.0,8.87,47.71,0.0,0.0,0.0,47.71,54.08,56.43,43.14
2015-03-07,0.0,23.69,72.56,1018.99,2.28,8.0,6.38,43.14,0.0,0.0,0.0,43.14,47.71,54.08,40.22
2015-03-08,42.57,22.46,56.98,1013.62,7.43,8.0,8.09,40.22,0.0,0.0,0.0,40.22,43.14,47.71,53.52
2015-03-09,0.0,23.16,58.45,1013.62,7.46,8.0,7.77,53.52,42.57,0.0,0.0,53.52,40.22,43.14,54.4
2015-03-10,0.0,23.1,52.19,1016.26,14.15,8.0,8.47,54.4,0.0,42.57,0.0,54.4,53.52,40.22,53.63
2015-03-11,0.0,22.27,62.1,1016.7,6.1,8.0,6.71,53.63,0.0,0.0,42.57,53.63,54.4,53.52,51.74
2015-03-12,15.74,22.43,75.46,1019.65,10.79,8.0,6.52,51.74,0.0,0.0,0.0,51.74,53.63,54.4,43.68
2015-03-13,16.25,26.96,65.51,1007.26,9.55,8.0,6.54,43.68,15.74,0.0,0.0,43.68,51.74,53.63,50.83
2015-03-14,0.0,24.24,57.18,1013.7,13.65,8.0,7.89,50.83,16.25,15.74,0.0,50.83,43.68,51.74,50.41
2015-03-15,14.25,21.98,63.36,1008.18,12.09,8.0,7.79,50.41,0.0,16.25,15.74,50.41,50.83,43.68,50.47
2015-03-16,0.0,24.34,56.55,1013.17,10.42,8.0,7.42,50.47,14.25,0.0,16.25,50.47,50.41,50.83,50.3
2015-03-17,0.0,21.65,59.3,1012.21,8.06,8.0,7.57,50.3,0.0,14.25,0.0,50.3,50.47,50.41,41.75
2015-03-18,0.0,25.29,70.1,1013.02,3.52,8.0,7.62,41.75,0.0,0.0,14.25,41.75,50.3,50.47,35.31
2015-03-19,0.0,23.16,59.37,1009.17,10.86,8.0,6.88,35.31,0.0,0.0,0.0,35.31,41.75,50.3,35.67
2015-03-20,0.0,21.85,75.58,1005.65,11.86,8.0,8.24,35.67,0.0,0.0,0.0,35.67,35.31,41.75,24.76
2015-03-21,0.0,23.12,67.5,1002.53,4.49,8.0,6.86,24.76,0.0,0.0,0.0,24.76,35.67,35.31,23.54
2015-03-22,0.0,17.95,68.81,1012.26,5.68,8.0,5.1,23.54,0.0,0.0,0.0,23.54,24.76,35.67,25.75
2015-03-23,0.0,18.94,66.46,1010.67,10.88,8.0,8.11,25.75,0.0,0.0,0.0,25.75,23.54,24.76,26.52
2015-03-24,0.0,18.65,74.03,1009.36,11.19,8.0,6.61,26.52,0.0,0.0,0.0,26.52,25.75,23.54,24.74
2015-03-25,0.0,21.88,74.31,1019.27,6.53,8.0,9.07,24.74,0.0,0.0,0.0,24.74,26.52,25.75,18.41
2015-03-26,0.0,25.73,71.38,1008.27,7.99,8.0,8.61,18.41,0.0,0.0,0.0,18.41,24.74,26.52,19.25
2015-03-27,0.0,26.86,73.19,1019.57,3.57,8.0,7.01,19.25,0.0,0.0,0.0,19.25,18.41,24.74,14.56
2015-03-28,19.13,22.75,67.96,1020.52,14.82,8.0,8.38,14.56,0.0,0.0,0.0,14.56,19.25,18.41,20.3
2015-03-29,0.0,22.29,73.44,1002.56,5.45,8.0,5.79,20.3,19.13,0.0,0.0,20.3,14.56,19.25,21.51
2015-03-30,7.65,16.42,67.49,1012.69,11.9,8.0,8.66,21.51,0.0,19.13,0.0,21.51,20.3,14.56,20.13
2015-03-31,0.0,19.45,70.07,1010.15,9.88,8.0,6.59,20.13,7.65,0.0,19.13,20.13,21.51,20.3,23.77
2015-04-01,0.0,18.71,68.33,997.5,14.51,8.0,7.93,23.77,0.0,7.65,0.0,23.77,20.13,21.51,21.52
2015-04-02,10.57,19.01,67.26,1004.75,7.23,8.0,6.33,21.52,0.0,0.0,7.65,21.52,23.77,20.13,23.12
2015-04-03,0.0,20.03,65.84,1015.77,10.21,8.0,7.77,23.12,10.57,0.0,0.0,23.12,21.52,23.77,20.32
2015-04-04,23.39,19.15,74.14,1021.9,4.06,8.0,6.33,20.32,0.0,10.57,0.0,20.32,23.12,21.52,26.49
2015-04-05,0.0,15.27,80.24,1016.24,3.22,8.0,5.26,26.49,23.39,0.0,10.57,26.49,20.32,23.12,30.15
2015-04-06,4.17,21.97,79.46,1013.26,12.09,8.0,8.2,30.15,0.0,23.39,0.0,30.15,26.49,20.32,33.34
2015-04-07,0.0,17.3,62.66,1011.45,3.75,8.0,7.36,33.34,4.17,0.0,23.39,33.34,30.15,26.49,40.58
2015-04-08,0.0,20.47,80.68,1019.89,9.2,8.0,7.27,40.58,0.0,4.17,0.0,40.58,33.34,30.15,35.12
2015-04-09,0.0,24.94,69.63,1022.14,13.54,8.0,6.67,35.12,0.0,0.0,4.17,35.12,40.58,33.34,29.42
2015-04-10,5.16,17.34,76.25,1008.38,12.61,8.0,7.72,29.42,0.0,0.0,0.0,29.42,35.12,40.58,31.94
2015-04-11,0.0,13.2,65.9,1001.23,7.67,8.0,5.09,31.94,5.16,0.0,0.0,31.94,29.42,35.12,32.08
2015-04-12,0.0,18.7,73.43,1000.66,4.44,8.0,5.26,32.08,0.0,5.16,0.0,32.08,31.94,29.42,27.84
2015-04-13,0.0,22.05,74.82,1017.68,11.78,8.0,6.64,27.84,0.0,0.0,5.16,27.84,32.08,31.94,25.73
2015-04-14,0.0,24.09,62.42,1010.76,14.7,8.0,9.11,25.73,0.0,0.0,0.0,25.73,27.84,32.08,28.11
2015-04-15,0.0,16.01,77.26,1011.83,7.68,8.0,5.37,28.11,0.0,0.0,0.0,28.11,25.73,27.84,20.57
2015-04-16,0.0,20.21,82.61,1001.88,7.19,8.0,7.68,20.57,0.0,0.0,0.0,20.57,28.11,25.73,15.5
2015-04-17,0.0,17.7,72.15,1006.99,8.16,8.0,7.46,15.5,0.0,0.0,0.0,15.5,20.57,28.11,15.14
2015-04-18,0.0,18.49,83.08,1009.21,12.0,8.0,6.73,15.14,0.0,0.0,0.0,15.14,15.5,20.57,10.96
2015-04-19,0.0,25.26,72.41,1011.65,14.3,8.0,8.95,10.96,0.0,0.0,0.0,10.96,15.14,15.5,7.42
2015-04-20,0.0,14.79,79.87,1008.54,5.66,8.0,7.02,7.42,0.0,0.0,0.0,7.42,10.96,15.14,10.83
2015-04-21,0.0,19.08,58.57,1005.27,4.76,8.0,6.05,10.83,0.0,0.0,0.0,10.83,7.42,10.96,10.98
2015-04-22,3.65,19.51,91.21,1006.46,18.19,8.0,9.4,10.98,0.0,0.0,0.0,10.98,10.83,7.42,11.0
2015-04-23,0.0,20.95,84.92,1016.35,9.38,8.0,7.42,11.0,3.65,0.0,0.0,11.0,10.98,10.83,7.69
2015-04-24,0.0,18.38,72.63,1011.46,10.89,8.0,6.74,7.69,0.0,3.65,0.0,7.69,11.0,10.98,8.49
2015-04-25,30.16,18.81,60.99,1013.23,7.58,8.0,7.56,8.49,0.0,0.0,3.65,8.49,7.69,11.0,24.24
2015-04-26,0.0,16.96,76.98,1005.6,11.71,8.0,6.66,24.24,30.16,0.0,0.0,24.24,8.49,7.69,22.84
2015-04-27,0.0,18.51,65.03,995.26,13.36,8.0,8.82,22.84,0.0,30.16,0.0,22.84,24.24,8.49,19.45
2015-04-28,0.0,16.89,78.41,1007.34,11.05,8.0,6.2,19.45,0.0,0.0,30.16,19.45,22.84,24.24,19.49
2015-04-29,20.69,19.2,78.34,1005.56,16.09,8.0,9.18,19.49,0.0,0.0,0.0,19.49,19.45,22.84,23.89
2015-04-30,19.14,16.63,69.03,1011.57,8.86,8.0,6.99,23.89,20.69,0.0,0.0,23.89,19.49,19.45,30.37
2015-05-01,0.0,18.4,83.63,1026.19,9.08,8.0,7.54,30.37,19.14,20.69,0.0,30.37,23.89,19.49,30.65
2015-05-02,12.62,17.3,81.57,1013.17,10.81,8.0,6.8,30.65,0.0,19.14,20.69,30.65,30.37,23.89,37.22
2015-05-03,0.0,20.1,82.92,1023.31,11.63,8.0,7.85,37.22,12.62,0.0,19.14,37.22,30.65,30.37,37.82
2015-05-04,0.0,17.06,76.3,1012.41,10.8,8.0,5.09,37.82,0.0,12.62,0.0,37.82,37.22,30.65,36.18
2015-05-05,0.0,12.67,66.48,1006.36,5.5,8.0,6.06,36.18,0.0,0.0,12.62,36.18,37.82,37.22,30.34
2015-05-06,8.87,20.18,83.38,1011.18,11.09,8.0,6.42,30.34,0.0,0.0,0.0,30.34,36.18,37.82,27.57
2015-05-07,13.06,14.67,74.79,1018.29,8.69,8.0,7.14,27.57,8.87,0.0,0.0,27.57,30.34,36.18,29.41
2015-05-08,0.0,15.22,67.09,1018.47,7.97,8.0,6.11,29.41,13.06,8.87,0.0,29.41,27.57,30.34,26.45
2015-05-09,0.0,15.28,86.42,1006.39,10.11,8.0,6.33,26.45,0.0,13.06,8.87,26.45,29.41,27.57,23.47
2015-05-10,6.77,20.13,91.79,1010.48,6.63,8.0,5.82,23.47,0.0,0.0,13.06,23.47,26.45,29.41,23.62
2015-05-11,0.0,11.28,76.94,1002.01,6.03,8.0,5.91,23.62,6.77,0.0,0.0,23.62,23.47,26.45,24.73
2015-05-12,0.0,24.38,92.47,1013.22,0.85,8.0,5.67,24.73,0.0,6.77,0.0,24.73,23.62,23.47,22.7
2015-05-13,0.0,19.11,78.13,1016.81,16.12,8.0,8.09,22.7,0.0,0.0,6.77,22.7,24.73,23.62,19.39
2015-05-14,0.0,16.95,74.95,1009.19,11.95,8.0,7.02,19.39,0.0,0.0,0.0,19.39,22.7,24.73,23.02
2015-05-15,44.95,16.18,73.32,1005.61,9.59,8.0,6.03,23.02,0.0,0.0,0.0,23.02,19.39,22.7,26.96
2015-05-16,47.28,16.97,89.31,1010.7,7.66,8.0,6.26,26.96,44.95,0.0,0.0,26.96,23.02,19.39,54.82
2015-05-17,24.94,17.49,72.51,1010.93,0.5,8.0,5.16,54.82,47.28,44.95,0.0,54.82,26.96,23.02,75.39
2015-05-18,13.01,17.73,83.23,1009.2,7.45,8.0,7.43,75.39,24.94,47.28,44.95,75.39,54.82,26.96,84.35
2015-05-19,0.0,17.44,74.28,1009.65,12.51,8.0,8.33,84.35,13.01,24.94,47.28,84.35,75.39,54.82,83.07
2015-05-20,0.0,16.22,75.08,1007.84,13.3,8.0,6.35,83.07,0.0,13.01,24.94,83.07,84.35,75.39,70.51
2015-05-21,39.01,15.44,85.62,1013.64,12.25,8.0,7.26,70.51,0.0,0.0,13.01,70.51,83.07,84.35,81.77
2015-05-22,0.0,15.49,75.85,1012.3,10.55,8.0,6.68,81.77,39.01,0.0,0.0,81.77,70.51,83.07,81.11
2015-05-23,0.0,15.33,75.77,1003.67,14.56,8.0,6.79,81.11,0.0,39.01,0.0,81.11,81.77,70.51,74.67
2015-05-24,0.0,18.59,86.63,1003.49,8.85,8.0,7.06,74.67,0.0,0.0,39.01,74.67,81.11,81.77,67.91
2015-05-25,0.0,17.19,89.97,1007.23,13.8,8.0,7.89,67.91,0.0,0.0,0.0,67.91,74.67,81.11,60.39
2015-05-26,0.0,8.3,83.39,1012.15,8.65,8.0,3.66,60.39,0.0,0.0,0.0,60.39,67.91,74.67,49.84
2015-05-27,0.0,17.24,74.38,1009.17,6.92,8.0,7.37,49.84,0.0,0.0,0.0,49.84,60.39,67.91,36.78
2015-05-28,22.75,16.04,75.47,1005.18,6.48,8.0,6.93,36.78,0.0,0.0,0.0,36.78,49.84,60.39,37.33
2015-05-29,14.7,15.46,79.69,1009.67,6.27,8.0,6.22,37.33,22.75,0.0,0.0,37.33,36.78,49.84,41.07
2015-05-30,0.0,14.49,81.45,1006.68,12.31,8.0,6.33,41.07,14.7,22.75,0.0,41.07,37.33,36.78,43.19
2015-05-31,0.0,18.23,72.36,1012.7,7.4,8.0,7.15,43.19,0.0,14.7,22.75,43.19,41.07,37.33,34.74
2015-06-01,11.55,17.75,84.41,1009.94,6.38,8.0,5.96,34.74,0.0,0.0,14.7,34.74,43.19,41.07,36.85
2015-06-02,0.0,13.41,80.01,1006.67,12.5,8.0,7.97,36.85,11.55,0.0,0.0,36.85,34.74,43.19,35.83
2015-06-03,19.1,16.33,67.46,1009.38,11.15,8.0,7.85,35.83,0.0,11.55,0.0,35.83,36.85,34.74,48.14
2015-06-04,0.0,12.84,73.03,1014.77,13.37,8.0,7.07,48.14,19.1,0.0,11.55,48.14,35.83,36.85,47.45
2015-06-05,0.0,11.79,76.06,1005.32,11.79,8.0,6.04,47.45,0.0,19.1,0.0,47.45,48.14,35.83,36.8
2015-06-06,0.0,13.64,79.13,1010.16,7.36,8.0,6.61,36.8,0.0,0.0,19.1,36.8,47.45,48.14,36.39
2015-06-07,0.0,17.34,92.91,1007.78,10.27,8.0,7.62,36.39,0.0,0.0,0.0,36.39,36.8,47.45,28.83
2015-06-08,0.0,17.54,81.4,1010.25,10.44,8.0,6.82,28.83,0.0,0.0,0.0,28.83,36.39,36.8,21.99
2015-06-09,34.47,16.41,73.89,1004.82,6.78,8.0,6.78,21.99,0.0,0.0,0.0,21.99,28.83,36.39,33.15
2015-06-10,0.0,16.92,81.36,1008.63,6.13,8.0,5.99,33.15,34.47,0.0,0.0,33.15,21.99,28.83,37.99
2015-06-11,10.38,16.38,77.38,1013.6,7.62,8.0,5.16,37.99,0.0,34.47,0.0,37.99,33.15,21.99,40.97
2015-06-12,0.0,13.47,82.15,1003.37,17.13,8.0,6.31,40.97,10.38,0.0,34.47,40.97,37.99,33.15,38.16
2015-06-13,0.0,16.14,83.97,1001.39,8.56,8.0,6.76,38.16,0.0,10.38,0.0,38.16,40.97,37.99,31.63
2015-06-14,0.0,17.04,88.39,1001.57,14.32,8.0,8.8,31.63,0.0,0.0,10.38,31.63,38.16,40.97,23.75
2015-06-15,0.0,16.91,79.78,1002.17,8.36,8.0,5.94,23.75,0.0,0.0,0.0,23.75,31.63,38.16,21.61
2015-06-16,0.0,17.99,91.44,1010.99,13.11,8.0,6.84,21.61,0.0,0.0,0.0,21.61,23.75,31.63,13.68
2015-06-17,12.65,16.78,86.34,1000.98,13.16,8.0,7.63,13.68,0.0,0.0,0.0,13.68,21.61,23.75,14.85
2015-06-18,0.0,,75.04,1006.51,13.33,8.0,7.4,14.85,12.65,0.0,0.0,14.85,13.68,21.61,14.44
2015-06-19,19.99,17.68,95.47,1011.09,11.36,8.0,7.4,14.44,0.0,12.65,0.0,14.44,14.85,13.68,23.44
2015-06-20,33.12,14.93,82.29,1010.08,14.82,8.0,7.87,23.44,19.99,0.0,12.65,23.44,14.44,14.85,37.63
2015-06-21,5.07,12.8,74.15,1006.07,11.32,8.0,6.72,37.63,33.12,19.99,0.0,37.63,23.44,14.44,43.15
2015-06-22,0.0,14.6,91.57,1008.96,16.0,8.0,7.66,43.15,5.07,33.12,19.99,43.15,37.63,23.44,38.66
2015-06-23,0.0,13.15,94.53,1008.54,4.33,8.0,4.72,38.66,0.0,5.07,33.12,38.66,43.15,37.63,33.18
2015-06-24,42.21,13.33,79.74,1006.89,11.22,8.0,6.42,33.18,0.0,0.0,5.07,33.18,38.66,43.15,46.05
2015-06-25,28.79,14.66,76.44,1006.96,10.99,8.0,7.89,46.05,42.21,0.0,0.0,46.05,33.18,38.66,62.52
2015-06-26,0.0,13.05,78.74,1019.2,6.72,8.0,6.43,62.52,28.79,42.21,0.0,62.52,46.05,33.18,63.04
2015-06-27,0.0,14.28,84.92,1012.08,12.03,8.0,7.17,63.04,0.0,28.79,42.21,63.04,62.52,46.05,55.8
2015-06-28,0.0,10.33,88.84,1020.45,4.78,8.0,4.71,55.8,0.0,0.0,28.79,55.8,63.04,62.52,44.86
2015-06-29,0.0,15.61,83.86,1005.57,7.71,8.0,5.81,44.86,0.0,0.0,0.0,44.86,55.8,63.04,40.01
2015-06-30,0.0,15.1,80.55,1007.64,3.0,8.0,4.85,40.01,0.0,0.0,0.0,40.01,44.86,55.8,33.98
2015-07-01,0.0,13.08,90.28,1001.42,15.46,8.0,5.84,33.98,0.0,0.0,0.0,33.98,40.01,44.86,29.44
2015-07-02,0.0,16.79,77.57,1004.05,9.19,8.0,6.62,29.44,0.0,0.0,0.0,29.44,33.98,40.01,24.24
2015-07-03,0.0,17.51,86.93,1017.63,17.58,8.0,7.82,24.24,0.0,0.0,0.0,24.24,29.44,33.98,19.82
2015-07-04,0.0,11.17,77.65,1005.53,12.81,8.0,6.91,19.82,0.0,0.0,0.0,19.82,24.24,29.44,15.31
2015-07-05,0.0,13.32,82.64,1017.76,11.57,,7.62,15.31,0.0,0.0,0.0,15.31,19.82,24.24,15.23
2015-07-06,0.0,13.33,78.77,1001.96,7.95,8.0,5.76,15.23,0.0,0.0,0.0,15.23,15.31,19.82,13.54
2015-07-07,6.83,12.94,79.12,1002.94,6.34,8.0,6.98,13.54,0.0,0.0,0.0,13.54,15.23,15.31,19.93
2015-07-08,0.0,17.4,76.81,1006.52,11.83,8.0,7.72,19.93,6.83,0.0,0.0,19.93,13.54,15.23,17.84
2015-07-09,0.0,14.87,88.8,1007.94,9.75,8.0,7.79,17.84,0.0,6.83,0.0,17.84,19.93,13.54,22.03
2015-07-10,0.0,14.74,74.19,1012.9,5.31,8.0,5.14,22.03,0.0,0.0,6.83,22.03,17.84,19.93,18.39
2015-07-11,0.0,10.43,74.07,1010.57,4.69,8.0,6.42,18.39,0.0,0.0,0.0,18.39,22.03,17.84,17.97
2015-07-12,0.0,17.07,94.02,1006.26,6.64,8.0,5.86,17.97,0.0,0.0,0.0,17.97,18.39,22.03,13.68
2015-07-13,35.44,12.43,85.94,1007.71,16.37,8.0,6.76,13.68,0.0,0.0,0.0,13.68,17.97,18.39,28.62
2015-07-14,12.82,15.72,62.32,1006.81,17.75,8.0,8.03,28.62,35.44,0.0,0.0,28.62,13.68,17.97,29.58
2015-07-15,0.0,16.32,74.98,1003.87,10.72,8.0,6.35,29.58,12.82,35.44,0.0,29.58,28.62,13.68,28.48
2015-07-16,0.0,19.07,66.16,1004.04,10.52,8.0,7.69,28.48,0.0,12.82,35.44,28.48,29.58,28.62,23.17
2015-07-17,0.0,12.45,72.1,1013.66,8.82,8.0,7.01,23.17,0.0,0.0,12.82,23.17,28.48,29.58,27.58
2015-07-18,0.0,8.23,56.69,999.42,6.73,8.0,6.03,27.58,0.0,0.0,0.0,27.58,23.17,28.48,27.96
2015-07-19,0.0,16.29,77.61,1016.68,14.81,8.0,7.58,27.96,0.0,0.0,0.0,27.96,27.58,23.17,25.51
2015-07-20,0.0,20.39,70.48,1006.92,16.56,8.0,9.32,25.51,0.0,0.0,0.0,25.51,27.96,27.58,20.99
2015-07-21,17.73,19.05,78.79,1004.82,6.87,8.0,7.08,20.99,0.0,0.0,0.0,20.99,25.51,27.96,23.88
2015-07-22,0.0,16.54,66.89,1012.42,9.71,8.0,6.83,23.88,17.73,0.0,0.0,23.88,20.99,25.51,22.44
2015-07-23,0.0,14.85,78.73,1016.2,8.43,8.0,6.4,22.44,0.0,17.73,0.0,22.44,23.88,20.99,24.24
2015-07-24,0.0,18.16,75.14,1014.4,8.53,8.0,6.19,24.24,0.0,0.0,17.73,24.24,22.44,23.88,21.65
2015-07-25,13.39,13.78,88.44,1011.37,14.15,8.0,6.42,21.65,0.0,0.0,0.0,21.65,24.24,22.44,27.82
2015-07-26,59.22,17.47,87.69,1014.35,5.41,8.0,5.93,27.82,13.39,0.0,0.0,27.82,21.65,24.24,54.0
2015-07-27,12.67,17.61,83.19,1000.38,11.63,8.0,6.42,54.0,59.22,13.39,0.0,54.0,27.82,21.65,67.74
2015-07-28,0.0,19.07,75.28,1006.41,12.55,8.0,6.68,67.74,12.67,59.22,13.39,67.74,54.0,27.82,66.51
2015-07-29,0.0,23.39,91.34,1004.51,9.5,8.0,6.81,66.51,0.0,12.67,59.22,66.51,67.74,54.0,57.29
2015-07-30,0.0,17.55,66.44,1015.24,13.13,8.0,8.43,57.29,0.0,0.0,12.67,57.29,66.51,67.74,50.87
2015-07-31,12.43,15.37,67.35,1007.26,10.52,8.0,6.28,50.87,0.0,0.0,0.0,50.87,57.29,66.51,51.32
2015-08-01,28.1,16.66,76.46,1013.46,14.26,8.0,8.25,51.32,12.43,0.0,0.0,51.32,50.87,57.29,58.77
2015-08-02,5.17,12.38,92.69,1011.97,4.67,8.0,5.09,58.77,28.1,12.43,0.0,58.77,51.32,50.87,56.65
2015-08-03,0.0,15.15,75.35,1005.04,8.78,8.0,6.76,56.65,5.17,28.1,12.43,56.65,58.77,51.32,55.04
2015-08-04,0.0,15.95,75.34,1006.47,9.75,8.0,6.19,55.04,0.0,5.17,28.1,55.04,56.65,58.77,51.7
2015-08-05,0.0,15.74,66.39,1015.94,0.65,8.0,5.65,51.7,0.0,0.0,5.17,51.7,55.04,56.65,41.64
2015-08-06,4.08,17.52,82.95,1005.65,6.2,8.0,8.26,41.64,0.0,0.0,0.0,41.64,51.7,55.04,37.33
2015-08-07,50.04,15.17,82.86,1010.21,7.15,8.0,5.77,37.33,4.08,0.0,0.0,37.33,41.64,51.7,51.37
2015-08-08,13.17,20.12,81.56,1005.74,13.32,8.0,7.57,51.37,50.04,4.08,0.0,51.37,37.33,41.64,64.58
2015-08-09,0.0,17.41,71.47,1008.15,7.53,8.0,5.74,64.58,13.17,50.04,4.08,64.58,51.37,37.33,72.46
2015-08-10,0.0,17.47,70.77,1009.55,7.14,8.0,7.52,72.46,0.0,13.17,50.04,72.46,64.58,51.37,69.95
2015-08-11,0.0,16.77,66.51,1005.94,12.86,8.0,8.45,69.95,0.0,0.0,13.17,69.95,72.46,64.58,56.02
2015-08-12,0.0,18.07,75.99,1005.11,4.34,8.0,5.51,56.02,0.0,0.0,0.0,56.02,69.95,72.46,50.5
2015-08-13,0.0,19.84,67.67,1011.42,2.75,8.0,6.13,50.5,0.0,0.0,0.0,50.5,56.02,69.95,46.37
2015-08-14,6.56,15.71,66.83,1005.83,8.73,8.0,7.04,46.37,0.0,0.0,0.0,46.37,50.5,56.02,49.63
2015-08-15,22.49,16.33,71.94,1006.07,4.93,8.0,6.23,49.63,6.56,0.0,0.0,49.63,46.37,50.5,52.41
2015-08-16,22.19,17.31,71.31,1005.5,5.07,8.0,5.57,52.41,22.49,6.56,0.0,52.41,49.63,46.37,60.29
2015-08-17,0.0,14.81,70.79,1009.88,12.01,8.0,6.3,60.29,22.19,22.49,6.56,60.29,52.41,49.63,56.06
2015-08-18,0.0,16.23,77.65,1015.06,13.07,8.0,6.37,56.06,0.0,22.19,22.49,56.06,60.29,52.41,47.28
2015-08-19,0.0,17.19,74.76,1017.94,12.76,8.0,8.25,47.28,0.0,0.0,22.19,47.28,56.06,60.29,41.84
2015-08-20,1.29,20.67,72.02,1006.86,13.88,8.0,8.53,41.84,0.0,0.0,0.0,41.84,47.28,56.06,42.5
2015-08-21,0.0,19.24,75.14,1021.31,14.34,8.0,9.23,42.5,1.29,0.0,0.0,42.5,41.84,47.28,37.76
2015-08-22,3.92,19.17,66.73,1005.61,2.55,8.0,5.35,37.76,0.0,1.29,0.0,37.76,42.5,41.84,35.2
2015-08-23,20.1,20.92,74.23,1016.13,11.58,8.0,7.91,35.2,3.92,0.0,1.29,35.2,37.76,42.5,35.77
2015-08-24,0.0,18.56,74.36,1007.18,8.15,8.0,7.0,35.77,20.1,3.92,0.0,35.77,35.2,37.76,36.48
2015-08-25,0.0,19.99,62.6,1006.51,7.38,8.0,7.29,36.48,0.0,20.1,3.92,36.48,35.77,35.2,32.57
2015-08-26,0.0,18.86,79.9,1007.22,11.96,8.0,7.96,32.57,0.0,0.0,20.1,32.57,36.48,35.77,27.07
2015-08-27,0.0,19.9,66.57,1010.76,3.94,8.0,9.01,27.07,0.0,0.0,0.0,27.07,32.57,36.48,29.8
2015-08-28,30.4,17.89,73.19,1014.0,3.87,8.0,8.71,29.8,0.0,0.0,0.0,29.8,27.07,32.57,37.46
2015-08-29,20.04,13.36,80.51,1014.53,12.22,8.0,7.19,37.46,30.4,0.0,0.0,37.46,29.8,27.07,46.27
2015-08-30,21.42,19.23,78.65,1006.54,11.71,8.0,8.77,46.27,20.04,30.4,0.0,46.27,37.46,29.8,58.14
2015-08-31,36.5,23.24,72.21,1006.4,10.48,8.0,7.08,58.14,21.42,20.04,30.4,58.14,46.27,37.46,60.82
2015-09-01,78.27,22.11,69.24,1006.84,6.92,8.0,7.04,60.82,36.5,21.42,20.04,60.82,58.14,46.27,93.54
2015-09-02,0.0,22.32,78.22,1010.95,12.6,8.0,7.32,93.54,78.27,36.5,21.42,93.54,60.82,58.14,96.08
2015-09-03,10.32,23.12,76.11,1010.54,12.38,8.0,8.22,96.08,0.0,78.27,36.5,96.08,93.54,60.82,96.35
2015-09-04,0.0,20.36,66.86,1006.92,10.3,8.0,7.87,96.35,10.32,0.0,78.27,96.35,96.08,93.54,93.53
2015-09-05,0.0,20.75,65.42,1013.1,5.88,8.0,8.68,93.53,0.0,10.32,0.0,93.53,96.35,96.08,73.82
2015-09-06,0.0,18.83,56.28,1023.15,8.51,8.0,6.32,73.82,0.0,0.0,10.32,73.82,93.53,96.35,59.14
2015-09-07,0.0,19.7,71.66,1009.4,12.93,8.0,8.81,59.14,0.0,0.0,0.0,59.14,73.82,93.53,56.78
2015-09-08,0.0,22.15,69.8,1009.84,14.65,8.0,7.95,56.78,0.0,0.0,0.0,56.78,59.14,73.82,49.41
2015-09-09,0.0,23.74,78.13,1014.89,8.86,8.0,7.1,49.41,0.0,0.0,0.0,49.41,56.78,59.14,45.02
2015-09-10,16.98,20.5,72.49,1009.38,9.13,8.0,7.07,45.02,0.0,0.0,0.0,45.02,49.41,56.78,47.09
2015-09-11,0.0,19.84,79.11,1015.61,9.43,8.0,8.79,47.09,16.98,0.0,0.0,47.09,45.02,49.41,45.28
2015-09-12,6.65,,64.69,1008.75,10.96,8.0,6.07,45.28,0.0,16.98,0.0,45.28,47.09,45.02,43.47
2015-09-13,0.0,22.71,77.33,1021.59,7.97,8.0,7.67,43.47,6.65,0.0,16.98,43.47,45.28,47.09,28.23
2015-09-14,9.09,17.71,65.46,1014.24,0.5,8.0,6.6,28.23,0.0,6.65,0.0,28.23,43.47,45.28,29.38
2015-09-15,0.0,15.7,74.4,1009.5,14.17,8.0,6.71,29.38,9.09,0.0,6.65,29.38,28.23,43.47,31.51
2015-09-16,0.0,20.19,58.54,1009.74,16.28,8.0,8.8,31.51,0.0,9.09,0.0,31.51,29.38,28.23,32.33
2015-09-17,0.0,18.63,70.19,1010.21,7.86,8.0,6.3,32.33,0.0,0.0,9.09,32.33,31.51,29.38,30.48
2015-09-18,50.95,20.53,54.44,1019.72,6.27,8.0,8.5,30.48,0.0,0.0,0.0,30.48,32.33,31.51,47.86
2015-09-19,27.87,21.56,66.26,1006.6,9.52,8.0,6.44,47.86,50.95,0.0,0.0,47.86,30.48,32.33,64.54
2015-09-20,0.0,20.91,71.01,1009.69,9.34,8.0,7.81,64.54,27.87,50.95,0.0,64.54,47.86,30.48,71.48
2015-09-21,0.0,25.8,64.07,1010.31,13.48,8.0,8.19,71.48,0.0,27.87,50.95,71.48,64.54,47.86,60.83
2015-09-22,0.0,23.1,60.16,1013.13,10.19,8.0,7.66,60.83,0.0,0.0,27.87,60.83,71.48,64.54,59.84
2015-09-23,0.0,23.16,73.23,1011.93,7.23,8.0,7.03,59.84,0.0,0.0,0.0,59.84,60.83,71.48,56.19
2015-09-24,7.6,24.08,66.37,1005.92,5.39,8.0,8.01,56.19,0.0,0.0,0.0,56.19,59.84,60.83,59.11
2015-09-25,0.0,19.8,63.47,1011.46,13.03,8.0,7.97,59.11,7.6,0.0,0.0,59.11,56.19,59.84,54.63
2015-09-26,0.0,25.36,66.98,1013.05,12.1,8.0,7.15,54.63,0.0,7.6,0.0,54.63,59.11,56.19,47.11
2015-09-27,10.52,22.7,84.94,1010.49,13.71,8.0,8.43,47.11,0.0,0.0,7.6,47.11,54.63,59.11,47.5
2015-09-28,0.0,24.68,74.35,1017.15,6.61,8.0,7.56,47.5,10.52,0.0,0.0,47.5,47.11,54.63,46.55
2015-09-29,0.0,20.44,74.21,1018.4,16.43,8.0,9.18,46.55,0.0,10.52,0.0,46.55,47.5,47.11,48.97
2015-09-30,46.72,19.36,68.92,1013.5,3.9,8.0,6.65,48.97,0.0,0.0,10.52,48.97,46.55,47.5,61.69
2015-10-01,1.82,25.41,66.83,1015.12,12.48,8.0,7.13,61.69,46.72,0.0,0.0,61.69,48.97,46.55,62.91
2015-10-02,0.0,24.42,48.69,1003.25,3.32,8.0,7.89,62.91,1.82,46.72,0.0,62.91,61.69,48.97,65.04
2015-10-03,35.47,21.34,60.51,1012.03,7.23,8.0,8.05,65.04,0.0,1.82,46.72,65.04,62.91,61.69,71.53
2015-10-04,0.0,21.54,61.7,1019.25,15.46,8.0,8.81,71.53,35.47,0.0,1.82,71.53,65.04,62.91,67.94
2015-10-05,0.0,26.64,51.74,1012.19,12.91,8.0,8.85,67.94,0.0,35.47,0.0,67.94,71.53,65.04,62.0
2015-10-06,8.68,20.97,56.56,1010.7,8.09,8.0,7.55,62.0,0.0,0.0,35.47,62.0,67.94,71.53,51.13
2015-10-07,0.0,28.17,50.6,1025.86,8.18,8.0,9.01,51.13,8.68,0.0,0.0,51.13,62.0,67.94,43.93
2015-10-08,0.0,21.92,64.0,1023.65,10.35,8.0,8.74,43.93,0.0,8.68,0.0,43.93,51.13,62.0,41.18
2015-10-09,0.0,25.89,69.81,1016.97,11.8,8.0,8.71,41.18,0.0,0.0,8.68,41.18,43.93,51.13,36.13
2015-10-10,0.0,23.58,71.63,1020.41,14.38,8.0,8.91,36.13,0.0,0.0,0.0,36.13,41.18,43.93,33.44
2015-10-11,35.44,26.02,66.59,1003.67,8.4,8.0,7.96,33.44,0.0,0.0,0.0,33.44,36.13,41.18,48.85
2015-10-12,0.0,23.27,56.75,1010.94,4.36,8.0,8.86,48.85,35.44,0.0,0.0,48.85,33.44,36.13,58.43
2015-10-13,0.0,24.33,49.78,1012.61,10.55,8.0,6.39,58.43,0.0,35.44,0.0,58.43,48.85,33.44,54.72
2015-10-14,0.0,24.95,50.82,1013.86,8.4,8.0,7.23,54.72,0.0,0.0,35.44,54.72,58.43,48.85,44.17
2015-10-15,0.0,22.45,54.04,1012.66,5.45,8.0,6.39,44.17,0.0,0.0,0.0,44.17,54.72,58.43,37.34
2015-10-16,0.0,26.92,56.52,1002.44,11.04,8.0,10.03,37.34,0.0,0.0,0.0,37.34,44.17,54.72,35.37
2015-10-17,0.0,23.89,61.44,1017.2,9.25,8.0,7.55,35.37,0.0,0.0,0.0,35.37,37.34,44.17,39.76
2015-10-18,0.0,24.71,55.27,1018.06,11.07,8.0,6.52,39.76,0.0,0.0,0.0,39.76,35.37,37.34,35.55
2015-10-19,0.0,22.9,64.56,1023.43,6.87,8.0,6.59,35.55,0.0,0.0,0.0,35.55,39.76,35.37,32.96
2015-10-20,0.0,19.09,60.39,1011.55,11.7,8.0,8.01,32.96,0.0,0.0,0.0,32.96,35.55,39.76,28.2
2015-10-21,21.17,25.12,61.91,1011.22,5.39,8.0,7.3,28.2,0.0,0.0,0.0,28.2,32.96,35.55,34.24
2015-10-22,0.0,31.73,69.64,1002.24,7.1,8.0,8.14,34.24,21.17,0.0,0.0,34.24,28.2,32.96,38.04
2015-10-23,0.0,27.76,53.22,1014.25,9.15,8.0,8.34,38.04,0.0,21.17,0.0,38.04,34.24,28.2,38.56
2015-10-24,0.0,25.85,64.24,1020.29,16.1,8.0,9.87,38.56,0.0,0.0,21.17,38.56,38.04,34.24,33.65
2015-10-25,0.0,25.34,61.04,1012.8,12.75,8.0,9.15,33.65,0.0,0.0,0.0,33.65,38.56,38.04,30.46
2015-10-26,0.0,26.16,58.64,1026.65,13.77,8.0,8.01,30.46,0.0,0.0,0.0,30.46,33.65,38.56,25.4
2015-10-27,0.0,27.56,67.0,1014.71,14.96,8.0,9.19,25.4,0.0,0.0,0.0,25.4,30.46,33.65,26.26
2015-10-28,7.4,23.34,66.79,1016.8,22.61,8.0,10.88,26.26,0.0,0.0,0.0,26.26,25.4,30.46,32.72
2015-10-29,0.0,29.17,53.85,1009.32,10.15,8.0,8.65,32.72,7.4,0.0,0.0,32.72,26.26,25.4,26.81
2015-10-30,0.0,28.27,59.04,1017.64,14.97,8.0,8.6,26.81,0.0,7.4,0.0,26.81,32.72,26.26,21.39
2015-10-31,39.06,28.37,62.13,1006.37,13.54,8.0,7.94,21.39,0.0,0.0,7.4,21.39,26.81,32.72,33.63
2015-11-01,0.0,27.76,58.1,1019.8,13.49,8.0,8.99,33.63,39.06,0.0,0.0,33.63,21.39,26.81,40.13
2015-11-02,0.0,26.8,63.95,1020.02,16.21,8.0,8.9,40.13,0.0,39.06,0.0,40.13,33.63,21.39,38.33
2015-11-03,0.0,28.52,61.67,1023.25,8.53,8.0,7.94,38.33,0.0,0.0,39.06,38.33,40.13,33.63,36.66
2015-11-04,0.0,28.41,72.38,1011.42,8.25,8.0,8.19,36.66,0.0,0.0,0.0,36.66,38.33,40.13,26.43
2015-11-05,0.0,26.13,48.7,1017.38,11.12,8.0,7.76,26.43,0.0,0.0,0.0,26.43,36.66,38.33,22.89
2015-11-06,3.4,25.66,58.41,1019.46,9.36,8.0,8.97,22.89,0.0,0.0,0.0,22.89,26.43,36.66,21.97
2015-11-07,0.0,27.43,52.77,1018.91,11.11,8.0,8.36,21.97,3.4,0.0,0.0,21.97,22.89,26.43,16.51
2015-11-08,0.0,31.13,63.22,1012.43,15.47,8.0,11.02,16.51,0.0,3.4,0.0,16.51,21.97,22.89,13.83
2015-11-09,0.0,24.24,47.53,1004.85,8.33,8.0,8.5,13.83,0.0,0.0,3.4,13.83,16.51,21.97,16.05
2015-11-10,216.96,23.74,61.15,1018.6,8.93,8.0,7.59,16.05,0.0,0.0,0.0,16.05,13.83,16.51,104.75
2015-11-11,0.0,27.9,54.18,1016.16,10.61,8.0,7.37,104.75,216.96,0.0,0.0,104.75,16.05,13.83,136.75
2015-11-12,28.47,27.69,53.33,1014.14,9.2,8.0,8.69,136.75,0.0,216.96,0.0,136.75,104.75,16.05,163.03
2015-11-13,0.0,28.07,48.22,1020.84,3.3,8.0,7.72,163.03,28.47,0.0,216.96,163.03,136.75,104.75,145.66
2015-11-14,0.0,28.31,54.97,1016.85,7.97,8.0,7.47,145.66,0.0,28.47,0.0,145.66,163.03,136.75,132.18
2015-11-15,0.0,27.22,65.69,1010.53,12.41,8.0,7.61,132.18,0.0,0.0,28.47,132.18,145.66,163.03,106.13
2015-11-16,0.0,31.57,57.81,1007.51,15.03,8.0,9.43,106.13,0.0,0.0,0.0,106.13,132.18,145.66,87.87
2015-11-17,11.38,23.9,62.27,1011.57,5.96,8.0,7.4,87.87,0.0,0.0,0.0,87.87,106.13,132.18,84.72
2015-11-18,0.0,25.9,69.42,1029.23,5.94,8.0,7.52,84.72,11.38,0.0,0.0,84.72,87.87,106.13,74.88
2015-11-19,22.14,27.77,59.51,1020.92,10.11,8.0,8.28,74.88,0.0,11.38,0.0,74.88,84.72,87.87,77.29
2015-11-20,0.0,23.98,53.64,1018.29,2.74,8.0,7.74,77.29,22.14,0.0,11.38,77.29,74.88,84.72,67.16
2015-11-21,0.0,27.71,60.73,1016.48,8.44,8.0,7.5,67.16,0.0,22.14,0.0,67.16,77.29,74.88,52.01
2015-11-22,0.0,32.36,53.55,1016.2,3.92,8.0,9.4,52.01,0.0,0.0,22.14,52.01,67.16,77.29,42.57
2015-11-23,73.73,28.31,53.73,1023.31,14.79,8.0,7.73,42.57,0.0,0.0,0.0,42.57,52.01,67.16,66.08
2015-11-24,0.0,28.89,46.54,1015.06,7.31,8.0,7.46,66.08,73.73,0.0,0.0,66.08,42.57,52.01,71.27
2015-11-25,0.0,25.22,63.57,1020.43,15.78,8.0,7.87,71.27,0.0,73.73,0.0,71.27,66.08,42.57,76.68
2015-11-26,0.0,26.87,54.3,1015.84,13.9,8.0,8.95,76.68,0.0,0.0,73.73,76.68,71.27,66.08,60.11
2015-11-27,19.36,27.52,58.2,1027.32,7.74,8.0,8.22,60.11,0.0,0.0,0.0,60.11,76.68,71.27,58.22
2015-11-28,0.0,27.71,49.59,1021.36,6.25,8.0,9.14,58.22,19.36,0.0,0.0,58.22,60.11,76.68,53.55
2015-11-29,0.0,31.75,59.82,1023.91,9.32,8.0,8.76,53.55,0.0,19.36,0.0,53.55,58.22,60.11,48.27
2015-11-30,0.0,29.99,51.37,1014.79,9.63,8.0,9.16,48.27,0.0,0.0,19.36,48.27,53.55,58.22,45.45
2015-12-01,0.0,25.85,55.64,1023.03,11.21,8.0,7.38,45.45,0.0,0.0,0.0,45.45,48.27,53.55,39.7
2015-12-02,0.0,29.29,62.71,1016.2,7.28,8.0,6.9,39.7,0.0,0.0,0.0,39.7,45.45,48.27,37.3
2015-12-03,0.0,29.95,62.04,1018.34,12.61,8.0,9.92,37.3,0.0,0.0,0.0,37.3,39.7,45.45,36.48
2015-12-04,7.45,31.59,56.29,1025.99,10.93,8.0,9.59,36.48,0.0,0.0,0.0,36.48,37.3,39.7,29.7
2015-12-05,0.0,32.72,44.02,1012.62,8.81,8.0,8.89,29.7,7.45,0.0,0.0,29.7,36.48,37.3,30.8
2015-12-06,0.0,26.26,77.29,1018.87,7.51,8.0,6.93,30.8,0.0,7.45,0.0,30.8,29.7,36.48,27.18
2015-12-07,4.89,26.8,68.52,1020.07,9.35,8.0,9.95,27.18,0.0,0.0,7.45,27.18,30.8,29.7,25.96
2015-12-08,0.0,25.71,61.31,1020.49,7.14,8.0,8.26,25.96,4.89,0.0,0.0,25.96,27.18,30.8,24.26
2015-12-09,26.56,28.29,50.94,1015.66,10.2,8.0,7.83,24.26,0.0,4.89,0.0,24.26,25.96,27.18,34.22
2015-12-10,0.0,30.06,55.38,1028.36,10.3,8.0,8.62,34.22,26.56,0.0,4.89,34.22,24.26,25.96,29.75
2015-12-11,0.0,31.39,52.34,1011.47,10.92,8.0,7.66,29.75,0.0,26.56,0.0,29.75,34.22,24.26,23.25
2015-12-12,0.0,28.74,64.96,1025.25,16.18,8.0,9.36,23.25,0.0,0.0,26.56,23.25,29.75,34.22,18.3
2015-12-13,4.0,28.15,57.92,1024.04,9.54,8.0,7.87,18.3,0.0,0.0,0.0,18.3,23.25,29.75,19.6
2015-12-14,4.32,29.34,50.57,1027.48,13.52,8.0,10.91,19.6,4.0,0.0,0.0,19.6,18.3,23.25,23.92
2015-12-15,0.0,26.89,52.75,1010.04,10.8,8.0,8.92,23.92,4.32,4.0,0.0,23.92,19.6,18.3,19.83
2015-12-16,0.0,34.21,63.88,1013.64,9.17,8.0,6.8,19.83,0.0,4.32,4.0,19.83,23.92,19.6,20.04
2015-12-17,0.0,24.97,67.22,1025.45,9.58,8.0,9.32,20.04,0.0,0.0,4.32,20.04,19.83,23.92,16.89
2015-12-18,0.0,29.46,66.7,1008.61,9.79,8.0,8.7,16.89,0.0,0.0,0.0,16.89,20.04,19.83,15.57
2015-12-19,0.0,34.06,61.3,1009.97,10.98,8.0,10.32,15.57,0.0,0.0,0.0,15.57,16.89,20.04,10.7
2015-12-20,0.0,29.02,54.23,1015.56,6.64,8.0,8.14,10.7,0.0,0.0,0.0,10.7,15.57,16.89,9.5
2015-12-21,24.54,28.52,33.31,1018.96,4.87,8.0,7.82,9.5,0.0,0.0,0.0,9.5,10.7,15.57,15.08
2015-12-22,0.0,28.1,58.09,1025.96,12.29,8.0,7.98,15.08,24.54,0.0,0.0,15.08,9.5,10.7,18.2
2015-12-23,0.0,28.54,56.0,1017.07,13.14,8.0,9.35,18.2,0.0,24.54,0.0,18.2,15.08,9.5,21.64
2015-12-24,0.0,32.42,57.01,1014.95,12.61,8.0,10.04,21.64,0.0,0.0,24.54,21.64,18.2,15.08,16.89
2015-12-25,0.0,23.44,56.42,1019.54,10.54,8.0,6.48,16.89,0.0,0.0,0.0,16.89,21.64,18.2,15.74
2015-12-26,0.0,32.8,46.78,1020.32,12.69,8.0,8.62,15.74,0.0,0.0,0.0,15.74,16.89,21.64,14.36
2015-12-27,0.0,25.39,59.99,1020.17,12.5,8.0,7.38,14.36,0.0,0.0,0.0,14.36,15.74,16.89,16.49
2015-12-28,6.39,28.27,60.54,1017.06,12.76,8.0,10.15,16.49,0.0,0.0,0.0,16.49,14.36,15.74,10.34
2015-12-29,0.0,27.84,60.92,1008.16,6.99,8.0,8.7,10.34,6.39,0.0,0.0,10.34,16.49,14.36,12.55
2015-12-30,39.85,30.37,62.81,1013.34,6.16,8.0,7.66,12.55,0.0,6.39,0.0,12.55,10.34,16.49,24.2
2015-12-31,0.0,24.88,60.44,1025.01,8.64,8.0,8.59,24.2,39.85,0.0,6.39,24.2,12.55,10.34,25.14
2016-01-01,0.0,30.0,53.4,1018.82,9.94,8.0,7.43,25.14,0.0,39.85,0.0,25.14,24.2,12.55,24.14
2016-01-02,0.0,33.88,55.82,1016.26,9.15,8.0,9.06,24.14,0.0,0.0,39.85,24.14,25.14,24.2,17.08
2016-01-03,0.0,25.38,57.0,1023.44,3.43,8.0,7.77,17.08,0.0,0.0,0.0,17.08,24.14,25.14,15.71
2016-01-04,0.0,29.23,57.17,1012.18,16.03,8.0,8.9,15.71,0.0,0.0,0.0,15.71,17.08,24.14,10.02
2016-01-05,0.0,27.07,63.46,1016.68,9.04,8.0,8.01,10.02,0.0,0.0,0.0,10.02,15.71,17.08,10.63
2016-01-06,20.11,29.76,61.03,1018.47,10.6,8.0,8.96,10.63,0.0,0.0,0.0,10.63,10.02,15.71,9.84
2016-01-07,0.0,28.7,71.13,1015.55,14.36,8.0,9.88,9.84,20.11,0.0,0.0,9.84,10.63,10.02,16.03
2016-01-08,0.0,27.01,72.1,1018.23,1.79,8.0,5.66,16.03,0.0,20.11,0.0,16.03,9.84,10.63,10.88
2016-01-09,0.0,29.8,57.28,1016.76,8.21,8.0,8.09,10.88,0.0,0.0,20.11,10.88,16.03,9.84,10.51
2016-01-10,0.7,33.05,29.94,1010.67,8.65,8.0,8.05,10.51,0.0,0.0,0.0,10.51,10.88,16.03,5.93
2016-01-11,18.08,28.01,65.53,1018.54,8.82,8.0,8.52,5.93,0.7,0.0,0.0,5.93,10.51,10.88,11.16
2016-01-12,0.0,30.24,53.17,1010.96,9.39,8.0,8.22,11.16,18.08,0.7,0.0,11.16,5.93,10.51,9.94
2016-01-13,0.0,25.16,51.42,1018.4,15.06,8.0,9.42,9.94,0.0,18.08,0.7,9.94,11.16,5.93,5.0
2016-01-14,0.0,25.96,54.33,1024.4,12.36,8.0,7.36,5.0,0.0,0.0,18.08,5.0,9.94,11.16,5.0
2016-01-15,0.0,29.48,54.08,1016.09,13.35,8.0,8.6,5.0,0.0,0.0,0.0,5.0,5.0,9.94,5.0
2016-01-16,0.0,31.95,61.59,1011.6,10.16,8.0,10.33,5.0,0.0,0.0,0.0,5.0,5.0,5.0,5.0
2016-01-17,0.0,29.08,46.48,1016.78,5.1,8.0,7.57,5.0,0.0,0.0,0.0,5.0,5.0,5.0,5.0
2016-01-18,0.0,27.35,49.95,1013.22,2.72,8.0,8.03,5.0,0.0,0.0,0.0,5.0,5.0,5.0,5.0
2016-01-19,0.0,28.07,60.0,1020.31,4.65,8.0,6.64,5.0,0.0,0.0,0.0,5.0,5.0,5.0,5.0
2016-01-20,17.28,24.88,62.06,1016.55,11.26,8.0,6.93,5.0,0.0,0.0,0.0,5.0,5.0,5.0,13.39
2016-01-21,12.85,29.46,62.3,1025.8,10.11,8.0,9.57,13.39,17.28,0.0,0.0,13.39,5.0,5.0,15.97
2016-01-22,0.0,30.09,52.41,1023.02,9.26,8.0,9.08,15.97,12.85,17.28,0.0,15.97,13.39,5.0,13.32
2016-01-23,0.0,26.69,51.18,1016.39,8.71,8.0,7.65,13.32,0.0,12.85,17.28,13.32,15.97,13.39,15.74
2016-01-24,0.0,26.57,54.6,1020.68,17.04,8.0,10.51,15.74,0.0,0.0,12.85,15.74,13.32,15.97,12.56
2016-01-25,18.6,28.34,59.95,1015.09,7.12,8.0,7.39,12.56,0.0,0.0,0.0,12.56,15.74,13.32,25.4
2016-01-26,0.0,26.52,,1017.17,13.25,8.0,7.87,25.4,18.6,0.0,0.0,25.4,12.56,15.74,18.74
2016-01-27,0.0,27.37,44.18,1015.15,10.01,8.0,8.3,18.74,0.0,18.6,0.0,18.74,25.4,12.56,19.65
2016-01-28,0.0,32.71,57.1,1020.73,9.79,8.0,8.56,19.65,0.0,0.0,18.6,19.65,18.74,25.4,13.68
2016-01-29,0.0,26.77,49.44,1024.01,14.12,8.0,7.89,13.68,0.0,0.0,0.0,13.68,19.65,18.74,9.14
2016-01-30,0.0,26.41,47.34,1020.78,15.12,8.0,8.84,9.14,0.0,0.0,0.0,9.14,13.68,19.65,5.98
2016-01-31,0.0,25.61,65.81,1021.34,9.16,8.0,8.06,5.98,0.0,0.0,0.0,5.98,9.14,13.68,9.9
2016-02-01,0.0,29.01,62.99,1021.29,12.8,8.0,9.46,9.9,0.0,0.0,0.0,9.9,5.98,9.14,5.0
2016-02-02,26.84,26.61,62.47,1019.37,11.27,8.0,10.43,5.0,0.0,0.0,0.0,5.0,9.9,5.98,9.59
2016-02-03,0.0,25.36,65.91,1010.86,10.03,8.0,8.94,9.59,26.84,0.0,0.0,9.59,5.0,9.9,15.93
2016-02-04,2.97,30.2,56.25,1025.0,10.71,8.0,7.8,15.93,0.0,26.84,0.0,15.93,9.59,5.0,23.93
2016-02-05,0.0,30.36,56.73,1025.46,7.59,8.0,10.37,23.93,2.97,0.0,26.84,23.93,15.93,9.59,18.56
2016-02-06,0.0,25.22,75.21,1015.2,8.93,8.0,7.78,18.56,0.0,2.97,0.0,18.56,23.93,15.93,20.46
2016-02-07,0.0,21.96,58.34,1014.45,7.97,8.0,7.58,20.46,0.0,0.0,2.97,20.46,18.56,23.93,21.06
2016-02-08,0.0,29.06,65.37,1019.3,13.15,8.0,8.3,21.06,0.0,0.0,0.0,21.06,20.46,18.56,19.11
2016-02-09,0.0,24.73,60.42,1018.93,9.67,8.0,7.86,19.11,0.0,0.0,0.0,19.11,21.06,20.46,17.46
2016-02-10,5.22,28.33,47.6,1015.1,5.46,8.0,7.68,17.46,0.0,0.0,0.0,17.46,19.11,21.06,15.9
2016-02-11,6.18,21.33,46.39,1009.79,7.47,8.0,7.78,15.9,5.22,0.0,0.0,15.9,17.46,19.11,20.8
2016-02-12,0.0,28.39,56.81,1017.5,0.5,8.0,7.64,20.8,6.18,5.22,0.0,20.8,15.9,17.46,22.15
2016-02-13,0.0,23.04,68.43,1018.66,8.27,8.0,7.13,22.15,0.0,6.18,5.22,22.15,20.8,15.9,18.23
2016-02-14,0.0,27.79,66.72,1019.46,10.13,8.0,9.2,18.23,0.0,0.0,6.18,18.23,22.15,20.8,10.21
2016-02-15,0.0,25.9,67.77,1017.51,9.52,8.0,7.5,10.21,0.0,0.0,0.0,10.21,18.23,22.15,6.15
2016-02-16,0.0,23.38,54.64,1014.33,16.93,8.0,9.73,6.15,0.0,0.0,0.0,6.15,10.21,18.23,5.0
2016-02-17,0.0,24.64,73.03,1020.59,12.01,8.0,7.62,5.0,0.0,0.0,0.0,5.0,6.15,10.21,5.0
2016-02-18,7.47,27.27,55.15,1015.87,11.86,8.0,7.6,5.0,0.0,0.0,0.0,5.0,5.0,6.15,8.99
2016-02-19,0.0,25.72,63.57,1013.14,4.25,8.0,6.91,8.99,7.47,0.0,0.0,8.99,5.0,5.0,10.7
2016-02-20,0.0,26.81,62.19,1014.49,8.72,8.0,7.75,10.7,0.0,7.47,0.0,10.7,8.99,5.0,11.74
2016-02-21,0.0,30.18,61.22,1006.59,8.3,8.0,7.47,11.74,0.0,0.0,7.47,11.74,10.7,8.99,10.49
2016-02-22,0.0,21.23,71.99,1014.33,7.25,8.0,6.76,10.49,0.0,0.0,0.0,10.49,11.74,10.7,9.15
2016-02-23,0.0,29.07,57.87,1018.6,7.2,8.0,7.55,9.15,0.0,0.0,0.0,9.15,10.49,11.74,7.43
2016-02-24,17.19,25.18,53.55,1016.78,3.67,8.0,7.05,7.43,0.0,0.0,0.0,7.43,9.15,10.49,18.06
2016-02-25,0.0,22.56,63.33,1022.61,5.53,8.0,7.43,18.06,17.19,0.0,0.0,18.06,7.43,9.15,17.62
2016-02-26,0.0,21.37,60.58,1013.61,13.06,8.0,7.94,17.62,0.0,17.19,0.0,17.62,18.06,7.43,16.8
2016-02-27,0.0,24.11,87.21,1017.28,9.5,8.0,6.89,16.8,0.0,0.0,17.19,16.8,17.62,18.06,7.22
2016-02-28,0.0,26.78,68.49,1018.73,8.23,8.0,7.55,7.22,0.0,0.0,0.0,7.22,16.8,17.62,5.0
2016-02-29,0.0,24.04,61.09,1026.4,9.98,8.0,8.63,5.0,0.0,0.0,0.0,5.0,7.22,16.8,5.0
2016-03-01,0.0,28.03,56.75,1015.33,14.09,8.0,8.38,5.0,0.0,0.0,0.0,5.0,5.0,7.22,8.28
2016-03-02,17.78,20.51,51.18,1009.3,10.01,8.0,6.73,8.28,0.0,0.0,0.0,8.28,5.0,5.0,10.08
2016-03-03,0.0,23.99,57.36,1018.68,11.89,8.0,6.91,10.08,17.78,0.0,0.0,10.08,8.28,5.0,11.98
2016-03-04,0.0,20.77,65.54,1023.69,7.04,8.0,6.47,11.98,0.0,17.78,0.0,11.98,10.08,8.28,12.16
2016-03-05,0.0,24.7,74.93,1012.66,7.83,8.0,8.18,12.16,0.0,0.0,17.78,12.16,11.98,10.08,12.93
2016-03-06,39.86,25.89,72.99,1018.4,11.24,8.0,7.58,12.93,0.0,0.0,0.0,12.93,12.16,11.98,26.4
2016-03-07,23.87,22.5,66.94,1020.25,16.62,8.0,8.6,26.4,39.86,0.0,0.0,26.4,12.93,12.16,43.36
2016-03-08,0.0,16.92,63.28,1019.11,15.0,8.0,7.4,43.36,23.87,39.86,0.0,43.36,26.4,12.93,48.61
2016-03-09,0.0,23.81,67.62,1014.57,12.04,8.0,7.65,48.61,0.0,23.87,39.86,48.61,43.36,26.4,42.98
2016-03-10,12.89,24.29,62.32,1010.36,10.53,8.0,8.99,42.98,0.0,0.0,23.87,42.98,48.61,43.36,39.35
2016-03-11,0.0,24.09,78.18,1013.36,14.9,8.0,8.38,39.35,12.89,0.0,0.0,39.35,42.98,48.61,44.52
2016-03-12,0.0,26.05,65.03,1015.98,12.78,8.0,7.45,44.52,0.0,12.89,0.0,44.52,39.35,42.98,38.72
2016-03-13,0.0,20.16,65.95,1018.14,1.97,8.0,4.96,38.72,0.0,0.0,12.89,38.72,44.52,39.35,28.15
2016-03-14,0.0,24.42,51.25,1015.18,6.31,8.0,6.53,28.15,0.0,0.0,0.0,28.15,38.72,44.52,23.18
2016-03-15,0.0,25.58,65.6,1011.53,11.18,8.0,7.23,23.18,0.0,0.0,0.0,23.18,28.15,38.72,17.99
2016-03-16,7.57,18.03,73.03,1016.12,3.75,8.0,6.87,17.99,0.0,0.0,0.0,17.99,23.18,28.15,14.92
2016-03-17,0.0,23.16,59.91,1017.56,6.86,8.0,7.11,14.92,7.57,0.0,0.0,14.92,17.99,23.18,14.5
2016-03-18,12.15,20.98,62.33,1015.07,7.55,8.0,7.18,14.5,0.0,7.57,0.0,14.5,14.92,17.99,19.43
2016-03-19,0.0,21.92,73.34,1008.91,9.1,8.0,7.21,19.43,12.15,0.0,7.57,19.43,14.5,14.92,12.47
2016-03-20,0.0,22.87,57.66,1012.09,8.99,8.0,7.41,12.47,0.0,12.15,0.0,12.47,19.43,14.5,12.87
2016-03-21,26.48,20.66,75.61,1017.65,8.99,8.0,8.0,12.87,0.0,0.0,12.15,12.87,12.47,19.43,25.02
2016-03-22,0.0,20.07,64.69,1005.91,12.89,8.0,8.63,25.02,26.48,0.0,0.0,25.02,12.87,12.47,23.93
2016-03-23,0.0,21.72,65.9,1002.28,9.07,8.0,8.85,23.93,0.0,26.48,0.0,23.93,25.02,12.87,19.55
2016-03-24,29.14,18.8,60.96,1020.2,8.65,8.0,6.36,19.55,0.0,0.0,26.48,19.55,23.93,25.02,25.82
2016-03-25,0.0,18.68,71.68,1015.13,5.28,8.0,6.18,25.82,29.14,0.0,0.0,25.82,19.55,23.93,26.73
2016-03-26,0.0,22.98,86.46,1015.52,13.59,8.0,8.29,26.73,0.0,29.14,0.0,26.73,25.82,19.55,26.8
2016-03-27,0.0,18.29,74.91,1007.02,7.65,8.0,8.04,26.8,0.0,0.0,29.14,26.8,26.73,25.82,19.5
2016-03-28,0.0,22.71,63.6,1016.0,6.2,8.0,6.55,19.5,0.0,0.0,0.0,19.5,26.8,26.73,15.6
2016-03-29,0.0,22.08,77.8,1013.61,10.75,8.0,8.41,15.6,0.0,0.0,0.0,15.6,19.5,26.8,12.85
2016-03-30,36.53,16.49,67.84,1004.22,7.32,8.0,6.08,12.85,0.0,0.0,0.0,12.85,15.6,19.5,27.04
2016-03-31,2.92,18.99,79.88,1019.18,8.16,8.0,7.69,27.04,36.53,0.0,0.0,27.04,12.85,15.6,27.08
2016-04-01,0.0,23.55,76.11,1012.77,10.9,8.0,7.92,27.08,2.92,36.53,0.0,27.08,27.04,12.85,25.82
2016-04-02,0.0,17.99,50.06,1009.91,8.86,8.0,6.22,25.82,0.0,2.92,36.53,25.82,27.08,27.04,20.32
2016-04-03,2.98,19.17,63.83,1009.92,18.09,8.0,8.41,20.32,0.0,0.0,2.92,20.32,25.82,27.08,24.42
2016-04-04,0.0,21.37,77.67,1001.65,9.74,8.0,7.91,24.42,2.98,0.0,0.0,24.42,20.32,25.82,25.45
2016-04-05,0.0,22.06,72.32,1014.61,12.16,8.0,5.58,25.45,0.0,2.98,0.0,25.45,24.42,20.32,22.15
2016-04-06,0.0,19.35,64.29,1012.87,3.2,8.0,7.02,22.15,0.0,0.0,2.98,22.15,25.45,24.42,13.86
2016-04-07,0.0,18.37,67.22,1010.51,6.99,8.0,5.56,13.86,0.0,0.0,0.0,13.86,22.15,25.45,14.87
2016-04-08,0.0,23.31,58.51,1017.79,6.2,8.0,7.03,14.87,0.0,0.0,0.0,14.87,13.86,22.15,16.81
2016-04-09,0.0,23.99,71.43,1004.39,6.66,8.0,7.19,16.81,0.0,0.0,0.0,16.81,14.87,13.86,14.11
2016-04-10,0.0,21.97,87.72,1008.25,11.45,8.0,5.51,14.11,0.0,0.0,0.0,14.11,16.81,14.87,10.33
2016-04-11,0.0,19.63,78.07,1006.9,13.62,8.0,7.32,10.33,0.0,0.0,0.0,10.33,14.11,16.81,6.23
2016-04-12,0.0,17.28,87.96,1009.68,11.21,8.0,7.48,6.23,0.0,0.0,0.0,6.23,10.33,14.11,7.47
2016-04-13,38.34,17.12,78.99,1011.33,9.21,8.0,8.36,7.47,0.0,0.0,0.0,7.47,6.23,10.33,24.45
2016-04-14,0.0,20.39,80.2,1013.07,7.79,8.0,7.67,24.45,38.34,0.0,0.0,24.45,7.47,6.23,25.05
2016-04-15,0.0,20.02,87.01,1009.1,13.9,8.0,8.58,25.05,0.0,38.34,0.0,25.05,24.45,7.47,23.26
2016-04-16,0.0,22.37,76.02,1006.37,17.25,8.0,6.94,23.26,0.0,0.0,38.34,23.26,25.05,24.45,16.33
2016-04-17,0.0,20.38,72.25,1019.11,10.47,8.0,7.21,16.33,0.0,0.0,0.0,16.33,23.26,25.05,20.14
2016-04-18,0.0,14.89,80.97,1022.67,13.29,8.0,8.68,20.14,0.0,0.0,0.0,20.14,16.33,23.26,18.25
2016-04-19,0.0,21.18,84.1,1011.25,11.2,8.0,8.39,18.25,0.0,0.0,0.0,18.25,20.14,16.33,19.49
2016-04-20,0.0,15.95,70.74,1006.67,12.64,8.0,6.89,19.49,0.0,0.0,0.0,19.49,18.25,20.14,17.14
2016-04-21,45.0,17.38,69.23,1017.76,5.92,8.0,6.55,17.14,0.0,0.0,0.0,17.14,19.49,18.25,34.95
2016-04-22,0.0,18.86,75.42,1003.08,8.29,8.0,7.73,34.95,45.0,0.0,0.0,34.95,17.14,19.49,38.25
2016-04-23,0.0,23.12,80.45,1008.57,11.38,8.0,8.61,38.25,0.0,45.0,0.0,38.25,34.95,17.14,43.7
2016-04-24,0.0,25.81,80.38,1006.69,14.24,8.0,8.47,43.7,0.0,0.0,45.0,43.7,38.25,34.95,39.02
2016-04-25,7.64,19.45,65.0,1004.3,7.14,8.0,6.69,39.02,0.0,0.0,0.0,39.02,43.7,38.25,36.86
2016-04-26,0.0,17.38,88.51,1008.63,2.88,8.0,6.26,36.86,7.64,0.0,0.0,36.86,39.02,43.7,27.01
2016-04-27,0.0,19.08,70.81,1005.64,8.26,8.0,7.76,27.01,0.0,7.64,0.0,27.01,36.86,39.02,26.06
2016-04-28,15.18,19.87,73.6,1009.95,13.54,8.0,7.53,26.06,0.0,0.0,7.64,26.06,27.01,36.86,30.66
2016-04-29,35.82,16.75,69.3,1009.96,4.46,8.0,4.68,30.66,15.18,0.0,0.0,30.66,26.06,27.01,49.03
2016-04-30,60.81,21.95,94.67,1006.65,5.88,8.0,6.76,49.03,35.82,15.18,0.0,49.03,30.66,26.06,76.15
2016-05-01,0.0,17.95,77.63,1007.84,10.55,8.0,6.16,76.15,60.81,35.82,15.18,76.15,49.03,30.66,80.52
2016-05-02,0.0,18.53,70.13,1008.48,9.59,8.0,8.67,80.52,0.0,60.81,35.82,80.52,76.15,49.03,84.1
2016-05-03,31.98,18.86,82.29,1013.62,12.08,8.0,6.71,84.1,0.0,0.0,60.81,84.1,80.52,76.15,82.11
2016-05-04,0.0,18.16,81.77,1008.76,5.7,8.0,6.35,82.11,31.98,0.0,0.0,82.11,84.1,80.52,75.41
2016-05-05,8.18,19.12,75.22,1013.57,8.86,8.0,6.49,75.41,0.0,31.98,0.0,75.41,82.11,84.1,78.63
2016-05-06,0.0,15.39,82.56,1012.31,14.18,8.0,6.99,78.63,8.18,0.0,31.98,78.63,75.41,82.11,73.78
2016-05-07,0.0,15.46,71.04,1012.18,5.82,8.0,6.89,73.78,0.0,8.18,0.0,73.78,78.63,75.41,64.65
2016-05-08,0.0,14.02,73.51,1016.21,15.17,8.0,8.29,64.65,0.0,0.0,8.18,64.65,73.78,78.63,55.75
2016-05-09,0.17,17.79,63.02,1003.61,6.26,8.0,7.11,55.75,0.0,0.0,0.0,55.75,64.65,73.78,48.23
2016-05-10,0.0,18.56,67.96,1006.79,12.97,8.0,8.42,48.23,0.17,0.0,0.0,48.23,55.75,64.65,45.18
2016-05-11,0.0,17.69,90.01,1017.92,8.69,8.0,6.38,45.18,0.0,0.17,0.0,45.18,48.23,55.75,42.54
2016-05-12,0.0,20.65,88.98,1007.76,5.99,8.0,5.85,42.54,0.0,0.0,0.17,42.54,45.18,48.23,39.34
2016-05-13,0.0,16.38,78.07,994.92,8.26,8.0,6.05,39.34,0.0,0.0,0.0,39.34,42.54,45.18,37.13
2016-05-14,0.0,17.99,89.37,1007.93,11.91,8.0,7.66,37.13,0.0,0.0,0.0,37.13,39.34,42.54,34.47
2016-05-15,26.83,13.52,76.73,1009.57,9.98,8.0,7.57,34.47,0.0,0.0,0.0,34.47,37.13,39.34,33.01
2016-05-16,11.46,15.22,76.27,995.76,13.91,8.0,6.39,33.01,26.83,0.0,0.0,33.01,34.47,37.13,40.37
2016-05-17,6.36,17.86,78.48,1015.47,15.03,8.0,7.54,40.37,11.46,26.83,0.0,40.37,33.01,34.47,42.36
2016-05-18,0.0,18.18,77.32,1005.18,5.86,8.0,6.27,42.36,6.36,11.46,26.83,42.36,40.37,33.01,47.41
2016-05-19,0.0,15.26,76.79,1010.35,5.6,8.0,5.52,47.41,0.0,6.36,11.46,47.41,42.36,40.37,37.29
2016-05-20,0.0,15.75,86.41,1007.53,5.43,8.0,6.59,37.29,0.0,0.0,6.36,37.29,47.41,42.36,28.51
2016-05-21,0.0,12.08,79.56,1002.18,6.85,8.0,6.76,28.51,0.0,0.0,0.0,28.51,37.29,47.41,25.46
2016-05-22,0.0,14.92,83.59,1003.23,13.86,8.0,9.27,25.46,0.0,0.0,0.0,25.46,28.51,37.29,18.13
2016-05-23,0.0,17.98,85.92,1003.87,11.96,8.0,8.92,18.13,0.0,0.0,0.0,18.13,25.46,28.51,24.82
2016-05-24,38.25,17.14,81.51,1013.93,8.09,8.0,7.32,24.82,0.0,0.0,0.0,24.82,18.13,25.46,39.85
2016-05-25,0.0,16.9,72.09,1007.73,9.96,8.0,6.63,39.85,38.25,0.0,0.0,39.85,24.82,18.13,40.65
2016-05-26,22.65,15.73,69.5,1005.82,14.92,8.0,8.19,40.65,0.0,38.25,0.0,40.65,39.85,24.82,51.23
2016-05-27,0.0,15.57,80.09,1003.72,16.68,8.0,6.25,51.23,22.65,0.0,38.25,51.23,40.65,39.85,50.39
2016-05-28,44.99,13.86,77.93,1014.34,10.91,8.0,7.3,50.39,0.0,22.65,0.0,50.39,51.23,40.65,63.68
2016-05-29,0.0,17.21,79.81,1015.65,0.69,8.0,5.89,63.68,44.99,0.0,22.65,63.68,50.39,51.23,60.53
2016-05-30,0.0,16.48,79.16,1014.23,11.04,8.0,7.13,60.53,0.0,44.99,0.0,60.53,63.68,50.39,54.72
2016-05-31,22.35,16.61,97.43,1010.74,13.27,8.0,6.71,54.72,0.0,0.0,44.99,54.72,60.53,63.68,55.97
2016-06-01,0.0,14.03,70.1,1009.7,10.79,8.0,7.45,55.97,22.35,0.0,0.0,55.97,54.72,60.53,57.16
2016-06-02,6.09,9.92,65.54,1002.14,12.54,8.0,5.85,57.16,0.0,22.35,0.0,57.16,55.97,54.72,57.69
2016-06-03,0.0,18.02,81.86,1006.97,11.25,8.0,8.1,57.69,6.09,0.0,22.35,57.69,57.16,55.97,59.65
2016-06-04,27.69,14.04,76.95,1004.75,5.68,8.0,6.49,59.65,0.0,6.09,0.0,59.65,57.69,57.16,61.87
2016-06-05,0.0,13.05,81.85,999.02,6.9,8.0,6.4,61.87,27.69,0.0,6.09,61.87,59.65,57.69,55.78
2016-06-06,63.8,16.92,83.77,1013.42,8.88,8.0,5.99,55.78,0.0,27.69,0.0,55.78,61.87,59.65,78.63
2016-06-07,0.0,14.18,88.72,1004.63,13.73,8.0,6.65,78.63,63.8,0.0,27.69,78.63,55.78,61.87,83.46
2016-06-08,0.0,17.78,69.22,1014.07,7.32,8.0,5.52,83.46,0.0,63.8,0.0,83.46,78.63,55.78,82.7
2016-06-09,0.0,16.65,75.91,1012.49,11.6,8.0,7.86,82.7,0.0,0.0,63.8,82.7,83.46,78.63,74.04
2016-06-10,0.0,16.8,82.85,1010.85,11.06,8.0,7.12,74.04,0.0,0.0,0.0,74.04,82.7,83.46,65.88
2016-06-11,26.08,11.66,85.27,1011.12,15.55,8.0,6.76,65.88,0.0,0.0,0.0,65.88,74.04,82.7,67.01
2016-06-12,0.0,18.09,95.26,1004.96,9.85,8.0,6.88,67.01,26.08,0.0,0.0,67.01,65.88,74.04,62.73
2016-06-13,0.0,15.69,86.62,1017.32,3.86,8.0,6.71,62.73,0.0,26.08,0.0,62.73,67.01,65.88,63.84
2016-06-14,0.0,14.11,79.55,1008.24,12.26,8.0,6.08,63.84,0.0,0.0,26.08,63.84,62.73,67.01,52.01
2016-06-15,0.0,15.38,73.73,1009.52,17.48,8.0,7.59,52.01,0.0,0.0,0.0,52.01,63.84,62.73,46.62
2016-06-16,8.4,10.57,76.03,1004.76,12.49,8.0,5.39,46.62,0.0,0.0,0.0,46.62,52.01,63.84,48.62
2016-06-17,0.0,16.03,75.84,1003.35,7.24,8.0,5.63,48.62,8.4,0.0,0.0,48.62,46.62,52.01,40.91
2016-06-18,48.6,12.43,84.58,1010.39,6.21,8.0,5.68,40.91,0.0,8.4,0.0,40.91,48.62,46.62,53.86
2016-06-19,0.0,11.62,81.8,1009.09,6.66,8.0,6.74,53.86,48.6,0.0,8.4,53.86,40.91,48.62,58.12
2016-06-20,0.0,11.19,70.73,1004.05,17.01,8.0,7.94,58.12,0.0,48.6,0.0,58.12,53.86,40.91,58.48
2016-06-21,23.63,17.78,76.94,1000.81,8.85,8.0,7.69,58.48,0.0,0.0,48.6,58.48,58.12,53.86,60.28
2016-06-22,0.0,13.43,86.13,1001.66,7.68,8.0,6.73,60.28,23.63,0.0,0.0,60.28,58.48,58.12,59.35
2016-06-23,0.0,18.85,82.44,1013.99,9.45,,6.31,59.35,0.0,23.63,0.0,59.35,60.28,58.48,49.3
2016-06-24,0.0,13.68,83.94,1004.95,8.89,8.0,7.77,49.3,0.0,0.0,23.63,49.3,59.35,60.28,41.14
2016-06-25,0.0,10.77,82.62,1006.33,15.49,8.0,7.69,41.14,0.0,0.0,0.0,41.14,49.3,59.35,40.27
2016-06-26,0.0,12.25,91.31,1015.28,6.45,8.0,7.3,40.27,0.0,0.0,0.0,40.27,41.14,49.3,28.96
2016-06-27,0.0,18.15,81.55,1002.43,14.13,,9.05,28.96,0.0,0.0,0.0,28.96,40.27,41.14,32.67
2016-06-28,17.82,14.69,77.16,1004.42,10.43,8.0,6.72,32.67,0.0,0.0,0.0,32.67,28.96,40.27,35.78
2016-06-29,0.0,13.73,73.42,1004.23,14.22,8.0,6.89,35.78,17.82,0.0,0.0,35.78,32.67,28.96,40.67
2016-06-30,0.0,15.52,81.55,1016.17,15.54,8.0,5.84,40.67,0.0,17.82,0.0,40.67,35.78,32.67,42.0
2016-07-01,0.0,16.4,62.67,1018.07,10.3,8.0,7.17,42.0,0.0,0.0,17.82,42.0,40.67,35.78,37.75
2016-07-02,0.0,17.96,78.43,1011.88,8.9,8.0,6.89,37.75,0.0,0.0,0.0,37.75,42.0,40.67,34.14
2016-07-03,0.0,18.81,78.23,1012.05,10.23,8.0,6.7,34.14,0.0,0.0,0.0,34.14,37.75,42.0,36.67
2016-07-04,0.0,14.32,70.07,1005.26,9.67,8.0,6.28,36.67,0.0,0.0,0.0,36.67,34.14,37.75,28.54
2016-07-05,0.0,11.94,73.07,1017.92,4.2,8.0,5.99,28.54,0.0,0.0,0.0,28.54,36.67,34.14,24.73
2016-07-06,0.0,14.25,85.18,1009.54,15.43,8.0,5.95,24.73,0.0,0.0,0.0,24.73,28.54,36.67,19.68
2016-07-07,0.0,15.97,81.06,1012.5,10.86,8.0,8.01,19.68,0.0,0.0,0.0,19.68,24.73,28.54,14.4
2016-07-08,18.77,12.95,80.1,1007.73,5.93,8.0,6.61,14.4,0.0,0.0,0.0,14.4,19.68,24.73,24.58
2016-07-09,0.0,13.0,81.46,1006.94,2.76,8.0,5.15,24.58,18.77,0.0,0.0,24.58,14.4,19.68,26.74
2016-07-10,0.0,16.3,79.9,1016.63,1.85,8.0,5.61,26.74,0.0,18.77,0.0,26.74,24.58,14.4,27.04
2016-07-11,0.0,15.36,87.87,1011.04,12.7,8.0,7.41,27.04,0.0,0.0,18.77,27.04,26.74,24.58,25.06
2016-07-12,0.0,15.61,79.96,1015.63,7.83,8.0,7.14,25.06,0.0,0.0,0.0,25.06,27.04,26.74,24.78
2016-07-13,10.42,13.68,68.81,1009.69,8.41,8.0,8.04,24.78,0.0,0.0,0.0,24.78,25.06,27.04,25.53
2016-07-14,0.0,15.05,90.34,1004.2,11.71,8.0,6.54,25.53,10.42,0.0,0.0,25.53,24.78,25.06,28.33
2016-07-15,0.0,13.36,81.44,1005.56,8.19,8.0,7.38,28.33,0.0,10.42,0.0,28.33,25.53,24.78,25.85
2016-07-16,26.76,17.95,74.63,1009.03,11.91,8.0,7.21,25.85,0.0,0.0,10.42,25.85,28.33,25.53,34.0
2016-07-17,16.41,18.37,69.89,1005.42,10.33,8.0,6.9,34.0,26.76,0.0,0.0,34.0,25.85,28.33,40.84
2016-07-18,8.16,11.22,81.34,1003.06,9.71,8.0,6.08,40.84,16.41,26.76,0.0,40.84,34.0,25.85,45.26
2016-07-19,0.0,13.57,77.65,1014.65,4.5,8.0,6.65,45.26,8.16,16.41,26.76,45.26,40.84,34.0,44.49
2016-07-20,0.0,12.21,89.39,1005.96,7.13,8.0,5.51,44.49,0.0,8.16,16.41,44.49,45.26,40.84,39.97
2016-07-21,0.0,14.39,75.84,1009.42,12.11,8.0,7.11,39.97,0.0,0.0,8.16,39.97,44.49,45.26,32.29
2016-07-22,0.0,15.87,72.29,1010.25,7.61,8.0,6.12,32.29,0.0,0.0,0.0,32.29,39.97,44.49,27.6
2016-07-23,0.0,12.52,84.31,1005.88,14.22,8.0,6.75,27.6,0.0,0.0,0.0,27.6,32.29,39.97,23.12
2016-07-24,0.0,13.91,84.4,1016.12,18.21,8.0,8.92,23.12,0.0,0.0,0.0,23.12,27.6,32.29,19.74
2016-07-25,5.24,13.77,78.99,1003.33,12.3,8.0,6.96,19.74,0.0,0.0,0.0,19.74,23.12,27.6,12.96
2016-07-26,0.0,16.87,82.42,1010.27,15.22,8.0,7.19,12.96,5.24,0.0,0.0,12.96,19.74,23.12,14.96
2016-07-27,0.0,16.59,77.3,1010.25,12.52,8.0,6.97,14.96,0.0,5.24,0.0,14.96,12.96,19.74,13.15
2016-07-28,41.63,14.69,79.08,1008.8,8.13,8.0,6.66,13.15,0.0,0.0,5.24,13.15,14.96,12.96,30.16
2016-07-29,0.0,17.01,85.47,1002.64,10.7,8.0,7.01,30.16,41.63,0.0,0.0,30.16,13.15,14.96,36.59
2016-07-30,44.93,15.28,81.56,1013.53,17.05,8.0,7.83,36.59,0.0,41.63,0.0,36.59,30.16,13.15,52.18
2016-07-31,11.45,16.04,75.86,1012.95,8.17,8.0,6.37,52.18,44.93,0.0,41.63,52.18,36.59,30.16,61.81
2016-08-01,28.27,20.99,86.37,1005.91,6.36,8.0,7.67,61.81,11.45,44.93,0.0,61.81,52.18,36.59,70.21
2016-08-02,0.0,20.24,60.21,1012.88,6.03,8.0,7.29,70.21,28.27,11.45,44.93,70.21,61.81,52.18,69.89
2016-08-03,12.98,13.72,90.99,1011.28,9.24,8.0,6.26,69.89,0.0,28.27,11.45,69.89,70.21,61.81,63.94
2016-08-04,16.74,19.13,64.54,1003.06,6.49,8.0,6.86,63.94,12.98,0.0,28.27,63.94,69.89,70.21,58.02
2016-08-05,3.77,19.17,71.94,1005.26,15.86,8.0,7.48,58.02,16.74,12.98,0.0,58.02,63.94,69.89,60.66
2016-08-06,0.0,14.36,75.9,1015.28,10.76,8.0,6.75,60.66,3.77,16.74,12.98,60.66,58.02,63.94,57.9
2016-08-07,0.0,19.36,75.01,1011.2,13.4,8.0,7.21,57.9,0.0,3.77,16.74,57.9,60.66,58.02,50.62
2016-08-08,0.0,21.25,82.92,1006.9,8.95,8.0,7.42,50.62,0.0,0.0,3.77,50.62,57.9,60.66,44.23
2016-08-09,0.0,14.69,68.32,1005.49,6.01,8.0,6.09,44.23,0.0,0.0,0.0,44.23,50.62,57.9,33.15
2016-08-10,19.03,15.3,77.39,1007.27,5.42,8.0,5.92,33.15,0.0,0.0,0.0,33.15,44.23,50.62,36.85
2016-08-11,12.43,20.23,71.35,1007.69,6.82,8.0,7.01,36.85,19.03,0.0,0.0,36.85,33.15,44.23,41.56
2016-08-12,15.47,18.46,77.3,1005.76,11.22,8.0,7.57,41.56,12.43,19.03,0.0,41.56,36.85,33.15,46.06
2016-08-13,0.0,19.25,74.62,1001.35,11.82,8.0,8.39,46.06,15.47,12.43,19.03,46.06,41.56,36.85,44.27
2016-08-14,0.0,18.83,75.55,1015.82,12.11,8.0,8.13,44.27,0.0,15.47,12.43,44.27,46.06,41.56,37.11
2016-08-15,42.23,19.05,70.88,1015.05,4.79,8.0,7.22,37.11,0.0,0.0,15.47,37.11,44.27,46.06,44.93
2016-08-16,13.17,14.86,70.99,1003.9,10.0,8.0,6.5,44.93,42.23,0.0,0.0,44.93,37.11,44.27,53.84
2016-08-17,0.0,20.89,76.4,1011.02,6.41,8.0,7.11,53.84,13.17,42.23,0.0,53.84,44.93,37.11,50.45
2016-08-18,14.66,21.3,80.82,1005.9,11.41,8.0,9.04,50.45,0.0,13.17,42.23,50.45,53.84,44.93,53.45
2016-08-19,0.0,17.91,69.85,1009.18,11.68,8.0,7.29,53.45,14.66,0.0,13.17,53.45,50.45,53.84,50.88
2016-08-20,0.0,18.48,67.77,1008.84,5.9,8.0,6.68,50.88,0.0,14.66,0.0,50.88,53.45,50.45,49.86
2016-08-21,0.0,14.86,77.97,1008.5,13.39,8.0,7.37,49.86,0.0,0.0,14.66,49.86,50.88,53.45,44.73
2016-08-22,0.0,20.08,73.26,1020.73,18.19,8.0,8.49,44.73,0.0,0.0,0.0,44.73,49.86,50.88,49.66
2016-08-23,19.66,20.33,79.12,1008.59,12.92,8.0,8.81,49.66,0.0,0.0,0.0,49.66,44.73,49.86,50.56
2016-08-24,0.0,18.86,66.78,1006.83,9.43,8.0,6.8,50.56,19.66,0.0,0.0,50.56,49.66,44.73,49.44
2016-08-25,0.0,21.93,60.48,1007.13,8.89,8.0,8.31,49.44,0.0,19.66,0.0,49.44,50.56,49.66,43.36
2016-08-26,0.0,18.4,69.01,1016.24,9.27,8.0,7.68,43.36,0.0,0.0,19.66,43.36,49.44,50.56,41.45
2016-08-27,0.0,20.76,67.19,1002.84,7.34,8.0,7.0,41.45,0.0,0.0,0.0,41.45,43.36,49.44,36.7
2016-08-28,0.0,16.91,71.81,1007.37,10.88,8.0,6.8,36.7,0.0,0.0,0.0,36.7,41.45,43.36,25.8
2016-08-29,19.91,19.51,67.71,1018.5,6.02,8.0,6.68,25.8,0.0,0.0,0.0,25.8,36.7,41.45,27.83
2016-08-30,0.0,19.25,77.16,1012.56,3.39,8.0,7.17,27.83,19.91,0.0,0.0,27.83,25.8,36.7,27.56
2016-08-31,0.0,20.36,69.76,1012.38,10.77,8.0,8.37,27.56,0.0,19.91,0.0,27.56,27.83,25.8,21.9
2016-09-01,0.0,18.99,72.64,1022.17,10.07,8.0,7.88,21.9,0.0,0.0,19.91,21.9,27.56,27.83,20.81
2016-09-02,12.83,19.7,72.49,1012.82,8.0,,6.94,20.81,0.0,0.0,0.0,20.81,21.9,27.56,18.4
2016-09-03,0.0,22.21,72.55,1008.13,5.51,8.0,6.94,18.4,12.83,0.0,0.0,18.4,20.81,21.9,17.66
2016-09-04,18.68,19.17,70.82,1010.34,11.01,8.0,7.91,17.66,0.0,12.83,0.0,17.66,18.4,20.81,23.51
2016-09-05,34.72,16.36,74.36,1006.16,6.53,8.0,6.22,23.51,18.68,0.0,12.83,23.51,17.66,18.4,42.14
2016-09-06,0.0,24.87,65.02,1018.2,9.51,8.0,8.51,42.14,34.72,18.68,0.0,42.14,23.51,17.66,45.11
2016-09-07,0.0,24.06,80.18,1014.88,16.18,8.0,8.79,45.11,0.0,34.72,18.68,45.11,42.14,23.51,46.44
2016-09-08,0.0,17.5,68.53,1017.71,12.28,8.0,8.24,46.44,0.0,0.0,34.72,46.44,45.11,42.14,41.92
2016-09-09,0.0,22.57,60.8,1018.24,5.21,8.0,5.83,41.92,0.0,0.0,0.0,41.92,46.44,45.11,32.5
2016-09-10,0.0,19.71,71.09,1010.19,5.54,8.0,6.16,32.5,0.0,0.0,0.0,32.5,41.92,46.44,35.94
2016-09-11,0.0,21.74,63.61,1007.62,10.53,8.0,7.39,35.94,0.0,0.0,0.0,35.94,32.5,41.92,35.04
2016-09-12,0.0,21.94,74.02,1012.17,5.19,8.0,7.15,35.04,0.0,0.0,0.0,35.04,35.94,32.5,27.11
2016-09-13,39.06,20.74,84.63,1008.15,2.99,8.0,6.01,27.11,0.0,0.0,0.0,27.11,35.04,35.94,36.16
2016-09-14,9.38,19.48,63.45,1013.43,11.86,8.0,9.35,36.16,39.06,0.0,0.0,36.16,27.11,35.04,47.45
2016-09-15,49.69,19.84,71.07,1018.35,11.12,8.0,6.52,47.45,9.38,39.06,0.0,47.45,36.16,27.11,71.95
2016-09-16,0.0,19.39,56.25,1011.93,11.58,,8.4,71.95,49.69,9.38,39.06,71.95,47.45,36.16,76.37
2016-09-17,0.0,19.72,71.51,1013.61,10.92,8.0,8.43,76.37,0.0,49.69,9.38,76.37,71.95,47.45,69.41
2016-09-18,0.0,21.76,61.93,1012.48,9.77,8.0,7.95,69.41,0.0,0.0,49.69,69.41,76.37,71.95,58.56
2016-09-19,0.0,20.26,63.55,1017.05,7.68,8.0,6.81,58.56,0.0,0.0,0.0,58.56,69.41,76.37,55.73
2016-09-20,0.0,23.87,60.01,1009.78,11.81,8.0,8.08,55.73,0.0,0.0,0.0,55.73,58.56,69.41,50.74
2016-09-21,0.0,26.0,72.63,1002.22,15.35,8.0,9.45,50.74,0.0,0.0,0.0,50.74,55.73,58.56,41.61
2016-09-22,6.27,20.96,74.35,1015.64,8.25,8.0,5.89,41.61,0.0,0.0,0.0,41.61,50.74,55.73,43.76
2016-09-23,0.0,,,1018.32,6.43,8.0,6.66,43.76,6.27,0.0,0.0,43.76,41.61,50.74,46.4
2016-09-24,0.0,23.9,60.84,1015.69,6.03,8.0,6.8,46.4,0.0,6.27,0.0,46.4,43.76,41.61,39.56
2016-09-25,0.0,23.95,77.81,1010.35,6.97,8.0,7.73,39.56,0.0,0.0,6.27,39.56,46.4,43.76,32.11
2016-09-26,0.0,23.08,61.23,1007.96,10.71,8.0,8.71,32.11,0.0,0.0,0.0,32.11,39.56,46.4,33.17
2016-09-27,11.35,24.86,51.14,1016.19,2.51,8.0,8.44,33.17,0.0,0.0,0.0,33.17,32.11,39.56,39.35
2016-09-28,0.0,24.33,69.28,1014.51,11.54,8.0,6.57,39.35,11.35,0.0,0.0,39.35,33.17,32.11,42.22
2016-09-29,0.0,20.15,58.14,1013.26,12.25,8.0,6.94,42.22,0.0,11.35,0.0,42.22,39.35,33.17,39.6
2016-09-30,0.0,25.53,72.59,1023.08,3.71,8.0,6.73,39.6,0.0,0.0,11.35,39.6,42.22,39.35,32.73
2016-10-01,0.0,25.7,62.8,1009.32,6.57,8.0,7.94,32.73,0.0,0.0,0.0,32.73,39.6,42.22,31.64
2016-10-02,27.97,21.69,69.49,1023.02,10.28,8.0,8.19,31.64,0.0,0.0,0.0,31.64,32.73,39.6,38.17
2016-10-03,0.0,23.81,74.87,1014.38,9.5,8.0,6.73,38.17,27.97,0.0,0.0,38.17,31.64,32.73,37.55
2016-10-04,7.39,25.54,56.4,1005.13,11.82,8.0,8.6,37.55,0.0,27.97,0.0,37.55,38.17,31.64,39.82
2016-10-05,0.0,23.42,60.7,1013.49,9.51,8.0,5.65,39.82,7.39,0.0,27.97,39.82,37.55,38.17,36.34
2016-10-06,0.0,26.74,63.94,1019.27,14.43,8.0,9.02,36.34,0.0,7.39,0.0,36.34,39.82,37.55,30.66
2016-10-07,0.0,30.09,75.03,1012.73,8.88,8.0,8.24,30.66,0.0,0.0,7.39,30.66,36.34,39.82,22.5
2016-10-08,39.37,22.33,59.47,1007.26,6.56,8.0,7.06,22.5,0.0,0.0,0.0,22.5,30.66,36.34,35.39
2016-10-09,0.0,20.95,59.72,1013.89,6.28,8.0,6.63,35.39,39.37,0.0,0.0,35.39,22.5,30.66,36.57
2016-10-10,0.0,25.28,67.03,1010.51,12.57,8.0,8.26,36.57,0.0,39.37,0.0,36.57,35.39,22.5,31.89
2016-10-11,15.11,26.43,59.45,1017.34,10.1,8.0,8.38,31.89,0.0,0.0,39.37,31.89,36.57,35.39,34.66
2016-10-12,23.51,24.16,64.37,1018.82,12.22,8.0,9.5,34.66,15.11,0.0,0.0,34.66,31.89,36.57,43.88
2016-10-13,0.0,28.48,52.25,1009.75,12.15,8.0,7.67,43.88,23.51,15.11,0.0,43.88,34.66,31.89,47.21
2016-10-14,27.02,21.61,78.43,1011.58,2.93,8.0,6.21,47.21,0.0,23.51,15.11,47.21,43.88,34.66,56.07
2016-10-15,8.02,26.8,53.31,1018.97,6.01,8.0,8.02,56.07,27.02,0.0,23.51,56.07,47.21,43.88,57.57
2016-10-16,0.0,23.66,60.3,1010.97,6.43,8.0,7.22,57.57,8.02,27.02,0.0,57.57,56.07,47.21,57.89
2016-10-17,17.24,29.58,62.15,1009.93,7.14,8.0,8.11,57.89,0.0,8.02,27.02,57.89,57.57,56.07,59.06
2016-10-18,0.0,30.37,75.58,1009.53,8.53,8.0,7.77,59.06,17.24,0.0,8.02,59.06,57.89,57.57,55.74
2016-10-19,0.0,23.58,52.74,1017.26,13.5,8.0,9.01,55.74,0.0,17.24,0.0,55.74,59.06,57.89,52.91
2016-10-20,0.0,24.22,75.72,1017.12,14.19,8.0,6.68,52.91,0.0,0.0,17.24,52.91,55.74,59.06,44.42
2016-10-21,17.09,27.85,66.96,1012.22,8.97,,7.28,44.42,0.0,0.0,0.0,44.42,52.91,55.74,49.2
2016-10-22,0.0,24.83,64.4,1015.74,9.12,8.0,9.34,49.2,17.09,0.0,0.0,49.2,44.42,52.91,46.69
2016-10-23,0.0,25.79,54.42,1023.42,7.53,8.0,6.71,46.69,0.0,17.09,0.0,46.69,49.2,44.42,42.54
2016-10-24,0.0,26.07,65.14,1010.99,10.31,8.0,7.39,42.54,0.0,0.0,17.09,42.54,46.69,49.2,40.51
2016-10-25,0.0,21.3,55.91,1006.17,10.71,8.0,7.04,40.51,0.0,0.0,0.0,40.51,42.54,46.69,33.83
2016-10-26,0.0,26.16,69.67,1018.27,12.82,8.0,8.02,33.83,0.0,0.0,0.0,33.83,40.51,42.54,28.11
2016-10-27,0.0,24.57,53.84,1015.51,12.79,8.0,8.34,28.11,0.0,0.0,0.0,28.11,33.83,40.51,26.33
2016-10-28,44.25,25.15,59.69,1012.58,1.94,8.0,7.62,26.33,0.0,0.0,0.0,26.33,28.11,33.83,42.36
2016-10-29,0.0,30.09,56.43,1019.46,9.47,8.0,8.83,42.36,44.25,0.0,0.0,42.36,26.33,28.11,57.13
2016-10-30,0.0,23.43,53.25,1020.46,14.84,8.0,8.35,57.13,0.0,44.25,0.0,57.13,42.36,26.33,59.1
2016-10-31,0.0,28.7,65.2,1005.29,8.47,8.0,9.5,59.1,0.0,0.0,44.25,59.1,57.13,42.36,43.26
2016-11-01,0.0,26.05,63.6,1013.13,13.99,8.0,8.31,43.26,0.0,0.0,0.0,43.26,59.1,57.13,38.95
2016-11-02,0.0,26.14,68.17,1028.04,8.93,8.0,7.92,38.95,0.0,0.0,0.0,38.95,43.26,59.1,27.71
2016-11-03,0.0,28.9,47.1,1019.44,10.61,8.0,8.63,27.71,0.0,0.0,0.0,27.71,38.95,43.26,22.54
2016-11-04,0.0,27.86,66.86,1019.96,6.02,8.0,8.31,22.54,0.0,0.0,0.0,22.54,27.71,38.95,20.16
2016-11-05,0.0,28.52,76.81,1022.5,6.15,8.0,6.76,20.16,0.0,0.0,0.0,20.16,22.54,27.71,15.78
2016-11-06,0.0,29.6,55.97,1016.78,12.54,8.0,8.04,15.78,0.0,0.0,0.0,15.78,20.16,22.54,5.76
2016-11-07,0.0,26.43,72.26,1020.74,13.09,8.0,9.26,5.76,0.0,0.0,0.0,5.76,15.78,20.16,5.13
2016-11-08,0.0,25.8,57.01,1020.4,10.09,8.0,9.5,5.13,0.0,0.0,0.0,5.13,5.76,15.78,5.0
2016-11-09,0.0,24.7,49.12,1019.56,5.7,8.0,7.04,5.0,0.0,0.0,0.0,5.0,5.13,5.76,6.65
2016-11-10,0.0,25.42,56.45,1015.31,10.15,8.0,7.03,6.65,0.0,0.0,0.0,6.65,5.0,5.13,5.0
2016-11-11,0.0,34.93,65.8,1017.83,14.4,8.0,8.72,5.0,0.0,0.0,0.0,5.0,6.65,5.0,5.0
2016-11-12,0.0,30.75,52.47,1014.08,16.1,8.0,10.36,5.0,0.0,0.0,0.0,5.0,5.0,6.65,6.68
2016-11-13,0.0,24.33,54.02,1017.14,8.89,8.0,6.39,6.68,0.0,0.0,0.0,6.68,5.0,5.0,5.0
2016-11-14,0.0,24.47,62.26,1011.28,4.19,8.0,7.06,5.0,0.0,0.0,0.0,5.0,6.68,5.0,6.07
2016-11-15,0.0,29.05,58.01,1013.22,12.94,8.0,8.71,6.07,0.0,0.0,0.0,6.07,5.0,6.68,5.0
2016-11-16,7.26,29.27,61.97,1015.81,9.03,8.0,7.73,5.0,0.0,0.0,0.0,5.0,6.07,5.0,6.2
2016-11-17,57.57,29.34,59.43,1012.55,13.3,8.0,8.24,6.2,7.26,0.0,0.0,6.2,5.0,6.07,26.65
2016-11-18,0.0,27.39,61.02,1014.78,10.98,8.0,8.91,26.65,57.57,7.26,0.0,26.65,6.2,5.0,34.49
2016-11-19,14.98,27.78,54.53,1016.53,6.91,8.0,8.44,34.49,0.0,57.57,7.26,34.49,26.65,6.2,39.61
2016-11-20,0.0,28.97,59.08,1019.4,10.2,8.0,9.36,39.61,14.98,0.0,57.57,39.61,34.49,26.65,33.17
2016-11-21,0.0,28.42,50.87,1022.18,14.58,8.0,9.45,33.17,0.0,14.98,0.0,33.17,39.61,34.49,33.48
2016-11-22,11.35,22.71,66.28,1015.15,9.48,8.0,7.59,33.48,0.0,0.0,14.98,33.48,33.17,39.61,33.76
2016-11-23,0.0,27.74,52.73,1024.19,6.38,8.0,7.88,33.76,11.35,0.0,0.0,33.76,33.48,33.17,32.55
2016-11-24,0.0,26.24,64.99,1022.24,4.44,8.0,8.02,32.55,0.0,11.35,0.0,32.55,33.76,33.48,30.11
2016-11-25,0.0,28.85,55.37,1020.1,7.3,8.0,6.63,30.11,0.0,0.0,11.35,30.11,32.55,33.76,30.62
2016-11-26,0.0,35.93,58.34,1018.38,8.56,8.0,9.3,30.62,0.0,0.0,0.0,30.62,30.11,32.55,27.19
2016-11-27,19.9,29.43,53.38,1019.24,12.87,8.0,8.44,27.19,0.0,0.0,0.0,27.19,30.62,30.11,33.65
2016-11-28,0.0,27.77,49.66,1023.61,6.08,8.0,8.02,33.65,19.9,0.0,0.0,33.65,27.19,30.62,35.84
2016-11-29,0.0,30.9,44.49,1023.83,15.44,8.0,8.67,35.84,0.0,19.9,0.0,35.84,33.65,27.19,30.33
2016-11-30,0.0,29.84,49.24,1024.41,5.32,8.0,8.51,30.33,0.0,0.0,19.9,30.33,35.84,33.65,32.43
2016-12-01,0.0,29.72,54.3,1017.97,18.16,8.0,10.19,32.43,0.0,0.0,0.0,32.43,30.33,35.84,23.39
2016-12-02,0.0,30.22,57.99,1020.56,16.04,8.0,8.88,23.39,0.0,0.0,0.0,23.39,32.43,30.33,21.09
2016-12-03,0.0,33.88,63.52,1024.53,10.49,8.0,8.61,21.09,0.0,0.0,0.0,21.09,23.39,32.43,18.68
2016-12-04,0.0,25.94,53.27,1014.72,4.23,8.0,6.78,18.68,0.0,0.0,0.0,18.68,21.09,23.39,24.67
2016-12-05,0.0,29.98,50.17,1016.26,9.81,8.0,8.56,24.67,0.0,0.0,0.0,24.67,18.68,21.09,22.61
2016-12-06,0.0,26.51,46.2,1017.96,8.65,8.0,9.61,22.61,0.0,0.0,0.0,22.61,24.67,18.68,17.05
2016-12-07,0.0,30.24,59.61,1022.39,5.54,8.0,6.41,17.05,0.0,0.0,0.0,17.05,22.61,24.67,12.25
2016-12-08,0.0,26.58,65.89,1022.49,11.02,8.0,8.51,12.25,0.0,0.0,0.0,12.25,17.05,22.61,9.06
2016-12-09,0.0,27.85,65.04,1016.77,7.12,8.0,8.15,9.06,0.0,0.0,0.0,9.06,12.25,17.05,8.07
2016-12-10,0.0,28.18,61.11,1010.4,7.5,8.0,7.49,8.07,0.0,0.0,0.0,8.07,9.06,12.25,7.44
2016-12-11,0.0,31.37,60.58,1019.18,9.29,8.0,7.2,7.44,0.0,0.0,0.0,7.44,8.07,9.06,7.3
2016-12-12,0.0,31.25,67.97,1013.37,7.99,8.0,8.13,7.3,0.0,0.0,0.0,7.3,7.44,8.07,5.89
2016-12-13,0.0,25.85,58.39,1010.52,17.27,8.0,8.17,5.89,0.0,0.0,0.0,5.89,7.3,7.44,6.96
2016-12-14,0.0,29.11,60.57,1011.66,8.12,8.0,8.56,6.96,0.0,0.0,0.0,6.96,5.89,7.3,5.0
2016-12-15,0.0,27.21,53.78,1019.62,11.54,8.0,7.35,5.0,0.0,0.0,0.0,5.0,6.96,5.89,5.0
2016-12-16,0.0,25.84,46.48,1024.8,10.51,8.0,8.15,5.0,0.0,0.0,0.0,5.0,5.0,6.96,8.17
2016-12-17,21.89,28.45,51.22,1018.19,11.23,8.0,7.94,8.17,0.0,0.0,0.0,8.17,5.0,5.0,10.47
2016-12-18,0.0,28.23,55.94,1019.06,11.5,8.0,9.44,10.47,21.89,0.0,0.0,10.47,8.17,5.0,12.96
2016-12-19,0.0,35.07,56.43,1023.91,13.08,8.0,10.79,12.96,0.0,21.89,0.0,12.96,10.47,8.17,10.18
2016-12-20,0.0,30.08,69.49,1010.28,10.93,8.0,8.31,10.18,0.0,0.0,21.89,10.18,12.96,10.47,14.61
2016-12-21,0.0,25.55,56.58,1020.6,10.79,8.0,7.3,14.61,0.0,0.0,0.0,14.61,10.18,12.96,19.4
2016-12-22,19.18,27.58,64.27,1017.94,10.2,8.0,9.58,19.4,0.0,0.0,0.0,19.4,14.61,10.18,24.92
2016-12-23,0.0,31.54,52.98,1020.82,9.52,8.0,8.52,24.92,19.18,0.0,0.0,24.92,19.4,14.61,24.03
2016-12-24,0.0,34.19,53.86,1015.56,6.81,8.0,8.76,24.03,0.0,19.18,0.0,24.03,24.92,19.4,21.64
2016-12-25,0.0,25.0,46.76,1013.88,9.79,8.0,7.89,21.64,0.0,0.0,19.18,21.64,24.03,24.92,19.72
2016-12-26,0.0,24.25,50.89,1018.67,10.84,8.0,7.88,19.72,0.0,0.0,0.0,19.72,21.64,24.03,20.35
2016-12-27,0.0,33.61,59.8,1026.2,11.41,8.0,8.71,20.35,0.0,0.0,0.0,20.35,19.72,21.64,28.83
2016-12-28,0.0,29.89,56.2,1022.24,10.63,8.0,7.09,28.83,0.0,0.0,0.0,28.83,20.35,19.72,21.18
2016-12-29,0.0,26.72,62.78,1015.39,9.18,8.0,9.42,21.18,0.0,0.0,0.0,21.18,28.83,20.35,19.31
2016-12-30,0.0,30.21,57.49,1011.2,9.8,8.0,8.66,19.31,0.0,0.0,0.0,19.31,21.18,28.83,15.93
2016-12-31,27.37,22.26,53.79,1009.48,8.06,8.0,7.32,15.93,0.0,0.0,0.0,15.93,19.31,21.18,23.69
2017-01-01,0.0,28.85,71.31,1024.47,11.1,8.0,9.22,23.69,27.37,0.0,0.0,23.69,15.93,19.31,24.41
2017-01-02,0.0,29.64,55.66,1013.09,9.23,8.0,7.92,24.41,0.0,27.37,0.0,24.41,23.69,15.93,23.92
2017-01-03,0.0,31.1,64.5,1016.22,10.63,8.0,8.99,23.92,0.0,0.0,27.37,23.92,24.41,23.69,21.12
2017-01-04,0.0,26.22,53.61,1024.43,13.5,8.0,8.03,21.12,0.0,0.0,0.0,21.12,23.92,24.41,19.78
2017-01-05,0.0,28.94,61.44,1009.73,7.52,8.0,7.73,19.78,0.0,0.0,0.0,19.78,21.12,23.92,18.76
2017-01-06,0.0,26.38,63.02,1025.24,12.09,8.0,8.87,18.76,0.0,0.0,0.0,18.76,19.78,21.12,11.46
2017-01-07,0.0,29.29,58.05,1016.49,10.12,8.0,8.67,11.46,0.0,0.0,0.0,11.46,18.76,19.78,7.3
2017-01-08,0.0,26.38,40.17,1011.98,17.07,8.0,9.0,7.3,0.0,0.0,0.0,7.3,11.46,18.76,8.18
2017-01-09,0.0,27.56,56.85,1016.46,9.24,8.0,8.72,8.18,0.0,0.0,0.0,8.18,7.3,11.46,11.98
2017-01-10,0.0,26.05,65.41,1014.05,12.43,8.0,7.78,11.98,0.0,0.0,0.0,11.98,8.18,7.3,12.11
2017-01-11,0.0,30.12,60.57,1019.84,10.05,8.0,7.79,12.11,0.0,0.0,0.0,12.11,11.98,8.18,9.1
2017-01-12,0.0,30.59,60.07,1014.36,5.14,8.0,7.47,9.1,0.0,0.0,0.0,9.1,12.11,11.98,9.1
2017-01-13,0.0,27.81,44.98,1008.01,8.18,8.0,7.88,9.1,0.0,0.0,0.0,9.1,9.1,12.11,8.62
2017-01-14,0.0,28.44,52.08,1016.43,13.08,8.0,8.56,8.62,0.0,0.0,0.0,8.62,9.1,9.1,5.0
2017-01-15,0.0,24.67,60.09,1010.71,8.49,8.0,7.34,5.0,0.0,0.0,0.0,5.0,8.62,9.1,5.0
2017-01-16,0.0,27.49,60.17,1018.48,2.23,8.0,7.78,5.0,0.0,0.0,0.0,5.0,5.0,8.62,5.0
2017-01-17,0.0,28.06,65.9,1011.48,9.89,8.0,9.44,5.0,0.0,0.0,0.0,5.0,5.0,5.0,6.61
2017-01-18,0.0,34.68,56.48,1014.94,6.18,8.0,8.35,6.61,0.0,0.0,0.0,6.61,5.0,5.0,9.83
2017-01-19,0.0,25.29,60.44,1018.25,10.46,8.0,8.52,9.83,0.0,0.0,0.0,9.83,6.61,5.0,14.88
2017-01-20,0.0,31.67,57.81,1016.23,15.43,8.0,8.92,14.88,0.0,0.0,0.0,14.88,9.83,6.61,6.58
2017-01-21,0.0,30.44,50.9,1018.5,12.69,8.0,8.92,6.58,0.0,0.0,0.0,6.58,14.88,9.83,5.0
2017-01-22,0.0,28.58,42.13,1020.6,15.38,8.0,9.61,5.0,0.0,0.0,0.0,5.0,6.58,14.88,9.28
2017-01-23,191.68,32.21,61.05,1011.36,8.03,8.0,7.77,9.28,0.0,0.0,0.0,9.28,5.0,6.58,90.66
2017-01-24,0.0,28.68,59.36,1016.78,9.5,8.0,8.88,90.66,191.68,0.0,0.0,90.66,9.28,5.0,120.62
2017-01-25,0.0,28.65,53.94,1000.41,6.34,8.0,7.25,120.62,0.0,191.68,0.0,120.62,90.66,9.28,126.23
2017-01-26,0.0,27.47,47.05,1018.24,7.61,8.0,8.74,126.23,0.0,0.0,191.68,126.23,120.62,90.66,108.42
2017-01-27,0.0,30.59,62.92,1015.45,6.76,8.0,8.74,108.42,0.0,0.0,0.0,108.42,126.23,120.62,97.16
2017-01-28,0.0,30.2,56.78,1011.98,5.43,8.0,8.74,97.16,0.0,0.0,0.0,97.16,108.42,126.23,83.31
2017-01-29,0.0,25.82,62.67,1018.42,14.78,8.0,9.56,83.31,0.0,0.0,0.0,83.31,97.16,108.42,69.25
2017-01-30,14.91,24.01,71.95,1022.65,2.68,8.0,8.23,69.25,0.0,0.0,0.0,69.25,83.31,97.16,67.56
2017-01-31,0.0,26.72,44.05,1014.35,14.8,8.0,9.34,67.56,14.91,0.0,0.0,67.56,69.25,83.31,61.59
2017-02-01,0.0,25.15,54.28,1011.95,14.36,8.0,7.49,61.59,0.0,14.91,0.0,61.59,67.56,69.25,59.02
2017-02-02,0.0,26.9,57.86,1017.44,11.75,8.0,8.54,59.02,0.0,0.0,14.91,59.02,61.59,67.56,53.18
2017-02-03,0.0,30.07,69.65,1009.88,6.1,,7.51,53.18,0.0,0.0,0.0,53.18,59.02,61.59,53.06
2017-02-04,29.17,25.75,48.16,1013.19,4.46,8.0,6.17,53.06,0.0,0.0,0.0,53.06,53.18,59.02,55.41
2017-02-05,2.36,26.7,73.31,1022.55,8.08,8.0,8.81,55.41,29.17,0.0,0.0,55.41,53.06,53.18,55.57
2017-02-06,0.0,26.86,60.86,1016.68,12.19,8.0,8.23,55.57,2.36,29.17,0.0,55.57,55.41,53.06,54.66
2017-02-07,0.0,28.75,59.39,1006.91,10.01,8.0,7.17,54.66,0.0,2.36,29.17,54.66,55.57,55.41,49.86
2017-02-08,40.59,20.92,58.83,1007.26,6.35,8.0,6.44,49.86,0.0,0.0,2.36,49.86,54.66,55.57,61.82
2017-02-09,0.0,24.93,57.33,1016.99,14.02,8.0,10.37,61.82,40.59,0.0,0.0,61.82,49.86,54.66,56.42
2017-02-10,21.48,26.88,67.88,1020.42,15.9,8.0,10.1,56.42,0.0,40.59,0.0,56.42,61.82,49.86,56.49
2017-02-11,0.0,29.26,53.22,1007.95,9.21,8.0,8.92,56.49,21.48,0.0,40.59,56.49,56.42,61.82,49.82
2017-02-12,0.0,24.93,63.29,1018.22,10.38,8.0,8.49,49.82,0.0,21.48,0.0,49.82,56.49,56.42,48.15
2017-02-13,0.0,21.37,58.35,1022.55,4.72,8.0,6.04,48.15,0.0,0.0,21.48,48.15,49.82,56.49,35.73
2017-02-14,0.0,27.51,55.87,1025.27,8.55,8.0,7.25,35.73,0.0,0.0,0.0,35.73,48.15,49.82,33.5
2017-02-15,0.0,24.28,79.48,1017.42,11.79,8.0,8.49,33.5,0.0,0.0,0.0,33.5,35.73,48.15,28.42
2017-02-16,0.0,22.79,64.48,1018.22,11.24,8.0,9.14,28.42,0.0,0.0,0.0,28.42,33.5,35.73,23.83
2017-02-17,0.0,24.1,66.02,1004.95,8.22,8.0,6.74,23.83,0.0,0.0,0.0,23.83,28.42,33.5,27.77
2017-02-18,0.0,25.1,69.86,1026.04,9.04,8.0,7.69,27.77,0.0,0.0,0.0,27.77,23.83,28.42,30.69
2017-02-19,0.0,23.94,52.13,1012.59,8.43,8.0,7.83,30.69,0.0,0.0,0.0,30.69,27.77,23.83,24.65
2017-02-20,38.26,19.84,74.52,1010.72,9.03,8.0,6.78,24.65,0.0,0.0,0.0,24.65,30.69,27.77,40.47
2017-02-21,0.0,27.49,44.88,1014.04,11.48,,8.38,40.47,38.26,0.0,0.0,40.47,24.65,30.69,43.15
2017-02-22,0.0,28.32,57.24,1022.8,3.11,8.0,6.47,43.15,0.0,38.26,0.0,43.15,40.47,24.65,45.23
2017-02-23,0.0,26.66,59.6,1026.2,9.74,8.0,8.34,45.23,0.0,0.0,38.26,45.23,43.15,40.47,38.26
2017-02-24,0.0,22.07,67.07,1015.71,11.22,8.0,7.91,38.26,0.0,0.0,0.0,38.26,45.23,43.15,29.0
2017-02-25,0.0,24.3,64.72,1020.0,8.0,8.0,8.04,29.0,0.0,0.0,0.0,29.0,38.26,45.23,25.37
2017-02-26,0.0,24.68,62.21,1015.14,8.32,8.0,7.49,25.37,0.0,0.0,0.0,25.37,29.0,38.26,25.17
2017-02-27,0.0,26.08,63.48,1009.66,8.42,8.0,8.39,25.17,0.0,0.0,0.0,25.17,25.37,29.0,21.56
2017-02-28,0.0,26.14,56.91,1022.15,8.32,,8.11,21.56,0.0,0.0,0.0,21.56,25.17,25.37,21.74
2017-03-01,0.0,22.53,53.47,1011.58,10.02,8.0,8.7,21.74,0.0,0.0,0.0,21.74,21.56,25.17,23.59
2017-03-02,0.0,24.45,69.23,1022.28,10.45,8.0,7.7,23.59,0.0,0.0,0.0,23.59,21.74,21.56,24.89
2017-03-03,0.0,25.28,69.2,1021.02,2.65,8.0,7.59,24.89,0.0,0.0,0.0,24.89,23.59,21.74,23.52
2017-03-04,0.0,27.66,75.63,1017.51,12.29,8.0,8.33,23.52,0.0,0.0,0.0,23.52,24.89,23.59,15.81
2017-03-05,0.0,25.66,59.21,1023.5,8.99,8.0,8.39,15.81,0.0,0.0,0.0,15.81,23.52,24.89,6.94
2017-03-06,20.83,25.76,69.79,1025.44,16.77,8.0,10.06,6.94,0.0,0.0,0.0,6.94,15.81,23.52,16.84
2017-03-07,6.03,23.88,63.15,1013.32,5.83,8.0,8.13,16.84,20.83,0.0,0.0,16.84,6.94,15.81,24.26
2017-03-08,0.0,27.08,73.67,1010.06,6.96,8.0,7.49,24.26,6.03,20.83,0.0,24.26,16.84,6.94,24.88
2017-03-09,0.0,24.46,72.69,1004.7,9.29,8.0,7.3,24.88,0.0,6.03,20.83,24.88,24.26,16.84,23.54
2017-03-10,0.0,21.16,67.22,1025.16,11.45,8.0,8.49,23.54,0.0,0.0,6.03,23.54,24.88,24.26,20.38
2017-03-11,0.0,26.71,63.57,1011.66,3.17,8.0,6.73,20.38,0.0,0.0,0.0,20.38,23.54,24.88,18.01
2017-03-12,0.0,24.82,72.88,1019.45,7.1,8.0,8.22,18.01,0.0,0.0,0.0,18.01,20.38,23.54,17.18
2017-03-13,11.49,21.85,70.88,1009.98,12.07,8.0,6.9,17.18,0.0,0.0,0.0,17.18,18.01,20.38,23.11
2017-03-14,0.0,21.64,61.77,1021.29,6.68,8.0,7.45,23.11,11.49,0.0,0.0,23.11,17.18,18.01,23.03
2017-03-15,0.0,23.46,57.47,1010.01,14.8,8.0,8.22,23.03,0.0,11.49,0.0,23.03,23.11,17.18,21.71
2017-03-16,0.0,23.76,64.95,1007.47,8.41,8.0,6.22,21.71,0.0,0.0,11.49,21.71,23.03,23.11,18.6
2017-03-17,0.0,22.97,77.78,1012.3,6.85,8.0,6.55,18.6,0.0,0.0,0.0,18.6,21.71,23.03,17.18
2017-03-18,0.0,23.14,75.41,1010.6,12.14,8.0,7.68,17.18,0.0,0.0,0.0,17.18,18.6,21.71,8.11
2017-03-19,0.0,26.49,59.8,1016.15,15.63,8.0,10.5,8.11,0.0,0.0,0.0,8.11,17.18,18.6,10.18
2017-03-20,0.0,24.8,59.62,1012.83,11.46,8.0,5.75,10.18,0.0,0.0,0.0,10.18,8.11,17.18,8.29
2017-03-21,0.0,22.48,76.92,1016.14,14.41,8.0,7.98,8.29,0.0,0.0,0.0,8.29,10.18,8.11,5.0
2017-03-22,53.06,24.23,60.26,1011.46,15.87,8.0,8.47,5.0,0.0,0.0,0.0,5.0,8.29,10.18,31.51
2017-03-23,0.0,19.18,71.98,1009.5,6.77,8.0,5.99,31.51,53.06,0.0,0.0,31.51,5.0,8.29,37.38
2017-03-24,49.29,22.63,64.31,1009.82,13.28,8.0,7.85,37.38,0.0,53.06,0.0,37.38,31.51,5.0,56.3
2017-03-25,0.0,26.04,80.14,1022.88,4.67,8.0,7.05,56.3,49.29,0.0,53.06,56.3,37.38,31.51,61.89
2017-03-26,0.0,20.85,63.64,1013.7,11.49,8.0,7.16,61.89,0.0,49.29,0.0,61.89,56.3,37.38,58.71
2017-03-27,0.0,19.16,77.24,1002.57,9.75,8.0,7.47,58.71,0.0,0.0,49.29,58.71,61.89,56.3,50.35
2017-03-28,0.0,19.53,70.74,1009.8,14.35,8.0,9.21,50.35,0.0,0.0,0.0,50.35,58.71,61.89,47.31
2017-03-29,0.0,18.32,71.41,1012.8,14.1,8.0,7.73,47.31,0.0,0.0,0.0,47.31,50.35,58.71,45.08
2017-03-30,0.0,18.96,56.06,1021.46,11.99,8.0,7.06,45.08,0.0,0.0,0.0,45.08,47.31,50.35,34.96
2017-03-31,0.0,19.88,54.63,1017.29,11.04,8.0,7.48,34.96,0.0,0.0,0.0,34.96,45.08,47.31,30.48
2017-04-01,0.0,17.17,68.71,1007.45,11.78,8.0,7.03,30.48,0.0,0.0,0.0,30.48,34.96,45.08,21.75
2017-04-02,0.0,20.6,72.19,1024.07,10.22,8.0,8.32,21.75,0.0,0.0,0.0,21.75,30.48,34.96,17.64
2017-04-03,11.65,22.7,62.78,1011.74,9.79,8.0,7.28,17.64,0.0,0.0,0.0,17.64,21.75,30.48,17.65
2017-04-04,0.0,18.06,63.24,1018.04,15.05,8.0,8.32,17.65,11.65,0.0,0.0,17.65,17.64,21.75,21.54
2017-04-05,0.0,24.01,74.99,1005.95,15.47,,8.82,21.54,0.0,11.65,0.0,21.54,17.65,17.64,16.53
2017-04-06,0.0,21.37,75.2,999.65,9.5,8.0,7.49,16.53,0.0,0.0,11.65,16.53,21.54,17.65,16.45
2017-04-07,0.0,22.56,70.5,1004.52,10.83,8.0,6.84,16.45,0.0,0.0,0.0,16.45,16.53,21.54,13.44
2017-04-08,8.27,18.22,77.12,995.22,10.29,8.0,6.67,13.44,0.0,0.0,0.0,13.44,16.45,16.53,9.71
2017-04-09,11.61,21.89,63.63,1021.96,4.36,8.0,6.59,9.71,8.27,0.0,0.0,9.71,13.44,16.45,12.19
2017-04-10,8.9,16.91,69.56,1012.39,8.82,8.0,5.88,12.19,11.61,8.27,0.0,12.19,9.71,13.44,13.23
2017-04-11,0.0,21.75,83.78,1006.61,15.6,8.0,7.53,13.23,8.9,11.61,8.27,13.23,12.19,9.71,11.95
2017-04-12,0.0,19.84,72.91,1013.42,7.38,8.0,6.54,11.95,0.0,8.9,11.61,11.95,13.23,12.19,8.05
2017-04-13,0.0,20.69,73.51,1012.02,17.4,8.0,8.79,8.05,0.0,0.0,8.9,8.05,11.95,13.23,5.93
2017-04-14,0.0,16.25,88.96,1014.1,14.1,8.0,8.58,5.93,0.0,0.0,0.0,5.93,8.05,11.95,8.57
2017-04-15,0.0,16.84,63.21,1016.96,11.41,8.0,7.46,8.57,0.0,0.0,0.0,8.57,5.93,8.05,5.0
2017-04-16,0.0,20.47,78.77,1009.39,11.96,8.0,7.75,5.0,0.0,0.0,0.0,5.0,8.57,5.93,5.0
2017-04-17,7.4,16.49,85.02,1006.36,6.79,8.0,6.46,5.0,0.0,0.0,0.0,5.0,5.0,8.57,5.39
2017-04-18,0.0,19.92,71.29,1014.82,9.07,8.0,6.92,5.39,7.4,0.0,0.0,5.39,5.0,5.0,5.17
2017-04-19,0.0,15.23,79.76,1014.62,15.04,8.0,7.46,5.17,0.0,7.4,0.0,5.17,5.39,5.0,5.0
2017-04-20,15.06,20.67,67.05,1011.04,7.85,8.0,7.57,5.0,0.0,0.0,7.4,5.0,5.17,5.39,6.19
2017-04-21,0.0,15.36,69.29,1021.35,13.71,8.0,8.16,6.19,15.06,0.0,0.0,6.19,5.0,5.17,11.1
2017-04-22,0.0,19.72,76.97,1008.2,5.18,8.0,4.61,11.1,0.0,15.06,0.0,11.1,6.19,5.0,13.59
2017-04-23,14.94,19.8,80.04,1005.81,5.81,8.0,7.23,13.59,0.0,0.0,15.06,13.59,11.1,6.19,17.89
2017-04-24,0.0,16.39,82.47,1012.33,16.65,8.0,7.65,17.89,14.94,0.0,0.0,17.89,13.59,11.1,24.01
2017-04-25,0.0,19.49,85.78,1006.79,9.96,8.0,7.6,24.01,0.0,14.94,0.0,24.01,17.89,13.59,31.58
2017-04-26,16.08,18.59,74.49,1012.58,8.12,8.0,7.18,31.58,0.0,0.0,14.94,31.58,24.01,17.89,39.19
2017-04-27,0.0,16.49,83.49,1005.86,14.77,8.0,7.51,39.19,16.08,0.0,0.0,39.19,31.58,24.01,30.34
2017-04-28,0.0,15.22,72.9,1007.96,14.36,8.0,7.88,30.34,0.0,16.08,0.0,30.34,39.19,31.58,29.72
2017-04-29,39.67,12.74,81.77,1019.35,13.22,8.0,7.2,29.72,0.0,0.0,16.08,29.72,30.34,39.19,40.07
2017-04-30,9.88,18.43,77.07,1007.8,8.01,8.0,6.81,40.07,39.67,0.0,0.0,40.07,29.72,30.34,46.09
2017-05-01,0.0,13.55,78.9,1005.76,9.0,8.0,6.36,46.09,9.88,39.67,0.0,46.09,40.07,29.72,41.69
2017-05-02,0.0,17.61,78.9,1015.55,11.09,8.0,6.42,41.69,0.0,9.88,39.67,41.69,46.09,40.07,38.79
2017-05-03,0.0,16.62,64.86,1004.37,12.43,8.0,7.38,38.79,0.0,0.0,9.88,38.79,41.69,46.09,40.2
2017-05-04,34.12,18.89,68.37,1006.1,8.22,8.0,5.38,40.2,0.0,0.0,0.0,40.2,38.79,41.69,49.48
2017-05-05,18.47,16.35,77.11,1012.39,10.6,8.0,7.23,49.48,34.12,0.0,0.0,49.48,40.2,38.79,61.68
2017-05-06,2.58,16.2,64.72,1014.14,10.94,8.0,7.7,61.68,18.47,34.12,0.0,61.68,49.48,40.2,64.36
2017-05-07,0.0,18.77,82.5,1015.49,14.5,8.0,6.67,64.36,2.58,18.47,34.12,64.36,61.68,49.48,62.04
2017-05-08,0.0,17.69,82.92,1005.59,12.64,8.0,7.21,62.04,0.0,2.58,18.47,62.04,64.36,61.68,46.96
2017-05-09,0.0,17.56,79.25,1012.25,4.73,8.0,7.38,46.96,0.0,0.0,2.58,46.96,62.04,64.36,42.83
2017-05-10,0.0,17.87,69.25,1006.88,9.25,8.0,8.75,42.83,0.0,0.0,0.0,42.83,46.96,62.04,40.66
2017-05-11,0.0,12.78,86.89,1006.13,6.75,8.0,5.91,40.66,0.0,0.0,0.0,40.66,42.83,46.96,41.75
2017-05-12,0.0,18.43,91.62,1015.12,11.99,8.0,7.42,41.75,0.0,0.0,0.0,41.75,40.66,42.83,31.7
2017-05-13,41.43,18.0,78.52,1006.3,13.23,8.0,7.51,31.7,0.0,0.0,0.0,31.7,41.75,40.66,51.04
2017-05-14,1.15,,81.19,1010.39,10.36,8.0,6.79,51.04,41.43,0.0,0.0,51.04,31.7,41.75,52.53
2017-05-15,22.62,15.71,79.15,1009.72,9.06,8.0,7.68,52.53,1.15,41.43,0.0,52.53,51.04,31.7,61.59
2017-05-16,23.72,16.15,81.57,1003.54,10.24,8.0,6.91,61.59,22.62,1.15,41.43,61.59,52.53,51.04,72.13
2017-05-17,0.0,15.85,77.13,1013.68,10.73,8.0,5.87,72.13,23.72,22.62,1.15,72.13,61.59,52.53,74.17
2017-05-18,13.23,16.95,77.84,1011.6,7.76,8.0,6.85,74.17,0.0,23.72,22.62,74.17,72.13,61.59,67.64
2017-05-19,0.0,19.63,84.53,998.82,5.73,8.0,6.29,67.64,13.23,0.0,23.72,67.64,74.17,72.13,62.58
2017-05-20,47.08,18.7,94.72,1010.1,2.82,8.0,5.11,62.58,0.0,13.23,0.0,62.58,67.64,74.17,72.72
2017-05-21,29.25,12.65,68.6,1004.8,14.44,8.0,6.32,72.72,47.08,0.0,13.23,72.72,62.58,67.64,85.88
2017-05-22,17.16,17.43,77.78,1014.11,11.74,8.0,7.2,85.88,29.25,47.08,0.0,85.88,72.72,62.58,92.16
2017-05-23,15.16,19.14,70.34,1001.35,11.27,8.0,7.95,92.16,17.16,29.25,47.08,92.16,85.88,72.72,88.59
2017-05-24,0.0,,89.84,1006.76,14.43,8.0,8.01,88.59,15.16,17.16,29.25,88.59,92.16,85.88,79.51
2017-05-25,0.0,18.43,74.68,1010.31,5.61,8.0,7.46,79.51,0.0,15.16,17.16,79.51,88.59,92.16,73.75
2017-05-26,0.0,20.68,68.78,1008.74,3.93,8.0,5.91,73.75,0.0,0.0,15.16,73.75,79.51,88.59,66.12
2017-05-27,0.0,18.16,83.43,1012.25,11.34,8.0,6.99,66.12,0.0,0.0,0.0,66.12,73.75,79.51,54.33
2017-05-28,13.1,16.18,91.26,1000.8,11.03,8.0,7.49,54.33,0.0,0.0,0.0,54.33,66.12,73.75,51.3
2017-05-29,0.0,18.12,83.77,1016.62,3.94,8.0,6.74,51.3,13.1,0.0,0.0,51.3,54.33,66.12,48.63
2017-05-30,2.02,15.83,80.64,1010.96,11.26,8.0,6.61,48.63,0.0,13.1,0.0,48.63,51.3,54.33,46.23
2017-05-31,0.0,15.48,82.14,1015.1,8.6,8.0,6.03,46.23,2.02,0.0,13.1,46.23,48.63,51.3,43.46
2017-06-01,0.0,14.5,89.25,1012.64,7.18,8.0,6.6,43.46,0.0,2.02,0.0,43.46,46.23,48.63,39.29
2017-06-02,5.54,19.25,73.29,1008.19,8.83,8.0,7.78,39.29,0.0,0.0,2.02,39.29,43.46,46.23,38.97
2017-06-03,0.0,13.26,78.69,1001.8,1.45,8.0,5.09,38.97,5.54,0.0,0.0,38.97,39.29,43.46,35.17
2017-06-04,0.0,19.1,,1005.38,7.93,8.0,7.28,35.17,0.0,5.54,0.0,35.17,38.97,39.29,33.37
2017-06-05,21.12,16.49,71.41,1016.12,7.53,8.0,6.59,33.37,0.0,0.0,5.54,33.37,35.17,38.97,43.85
2017-06-06,21.15,11.71,77.34,1015.08,11.95,8.0,6.17,43.85,21.12,0.0,0.0,43.85,33.37,35.17,57.2
2017-06-07,7.52,16.1,87.44,1005.03,9.45,8.0,7.34,57.2,21.15,21.12,0.0,57.2,43.85,33.37,60.38
2017-06-08,0.0,9.91,83.7,994.02,12.24,8.0,6.32,60.38,7.52,21.15,21.12,60.38,57.2,43.85,53.08
2017-06-09,44.17,16.7,84.28,1007.03,1.08,8.0,4.36,53.08,0.0,7.52,21.15,53.08,60.38,57.2,70.87
2017-06-10,0.0,17.32,80.84,1006.64,7.06,8.0,6.03,70.87,44.17,0.0,7.52,70.87,53.08,60.38,62.98
2017-06-11,0.0,13.61,83.51,1006.82,11.95,8.0,5.07,62.98,0.0,44.17,0.0,62.98,70.87,53.08,62.54
2017-06-12,0.0,15.38,74.27,1010.69,8.92,8.0,8.82,62.54,0.0,0.0,44.17,62.54,62.98,70.87,56.74
2017-06-13,8.84,19.94,77.74,1012.42,12.96,8.0,8.79,56.74,0.0,0.0,0.0,56.74,62.54,62.98,53.81
2017-06-14,0.0,13.78,81.27,1012.98,3.68,8.0,4.61,53.81,8.84,0.0,0.0,53.81,56.74,62.54,50.51
2017-06-15,18.34,12.38,81.89,1010.25,12.56,8.0,6.36,50.51,0.0,8.84,0.0,50.51,53.81,56.74,48.59
2017-06-16,0.0,18.72,82.21,999.01,7.76,8.0,6.99,48.59,18.34,0.0,8.84,48.59,50.51,53.81,42.75
2017-06-17,0.0,19.92,79.01,1006.3,7.42,8.0,8.19,42.75,0.0,18.34,0.0,42.75,48.59,50.51,35.34
2017-06-18,0.0,15.01,77.35,1019.52,13.47,8.0,7.86,35.34,0.0,0.0,18.34,35.34,42.75,48.59,27.05
2017-06-19,0.0,17.53,98.0,1009.87,14.07,8.0,7.72,27.05,0.0,0.0,0.0,27.05,35.34,42.75,21.34
2017-06-20,0.0,18.35,86.35,1009.84,13.62,8.0,7.16,21.34,0.0,0.0,0.0,21.34,27.05,35.34,18.16
2017-06-21,48.42,13.14,82.89,1009.8,17.14,8.0,7.98,18.16,0.0,0.0,0.0,18.16,21.34,27.05,39.81
2017-06-22,0.0,13.79,78.36,1010.08,14.43,8.0,7.64,39.81,48.42,0.0,0.0,39.81,18.16,21.34,51.56
2017-06-23,69.86,18.08,76.83,996.09,7.22,8.0,6.72,51.56,0.0,48.42,0.0,51.56,39.81,18.16,77.63
2017-06-24,0.0,19.23,79.06,1006.81,10.5,8.0,7.23,77.63,69.86,0.0,48.42,77.63,51.56,39.81,82.02
2017-06-25,28.18,16.43,82.01,1007.83,8.74,8.0,6.35,82.02,0.0,69.86,0.0,82.02,77.63,51.56,92.74
2017-06-26,0.0,12.83,66.78,1014.43,17.1,8.0,8.67,92.74,28.18,0.0,69.86,92.74,82.02,77.63,84.14
2017-06-27,0.0,20.01,68.93,1008.27,13.87,8.0,6.58,84.14,0.0,28.18,0.0,84.14,92.74,82.02,75.8
2017-06-28,0.0,13.73,75.44,999.81,9.34,8.0,6.78,75.8,0.0,0.0,28.18,75.8,84.14,92.74,72.63
2017-06-29,0.0,14.24,81.32,1010.21,13.07,8.0,7.13,72.63,0.0,0.0,0.0,72.63,75.8,84.14,68.11
2017-06-30,0.0,15.95,78.16,1004.05,5.69,8.0,4.64,68.11,0.0,0.0,0.0,68.11,72.63,75.8,64.55
2017-07-01,0.0,19.0,90.14,1002.0,10.88,8.0,6.97,64.55,0.0,0.0,0.0,64.55,68.11,72.63,58.74
2017-07-02,19.62,17.28,69.38,1003.93,6.72,8.0,5.75,58.74,0.0,0.0,0.0,58.74,64.55,68.11,62.9
2017-07-03,0.0,16.2,74.46,1010.83,4.09,8.0,5.2,62.9,19.62,0.0,0.0,62.9,58.74,64.55,60.55
2017-07-04,0.0,16.35,90.31,1014.43,12.75,8.0,6.63,60.55,0.0,19.62,0.0,60.55,62.9,58.74,61.23
2017-07-05,0.0,15.33,80.54,1010.57,13.18,8.0,8.26,61.23,0.0,0.0,19.62,61.23,60.55,62.9,43.67
2017-07-06,35.23,16.65,85.76,1011.34,11.6,8.0,7.1,43.67,0.0,0.0,0.0,43.67,61.23,60.55,49.4
2017-07-07,16.33,8.96,93.87,1010.57,9.36,8.0,6.52,49.4,35.23,0.0,0.0,49.4,43.67,61.23,52.2
2017-07-08,0.0,14.58,74.59,1008.74,5.57,8.0,5.1,52.2,16.33,35.23,0.0,52.2,49.4,43.67,51.04
2017-07-09,18.96,15.96,78.69,1011.74,5.94,8.0,5.76,51.04,0.0,16.33,35.23,51.04,52.2,49.4,55.02
2017-07-10,0.0,12.52,77.41,996.19,6.61,8.0,5.64,55.02,18.96,0.0,16.33,55.02,51.04,52.2,51.71
2017-07-11,0.73,16.4,65.57,1008.87,9.18,8.0,6.98,51.71,0.0,18.96,0.0,51.71,55.02,51.04,45.1
2017-07-12,4.08,14.97,77.0,1003.12,13.77,8.0,7.75,45.1,0.73,0.0,18.96,45.1,51.71,55.02,42.14
2017-07-13,17.96,19.92,85.27,1014.19,13.71,8.0,8.04,42.14,4.08,0.73,0.0,42.14,45.1,51.71,46.74
2017-07-14,0.0,19.51,82.8,1007.67,4.23,8.0,5.72,46.74,17.96,4.08,0.73,46.74,42.14,45.1,47.06
2017-07-15,0.0,14.46,83.27,1008.6,7.57,8.0,6.9,47.06,0.0,17.96,4.08,47.06,46.74,42.14,46.24
2017-07-16,49.46,15.3,76.22,1000.95,7.48,8.0,5.94,46.24,0.0,0.0,17.96,46.24,47.06,46.74,59.28
2017-07-17,34.64,15.54,74.16,1013.6,1.14,8.0,5.72,59.28,49.46,0.0,0.0,59.28,46.24,47.06,80.11
2017-07-18,0.0,14.65,87.55,1011.69,11.98,8.0,5.87,80.11,34.64,49.46,0.0,80.11,59.28,46.24,83.11
2017-07-19,3.25,16.32,75.09,1011.38,9.14,8.0,6.59,83.11,0.0,34.64,49.46,83.11,80.11,59.28,81.29
2017-07-20,0.0,14.0,80.53,1004.57,9.6,8.0,6.99,81.29,3.25,0.0,34.64,81.29,83.11,80.11,69.98
2017-07-21,0.0,13.13,79.51,1004.81,14.71,8.0,7.34,69.98,0.0,3.25,0.0,69.98,81.29,83.11,67.98
2017-07-22,0.0,17.57,88.49,1009.84,10.31,8.0,6.38,67.98,0.0,0.0,3.25,67.98,69.98,81.29,61.59
2017-07-23,0.0,17.65,84.95,1005.3,8.49,8.0,7.22,61.59,0.0,0.0,0.0,61.59,67.98,69.98,54.59
2017-07-24,0.0,14.13,68.97,1010.99,12.0,8.0,6.39,54.59,0.0,0.0,0.0,54.59,61.59,67.98,43.79
2017-07-25,0.0,18.45,69.61,998.06,13.71,8.0,6.34,43.79,0.0,0.0,0.0,43.79,54.59,61.59,42.34
2017-07-26,29.49,14.7,81.86,1006.48,11.04,8.0,7.69,42.34,0.0,0.0,0.0,42.34,43.79,54.59,45.85
2017-07-27,2.94,16.98,77.24,1017.95,12.41,8.0,6.54,45.85,29.49,0.0,0.0,45.85,42.34,43.79,55.24
2017-07-28,0.0,18.47,74.38,1011.21,9.49,8.0,7.71,55.24,2.94,29.49,0.0,55.24,45.85,42.34,55.3
2017-07-29,0.0,16.41,84.55,1009.9,9.71,8.0,6.65,55.3,0.0,2.94,29.49,55.3,55.24,45.85,44.45
2017-07-30,7.48,17.71,78.62,1019.05,10.4,8.0,7.63,44.45,0.0,0.0,2.94,44.45,55.3,55.24,43.01
2017-07-31,0.0,15.35,77.55,997.5,7.36,8.0,5.78,43.01,7.48,0.0,0.0,43.01,44.45,55.3,46.23
2017-08-01,0.0,16.23,82.5,1005.15,8.01,8.0,7.26,46.23,0.0,7.48,0.0,46.23,43.01,44.45,41.53
2017-08-02,0.0,16.29,74.28,1007.28,14.82,8.0,7.21,41.53,0.0,0.0,7.48,41.53,46.23,43.01,35.29
2017-08-03,5.04,15.02,87.75,1013.64,17.03,8.0,7.55,35.29,0.0,0.0,0.0,35.29,41.53,46.23,34.26
2017-08-04,0.0,16.53,71.11,1013.78,15.57,8.0,6.07,34.26,5.04,0.0,0.0,34.26,35.29,41.53,28.52
2017-08-05,28.25,13.18,,1005.14,5.37,8.0,4.55,28.52,0.0,5.04,0.0,28.52,34.26,35.29,42.23
2017-08-06,0.0,15.91,86.37,1014.52,5.03,8.0,6.68,42.23,28.25,0.0,5.04,42.23,28.52,34.26,39.82
2017-08-07,28.76,16.51,66.54,1007.57,5.83,8.0,5.83,39.82,0.0,28.25,0.0,39.82,42.23,28.52,52.02
2017-08-08,0.0,16.67,73.63,1015.71,10.47,8.0,5.47,52.02,28.76,0.0,28.25,52.02,39.82,42.23,55.91
2017-08-09,6.92,16.8,83.87,1004.55,0.5,8.0,5.0,55.91,0.0,28.76,0.0,55.91,52.02,39.82,55.75
2017-08-10,22.13,17.34,83.82,1009.17,7.94,8.0,7.11,55.75,6.92,0.0,28.76,55.75,55.91,52.02,64.25
2017-08-11,7.97,18.79,74.36,1007.4,14.92,8.0,6.98,64.25,22.13,6.92,0.0,64.25,55.75,55.91,64.49
2017-08-12,38.58,19.87,70.26,1015.2,13.44,8.0,8.68,64.49,7.97,22.13,6.92,64.49,64.25,55.75,73.26
2017-08-13,0.0,16.15,81.93,1007.37,8.22,8.0,6.16,73.26,38.58,7.97,22.13,73.26,64.49,64.25,75.74
2017-08-14,5.28,14.87,83.35,1009.84,8.48,8.0,6.18,75.74,0.0,38.58,7.97,75.74,73.26,64.49,74.68
2017-08-15,0.0,15.37,66.75,1012.66,11.99,8.0,6.53,74.68,5.28,0.0,38.58,74.68,75.74,73.26,63.42
2017-08-16,0.0,16.85,66.31,1012.92,13.27,8.0,6.01,63.42,0.0,5.28,0.0,63.42,74.68,75.74,56.14
2017-08-17,0.0,17.29,76.14,1014.7,8.13,8.0,6.49,56.14,0.0,0.0,5.28,56.14,63.42,74.68,45.99
2017-08-18,1.86,16.35,78.79,1011.39,9.18,8.0,6.7,45.99,0.0,0.0,0.0,45.99,56.14,63.42,41.23
2017-08-19,0.0,15.14,72.12,1008.32,8.02,8.0,6.79,41.23,1.86,0.0,0.0,41.23,45.99,56.14,44.65
2017-08-20,65.75,17.34,78.79,1008.74,5.34,8.0,5.69,44.65,0.0,1.86,0.0,44.65,41.23,45.99,70.48
2017-08-21,0.0,19.04,68.88,1010.69,9.23,8.0,5.81,70.48,65.75,0.0,1.86,70.48,44.65,41.23,77.37
2017-08-22,0.0,20.18,58.87,1011.88,8.96,8.0,8.62,77.37,0.0,65.75,0.0,77.37,70.48,44.65,76.57
2017-08-23,0.0,17.4,70.52,1009.98,5.59,8.0,6.53,76.57,0.0,0.0,65.75,76.57,77.37,70.48,71.05
2017-08-24,0.0,17.87,73.75,1010.89,12.26,8.0,7.36,71.05,0.0,0.0,0.0,71.05,76.57,77.37,62.79
2017-08-25,0.0,16.7,71.19,1003.28,11.69,8.0,8.06,62.79,0.0,0.0,0.0,62.79,71.05,76.57,48.99
2017-08-26,21.37,19.04,64.82,1014.28,12.44,8.0,6.84,48.99,0.0,0.0,0.0,48.99,62.79,71.05,47.39
2017-08-27,32.63,17.11,60.03,1011.93,7.31,8.0,5.75,47.39,21.37,0.0,0.0,47.39,48.99,62.79,57.76
2017-08-28,0.0,20.78,68.95,1016.11,3.06,8.0,6.89,57.76,32.63,21.37,0.0,57.76,47.39,48.99,58.45
2017-08-29,0.0,14.99,78.65,1011.18,11.64,8.0,8.42,58.45,0.0,32.63,21.37,58.45,57.76,47.39,55.44
2017-08-30,0.0,18.67,80.96,1002.57,7.68,8.0,5.65,55.44,0.0,0.0,32.63,55.44,58.45,57.76,52.94
2017-08-31,10.51,20.43,80.29,1009.55,6.88,8.0,6.83,52.94,0.0,0.0,0.0,52.94,55.44,58.45,52.36
2017-09-01,0.0,20.25,66.07,1010.43,5.6,8.0,6.98,52.36,10.51,0.0,0.0,52.36,52.94,55.44,48.8
2017-09-02,0.0,26.64,63.51,1015.22,9.04,8.0,8.29,48.8,0.0,10.51,0.0,48.8,52.36,52.94,40.19
2017-09-03,8.74,20.9,74.86,1001.24,15.52,8.0,7.97,40.19,0.0,0.0,10.51,40.19,48.8,52.36,38.5
2017-09-04,17.29,17.63,75.63,1011.88,8.23,8.0,6.02,38.5,8.74,0.0,0.0,38.5,40.19,48.8,40.72
2017-09-05,0.0,20.02,73.79,1014.32,6.19,8.0,5.06,40.72,17.29,8.74,0.0,40.72,38.5,40.19,36.76
2017-09-06,0.0,15.93,56.69,1008.53,12.28,8.0,8.88,36.76,0.0,17.29,8.74,36.76,40.72,38.5,23.68
2017-09-07,0.0,20.29,64.52,1012.3,10.6,8.0,8.74,23.68,0.0,0.0,17.29,23.68,36.76,40.72,16.7
2017-09-08,0.0,18.53,70.18,1008.87,2.58,8.0,5.5,16.7,0.0,0.0,0.0,16.7,23.68,36.76,20.8
2017-09-09,43.15,23.02,73.59,1008.44,12.32,8.0,7.98,20.8,0.0,0.0,0.0,20.8,16.7,23.68,40.51
2017-09-10,0.0,19.47,75.35,1010.13,17.45,,7.85,40.51,43.15,0.0,0.0,40.51,20.8,16.7,41.29
2017-09-11,0.0,20.67,70.78,1008.71,0.9,8.0,5.76,41.29,0.0,43.15,0.0,41.29,40.51,20.8,39.82
2017-09-12,0.0,19.5,71.88,1015.76,5.68,8.0,6.47,39.82,0.0,0.0,43.15,39.82,41.29,40.51,43.84
2017-09-13,0.0,25.55,69.96,1008.76,0.5,8.0,5.51,43.84,0.0,0.0,0.0,43.84,39.82,41.29,46.86
2017-09-14,0.0,20.52,73.96,1008.0,9.74,8.0,7.24,46.86,0.0,0.0,0.0,46.86,43.84,39.82,41.99
2017-09-15,0.0,26.03,71.14,1021.44,13.47,8.0,8.57,41.99,0.0,0.0,0.0,41.99,46.86,43.84,39.47
2017-09-16,6.81,23.6,69.21,1017.49,10.37,8.0,6.44,39.47,0.0,0.0,0.0,39.47,41.99,46.86,38.63
2017-09-17,0.0,22.89,66.66,1003.47,14.87,8.0,7.79,38.63,6.81,0.0,0.0,38.63,39.47,41.99,34.26
2017-09-18,0.0,22.73,68.9,1009.04,12.91,8.0,6.92,34.26,0.0,6.81,0.0,34.26,38.63,39.47,31.93
2017-09-19,26.4,22.91,71.52,1014.16,15.96,8.0,7.67,31.93,0.0,0.0,6.81,31.93,34.26,38.63,41.39
2017-09-20,0.0,17.23,69.79,1014.65,14.06,8.0,7.41,41.39,26.4,0.0,0.0,41.39,31.93,34.26,45.39
2017-09-21,19.31,21.47,70.38,1005.67,8.59,8.0,7.12,45.39,0.0,26.4,0.0,45.39,41.39,31.93,52.37
2017-09-22,12.6,24.4,76.91,1019.0,10.23,8.0,7.67,52.37,19.31,0.0,26.4,52.37,45.39,41.39,56.34
2017-09-23,0.0,22.28,69.16,1017.42,6.96,8.0,8.77,56.34,12.6,19.31,0.0,56.34,52.37,45.39,49.99
2017-09-24,0.0,19.01,62.55,1015.79,9.19,8.0,7.36,49.99,0.0,12.6,19.31,49.99,56.34,52.37,42.61
2017-09-25,0.0,22.52,73.08,1020.25,10.22,8.0,7.91,42.61,0.0,0.0,12.6,42.61,49.99,56.34,31.16
2017-09-26,0.0,27.03,57.12,1015.81,9.7,8.0,8.19,31.16,0.0,0.0,0.0,31.16,42.61,49.99,28.87
2017-09-27,0.0,26.0,58.91,1015.88,14.7,8.0,7.57,28.87,0.0,0.0,0.0,28.87,31.16,42.61,23.31
2017-09-28,18.4,22.85,68.63,1021.51,8.84,8.0,7.36,23.31,0.0,0.0,0.0,23.31,28.87,31.16,27.54
2017-09-29,31.77,25.5,69.69,1019.31,6.74,8.0,7.43,27.54,18.4,0.0,0.0,27.54,23.31,28.87,41.51
2017-09-30,0.0,22.33,57.15,1009.68,6.96,8.0,7.76,41.51,31.77,18.4,0.0,41.51,27.54,23.31,46.15
2017-10-01,0.0,19.1,62.99,1017.14,12.29,8.0,6.7,46.15,0.0,31.77,18.4,46.15,41.51,27.54,37.76
2017-10-02,0.0,21.17,61.22,1010.74,5.09,8.0,6.29,37.76,0.0,0.0,31.77,37.76,46.15,41.51,34.58
2017-10-03,0.0,27.5,61.86,1016.66,9.3,8.0,7.2,34.58,0.0,0.0,0.0,34.58,37.76,46.15,28.8
2017-10-04,0.0,23.03,71.67,1016.61,14.65,8.0,7.8,28.8,0.0,0.0,0.0,28.8,34.58,37.76,28.42
2017-10-05,0.0,23.22,69.81,1007.39,11.02,8.0,7.58,28.42,0.0,0.0,0.0,28.42,28.8,34.58,23.89
2017-10-06,15.06,23.2,64.53,1013.78,9.74,8.0,6.69,23.89,0.0,0.0,0.0,23.89,28.42,28.8,25.21
2017-10-07,0.0,28.82,60.64,1015.8,9.87,8.0,8.97,25.21,15.06,0.0,0.0,25.21,23.89,28.42,28.81
2017-10-08,0.0,28.24,54.82,1012.37,6.4,8.0,6.96,28.81,0.0,15.06,0.0,28.81,25.21,23.89,23.46
2017-10-09,0.0,29.84,74.02,1016.21,7.0,8.0,8.47,23.46,0.0,0.0,15.06,23.46,28.81,25.21,18.36
2017-10-10,19.11,24.01,68.02,1018.75,9.32,8.0,7.3,18.36,0.0,0.0,0.0,18.36,23.46,28.81,20.94
2017-10-11,0.0,25.26,58.74,1014.64,10.95,8.0,7.71,20.94,19.11,0.0,0.0,20.94,18.36,23.46,20.59
2017-10-12,26.84,20.84,68.53,1016.0,13.32,8.0,8.59,20.59,0.0,19.11,0.0,20.59,20.94,18.36,37.57
2017-10-13,0.0,28.43,62.81,1021.87,10.32,8.0,8.84,37.57,26.84,0.0,19.11,37.57,20.59,20.94,33.85
2017-10-14,0.0,21.93,61.1,1017.4,14.73,8.0,8.65,33.85,0.0,26.84,0.0,33.85,37.57,20.59,32.12
2017-10-15,0.0,25.5,65.97,1016.12,15.62,8.0,7.41,32.12,0.0,0.0,26.84,32.12,33.85,37.57,30.97
2017-10-16,0.0,22.32,57.55,1010.4,12.78,8.0,9.04,30.97,0.0,0.0,0.0,30.97,32.12,33.85,26.47
2017-10-17,0.0,23.7,60.15,1018.62,14.29,8.0,9.6,26.47,0.0,0.0,0.0,26.47,30.97,32.12,24.66
2017-10-18,0.0,23.19,63.22,1017.0,6.53,8.0,6.98,24.66,0.0,0.0,0.0,24.66,26.47,30.97,19.84
2017-10-19,24.87,23.87,58.69,1021.84,5.98,8.0,6.43,19.84,0.0,0.0,0.0,19.84,24.66,26.47,27.53
2017-10-20,0.0,24.15,66.69,1015.73,11.81,8.0,7.1,27.53,24.87,0.0,0.0,27.53,19.84,24.66,28.3
2017-10-21,0.0,24.23,74.92,1006.49,5.31,8.0,6.82,28.3,0.0,24.87,0.0,28.3,27.53,19.84,27.24
2017-10-22,0.0,27.78,56.38,1007.14,8.98,8.0,7.22,27.24,0.0,0.0,24.87,27.24,28.3,27.53,27.8
2017-10-23,0.0,23.04,49.83,1019.39,12.7,8.0,7.99,27.8,0.0,0.0,0.0,27.8,27.24,28.3,22.34
2017-10-24,0.0,26.45,47.3,1012.94,14.95,8.0,8.44,22.34,0.0,0.0,0.0,22.34,27.8,27.24,20.6
2017-10-25,0.0,29.05,60.09,1018.04,9.11,8.0,7.16,20.6,0.0,0.0,0.0,20.6,22.34,27.8,21.08
2017-10-26,0.0,24.82,56.33,1016.5,7.73,8.0,7.04,21.08,0.0,0.0,0.0,21.08,20.6,22.34,20.48
2017-10-27,0.0,24.4,62.26,1015.16,11.12,8.0,8.08,20.48,0.0,0.0,0.0,20.48,21.08,20.6,17.08
2017-10-28,0.0,25.72,61.57,1015.58,6.24,8.0,6.7,17.08,0.0,0.0,0.0,17.08,20.48,21.08,19.68
2017-10-29,24.53,29.34,49.26,1011.81,9.39,8.0,8.08,19.68,0.0,0.0,0.0,19.68,17.08,20.48,27.75
2017-10-30,0.0,26.97,47.62,1016.12,9.97,8.0,8.91,27.75,24.53,0.0,0.0,27.75,19.68,17.08,32.18
2017-10-31,3.68,25.24,62.23,1013.34,9.9,8.0,7.32,32.18,0.0,24.53,0.0,32.18,27.75,19.68,30.93
2017-11-01,0.0,27.87,60.95,1014.47,10.31,8.0,7.54,30.93,3.68,0.0,24.53,30.93,32.18,27.75,29.72
2017-11-02,0.0,24.0,56.87,1014.78,7.08,8.0,7.49,29.72,0.0,3.68,0.0,29.72,30.93,32.18,28.95
2017-11-03,0.0,28.54,48.1,1015.32,7.46,8.0,8.92,28.95,0.0,0.0,3.68,28.95,29.72,30.93,22.44
2017-11-04,0.0,27.95,62.86,1021.13,7.39,8.0,8.19,22.44,0.0,0.0,0.0,22.44,28.95,29.72,24.2
2017-11-05,0.0,26.24,68.31,1015.93,4.33,8.0,6.63,24.2,0.0,0.0,0.0,24.2,22.44,28.95,25.13
2017-11-06,12.52,25.0,61.21,1021.76,11.2,8.0,7.56,25.13,0.0,0.0,0.0,25.13,24.2,22.44,25.48
2017-11-07,5.56,24.96,53.19,1024.39,13.13,8.0,8.03,25.48,12.52,0.0,0.0,25.48,25.13,24.2,22.31
2017-11-08,0.0,28.59,59.3,1021.03,12.79,8.0,8.48,22.31,5.56,12.52,0.0,22.31,25.48,25.13,21.27
2017-11-09,23.41,30.41,49.29,1019.48,9.08,8.0,10.43,21.27,0.0,5.56,12.52,21.27,22.31,25.48,28.33
2017-11-10,0.0,25.82,66.13,1018.5,7.16,8.0,7.66,28.33,23.41,0.0,5.56,28.33,21.27,22.31,27.43
2017-11-11,0.0,28.63,59.17,1021.25,12.61,8.0,10.17,27.43,0.0,23.41,0.0,27.43,28.33,21.27,24.94
2017-11-12,0.0,22.34,46.09,1017.42,12.24,8.0,8.72,24.94,0.0,0.0,23.41,24.94,27.43,28.33,24.85
2017-11-13,0.0,26.17,56.24,1021.95,10.76,8.0,6.19,24.85,0.0,0.0,0.0,24.85,24.94,27.43,27.35
2017-11-14,0.0,27.63,61.46,1020.15,16.11,8.0,8.74,27.35,0.0,0.0,0.0,27.35,24.85,24.94,26.55
2017-11-15,0.0,25.5,55.77,1015.32,9.91,8.0,7.95,26.55,0.0,0.0,0.0,26.55,27.35,24.85,27.69
2017-11-16,0.0,25.5,56.06,1021.65,9.1,8.0,8.02,27.69,0.0,0.0,0.0,27.69,26.55,27.35,24.34
2017-11-17,15.21,26.24,49.3,1017.68,8.6,8.0,7.98,24.34,0.0,0.0,0.0,24.34,27.69,26.55,22.3
2017-11-18,0.0,28.7,61.73,1016.73,4.54,8.0,6.15,22.3,15.21,0.0,0.0,22.3,24.34,27.69,20.37
2017-11-19,0.0,27.56,53.12,1014.93,12.31,8.0,7.2,20.37,0.0,15.21,0.0,20.37,22.3,24.34,16.96
2017-11-20,0.0,22.5,42.46,1018.18,9.63,8.0,7.67,16.96,0.0,0.0,15.21,16.96,20.37,22.3,18.37
2017-11-21,0.0,22.85,54.86,1022.38,11.78,8.0,7.68,18.37,0.0,0.0,0.0,18.37,16.96,20.37,8.81
2017-11-22,14.42,26.69,64.23,1021.88,16.45,8.0,10.1,8.81,0.0,0.0,0.0,8.81,18.37,16.96,14.18
2017-11-23,0.0,29.41,54.56,1019.24,8.63,8.0,8.26,14.18,14.42,0.0,0.0,14.18,8.81,18.37,14.38
2017-11-24,0.0,21.45,69.34,1020.51,1.82,8.0,6.9,14.38,0.0,14.42,0.0,14.38,14.18,8.81,15.65
2017-11-25,6.36,27.12,60.09,1023.91,11.68,8.0,8.95,15.65,0.0,0.0,14.42,15.65,14.38,14.18,12.89
2017-11-26,5.22,27.1,59.37,1016.83,10.58,8.0,8.21,12.89,6.36,0.0,0.0,12.89,15.65,14.38,18.68
2017-11-27,0.0,31.93,56.02,1012.04,7.44,8.0,9.23,18.68,5.22,6.36,0.0,18.68,12.89,15.65,18.17
2017-11-28,0.0,27.54,56.37,1024.15,11.39,8.0,8.08,18.17,0.0,5.22,6.36,18.17,18.68,12.89,12.42
2017-11-29,0.0,29.51,54.93,1015.03,12.75,8.0,8.84,12.42,0.0,0.0,5.22,12.42,18.17,18.68,7.05
2017-11-30,0.0,28.95,54.58,1014.26,6.69,8.0,7.97,7.05,0.0,0.0,0.0,7.05,12.42,18.17,5.0
2017-12-01,0.0,23.31,60.35,1008.76,8.95,8.0,6.93,5.0,0.0,0.0,0.0,5.0,7.05,12.42,6.27
2017-12-02,0.0,30.59,50.02,1020.62,15.17,8.0,8.46,6.27,0.0,0.0,0.0,6.27,5.0,7.05,5.0
2017-12-03,0.0,29.24,48.97,1009.68,7.47,8.0,7.06,5.0,0.0,0.0,0.0,5.0,6.27,5.0,6.09
2017-12-04,0.0,30.01,48.59,1014.06,10.23,8.0,7.75,6.09,0.0,0.0,0.0,6.09,5.0,6.27,5.0
2017-12-05,11.32,38.59,70.71,1020.78,0.81,8.0,7.9,5.0,0.0,0.0,0.0,5.0,6.09,5.0,13.0
2017-12-06,0.0,23.59,60.06,1021.47,4.81,8.0,7.26,13.0,11.32,0.0,0.0,13.0,5.0,6.09,11.65
2017-12-07,0.0,33.14,58.43,1014.62,10.55,8.0,7.93,11.65,0.0,11.32,0.0,11.65,13.0,5.0,10.6
2017-12-08,15.62,28.13,48.85,1017.22,14.3,8.0,9.04,10.6,0.0,0.0,11.32,10.6,11.65,13.0,18.64
2017-12-09,11.63,29.59,60.58,1013.55,5.23,8.0,7.53,18.64,15.62,0.0,0.0,18.64,10.6,11.65,21.01
2017-12-10,0.0,28.78,55.36,1015.19,10.26,8.0,9.17,21.01,11.63,15.62,0.0,21.01,18.64,10.6,19.09
2017-12-11,0.0,27.86,57.64,1019.27,8.68,8.0,7.67,19.09,0.0,11.63,15.62,19.09,21.01,18.64,13.85
2017-12-12,0.0,27.51,49.28,1015.45,13.34,8.0,10.05,13.85,0.0,0.0,11.63,13.85,19.09,21.01,13.99
2017-12-13,0.0,29.77,57.21,1016.74,5.74,8.0,8.46,13.99,0.0,0.0,0.0,13.99,13.85,19.09,6.77
2017-12-14,0.0,25.17,53.1,1010.65,11.51,8.0,7.96,6.77,0.0,0.0,0.0,6.77,13.99,13.85,6.95
2017-12-15,0.0,30.85,50.68,1023.65,7.71,8.0,7.86,6.95,0.0,0.0,0.0,6.95,6.77,13.99,5.0
2017-12-16,0.0,27.94,61.17,1020.54,10.78,8.0,9.09,5.0,0.0,0.0,0.0,5.0,6.95,6.77,5.0
2017-12-17,0.0,26.17,45.25,1021.96,10.24,8.0,7.92,5.0,0.0,0.0,0.0,5.0,5.0,6.95,5.0
2017-12-18,0.0,27.87,59.96,1024.45,9.12,8.0,8.16,5.0,0.0,0.0,0.0,5.0,5.0,5.0,5.0
2017-12-19,18.17,32.14,60.79,1013.87,11.67,8.0,8.57,5.0,0.0,0.0,0.0,5.0,5.0,5.0,8.7
2017-12-20,0.0,27.66,49.84,1016.21,10.15,,7.87,8.7,18.17,0.0,0.0,8.7,5.0,5.0,10.27
2017-12-21,0.0,29.89,50.26,1008.52,9.54,8.0,7.49,10.27,0.0,18.17,0.0,10.27,8.7,5.0,10.01
2017-12-22,0.0,27.17,54.45,1033.7,8.75,8.0,9.12,10.01,0.0,0.0,18.17,10.01,10.27,8.7,14.65
2017-12-23,0.0,30.89,57.99,1017.25,10.27,8.0,8.33,14.65,0.0,0.0,0.0,14.65,10.01,10.27,9.09
2017-12-24,0.0,30.7,54.96,1023.18,10.78,8.0,8.83,9.09,0.0,0.0,0.0,9.09,14.65,10.01,9.2
2017-12-25,41.76,33.59,59.08,1011.79,6.54,8.0,8.77,9.2,0.0,0.0,0.0,9.2,9.09,14.65,23.57
2017-12-26,0.0,28.52,68.41,1022.95,8.78,8.0,9.2,23.57,41.76,0.0,0.0,23.57,9.2,9.09,30.78
2017-12-27,0.0,30.62,52.53,1027.25,6.31,8.0,7.6,30.78,0.0,41.76,0.0,30.78,23.57,9.2,30.89
2017-12-28,0.0,29.18,44.11,1017.65,9.86,8.0,6.63,30.89,0.0,0.0,41.76,30.89,30.78,23.57,32.98
2017-12-29,0.0,32.15,61.93,1012.88,7.93,8.0,8.49,32.98,0.0,0.0,0.0,32.98,30.89,30.78,28.1
2017-12-30,7.16,27.1,67.96,1017.23,12.7,8.0,8.94,28.1,0.0,0.0,0.0,28.1,32.98,30.89,27.88
2017-12-31,8.33,30.74,58.97,1006.78,12.35,8.0,8.51,27.88,7.16,0.0,0.0,27.88,28.1,32.98,33.05
2018-01-01,0.0,28.36,48.65,1017.7,6.77,8.0,8.33,33.05,8.33,7.16,0.0,33.05,27.88,28.1,30.02
2018-01-02,0.0,28.66,55.45,1021.97,9.99,8.0,8.37,30.02,0.0,8.33,7.16,30.02,33.05,27.88,30.66
2018-01-03,0.0,29.02,48.53,1017.67,12.23,8.0,8.5,30.66,0.0,0.0,8.33,30.66,30.02,33.05,30.76
2018-01-04,0.0,29.39,60.91,1016.41,9.39,8.0,9.4,30.76,0.0,0.0,0.0,30.76,30.66,30.02,24.69
2018-01-05,0.0,28.44,47.01,1020.44,7.45,8.0,7.75,24.69,0.0,0.0,0.0,24.69,30.76,30.66,24.2
2018-01-06,0.0,29.23,54.43,1020.8,6.18,8.0,9.2,24.2,0.0,0.0,0.0,24.2,24.69,30.76,17.51
2018-01-07,0.0,32.6,49.56,1009.45,12.99,8.0,9.31,17.51,0.0,0.0,0.0,17.51,24.2,24.69,15.39
2018-01-08,0.0,31.08,57.54,1018.17,13.16,8.0,8.44,15.39,0.0,0.0,0.0,15.39,17.51,24.2,10.64
2018-01-09,0.0,30.75,54.16,1029.88,9.27,8.0,6.98,10.64,0.0,0.0,0.0,10.64,15.39,17.51,8.55
2018-01-10,54.46,27.4,58.03,1010.99,12.68,8.0,9.58,8.55,0.0,0.0,0.0,8.55,10.64,15.39,32.56
2018-01-11,0.0,26.27,57.03,1017.21,0.5,8.0,7.44,32.56,54.46,0.0,0.0,32.56,8.55,10.64,43.36
2018-01-12,23.21,30.83,50.05,1027.31,14.65,8.0,9.97,43.36,0.0,54.46,0.0,43.36,32.56,8.55,45.69
2018-01-13,0.0,30.59,61.42,1023.09,9.45,8.0,9.5,45.69,23.21,0.0,54.46,45.69,43.36,32.56,41.24
2018-01-14,0.0,32.03,56.78,1014.97,10.5,8.0,10.25,41.24,0.0,23.21,0.0,41.24,45.69,43.36,43.12
2018-01-15,0.0,26.79,50.29,1018.53,8.88,8.0,6.32,43.12,0.0,0.0,23.21,43.12,41.24,45.69,37.77
2018-01-16,13.99,27.67,72.99,1017.45,14.88,8.0,7.5,37.77,0.0,0.0,0.0,37.77,43.12,41.24,38.73
2018-01-17,0.0,24.09,60.73,1013.68,6.29,8.0,7.06,38.73,13.99,0.0,0.0,38.73,37.77,43.12,40.36
2018-01-18,0.0,27.15,56.42,1017.01,15.16,8.0,9.76,40.36,0.0,13.99,0.0,40.36,38.73,37.77,28.4
2018-01-19,9.89,30.56,67.5,1015.94,11.39,8.0,8.96,28.4,0.0,0.0,13.99,28.4,40.36,38.73,25.1
2018-01-20,0.0,26.84,70.59,1017.86,12.18,8.0,8.66,25.1,9.89,0.0,0.0,25.1,28.4,40.36,27.35
2018-01-21,0.0,29.55,56.79,1013.51,8.85,8.0,7.94,27.35,0.0,9.89,0.0,27.35,25.1,28.4,18.92
2018-01-22,0.0,27.41,60.35,1010.82,5.42,8.0,6.85,18.92,0.0,0.0,9.89,18.92,27.35,25.1,16.53
2018-01-23,45.9,28.63,51.11,1016.95,13.26,8.0,8.8,16.53,0.0,0.0,0.0,16.53,18.92,27.35,26.25
2018-01-24,0.0,24.88,57.12,1025.68,11.09,8.0,7.91,26.25,45.9,0.0,0.0,26.25,16.53,18.92,30.39
2018-01-25,0.0,27.89,56.87,1017.47,14.77,8.0,8.64,30.39,0.0,45.9,0.0,30.39,26.25,16.53,35.91
2018-01-26,0.0,20.13,59.68,1015.35,9.32,8.0,7.82,35.91,0.0,0.0,45.9,35.91,30.39,26.25,25.09
2018-01-27,0.0,27.07,60.84,1020.72,8.53,8.0,7.95,25.09,0.0,0.0,0.0,25.09,35.91,30.39,20.75
2018-01-28,0.0,23.38,62.56,1016.11,14.86,8.0,8.84,20.75,0.0,0.0,0.0,20.75,25.09,35.91,21.37
2018-01-29,0.0,30.4,60.44,1026.19,16.69,8.0,9.46,21.37,0.0,0.0,0.0,21.37,20.75,25.09,15.24
2018-01-30,12.45,29.25,50.43,1016.77,10.03,8.0,9.02,15.24,0.0,0.0,0.0,15.24,21.37,20.75,19.37
2018-01-31,0.0,28.39,52.47,1020.24,7.37,8.0,7.08,19.37,12.45,0.0,0.0,19.37,15.24,21.37,25.55
2018-02-01,0.0,30.95,55.35,1012.9,12.84,8.0,7.92,25.55,0.0,12.45,0.0,25.55,19.37,15.24,25.93
2018-02-02,4.96,24.69,57.35,1019.13,9.11,8.0,7.53,25.93,0.0,0.0,12.45,25.93,25.55,19.37,25.64
2018-02-03,0.0,31.35,66.82,1017.93,12.1,8.0,9.54,25.64,4.96,0.0,0.0,25.64,25.93,25.55,28.54
2018-02-04,0.0,29.22,51.47,1016.21,9.09,8.0,8.03,28.54,0.0,4.96,0.0,28.54,25.64,25.93,25.8
2018-02-05,30.74,26.22,57.26,1013.92,15.47,8.0,10.55,25.8,0.0,0.0,4.96,25.8,28.54,25.64,35.02
2018-02-06,0.0,29.56,66.58,1013.18,7.55,8.0,7.24,35.02,30.74,0.0,0.0,35.02,25.8,28.54,32.82
2018-02-07,0.0,23.86,57.97,1017.72,11.68,8.0,7.93,32.82,0.0,30.74,0.0,32.82,35.02,25.8,35.54
2018-02-08,0.0,24.48,63.44,1019.39,8.29,8.0,6.15,35.54,0.0,0.0,30.74,35.54,32.82,35.02,38.43
2018-02-09,0.0,24.92,59.4,1015.54,9.01,8.0,8.98,38.43,0.0,0.0,0.0,38.43,35.54,32.82,26.34
2018-02-10,0.0,25.03,62.34,1017.54,8.56,8.0,7.63,26.34,0.0,0.0,0.0,26.34,38.43,35.54,20.23
2018-02-11,18.25,23.62,59.1,1015.85,12.59,8.0,6.31,20.23,0.0,0.0,0.0,20.23,26.34,38.43,25.17
2018-02-12,55.32,29.22,65.54,1016.46,13.21,8.0,8.62,25.17,18.25,0.0,0.0,25.17,20.23,26.34,45.55
2018-02-13,0.0,25.42,50.22,1014.9,11.95,8.0,6.28,45.55,55.32,18.25,0.0,45.55,25.17,20.23,56.1
2018-02-14,0.0,26.85,58.66,1015.92,9.62,8.0,9.08,56.1,0.0,55.32,18.25,56.1,45.55,25.17,57.98
2018-02-15,28.15,24.44,63.45,1029.25,10.49,8.0,7.22,57.98,0.0,0.0,55.32,57.98,56.1,45.55,64.26
2018-02-16,0.0,21.21,65.28,1017.25,13.14,8.0,8.01,64.26,28.15,0.0,0.0,64.26,57.98,56.1,68.61
2018-02-17,0.0,26.34,72.17,1018.84,13.25,8.0,7.93,68.61,0.0,28.15,0.0,68.61,64.26,57.98,64.75
2018-02-18,0.0,20.78,59.16,1017.73,0.58,8.0,5.92,64.75,0.0,0.0,28.15,64.75,68.61,64.26,55.1
2018-02-19,0.0,25.28,72.43,1014.15,9.05,8.0,8.42,55.1,0.0,0.0,0.0,55.1,64.75,68.61,44.44
2018-02-20,0.0,21.93,57.65,1021.86,9.22,8.0,7.18,44.44,0.0,0.0,0.0,44.44,55.1,64.75,40.78
2018-02-21,0.0,30.21,71.74,1013.86,12.34,8.0,9.26,40.78,0.0,0.0,0.0,40.78,44.44,55.1,31.44
2018-02-22,0.0,27.41,68.35,1020.51,9.77,8.0,5.89,31.44,0.0,0.0,0.0,31.44,40.78,44.44,30.02
2018-02-23,0.0,25.29,56.42,1013.49,12.52,8.0,7.36,30.02,0.0,0.0,0.0,30.02,31.44,40.78,24.71
2018-02-24,0.0,28.08,65.15,1010.28,6.22,8.0,7.74,24.71,0.0,0.0,0.0,24.71,30.02,31.44,14.29
2018-02-25,17.99,22.69,62.83,1016.83,10.91,8.0,7.24,14.29,0.0,0.0,0.0,14.29,24.71,30.02,23.68
2018-02-26,11.7,26.06,67.75,1009.4,13.15,8.0,9.44,23.68,17.99,0.0,0.0,23.68,14.29,24.71,31.24
2018-02-27,4.48,25.09,62.0,1017.53,4.84,8.0,7.84,31.24,11.7,17.99,0.0,31.24,23.68,14.29,36.66
2018-02-28,1.79,25.13,61.61,1008.8,18.8,8.0,10.37,36.66,4.48,11.7,17.99,36.66,31.24,23.68,29.86
2018-03-01,0.0,27.54,73.54,1013.09,14.17,8.0,8.87,29.86,1.79,4.48,11.7,29.86,36.66,31.24,31.59
2018-03-02,0.0,26.08,63.46,1007.45,10.0,8.0,7.46,31.59,0.0,1.79,4.48,31.59,29.86,36.66,34.4
2018-03-03,0.0,24.85,70.13,1028.64,7.1,,7.94,34.4,0.0,0.0,1.79,34.4,31.59,29.86,26.86
2018-03-04,0.0,19.88,62.96,1006.17,9.39,8.0,6.44,26.86,0.0,0.0,0.0,26.86,34.4,31.59,25.0
2018-03-05,0.0,21.5,76.41,1014.41,10.29,8.0,7.29,25.0,0.0,0.0,0.0,25.0,26.86,34.4,20.63
2018-03-06,5.85,23.48,60.19,1019.99,11.54,8.0,8.34,20.63,0.0,0.0,0.0,20.63,25.0,26.86,19.17
2018-03-07,0.0,23.9,60.84,1019.37,15.25,8.0,8.05,19.17,5.85,0.0,0.0,19.17,20.63,25.0,19.0
2018-03-08,0.0,20.73,76.01,1018.37,8.33,8.0,9.06,19.0,0.0,5.85,0.0,19.0,19.17,20.63,15.36
2018-03-09,0.0,29.46,62.43,1012.44,11.97,8.0,9.3,15.36,0.0,0.0,5.85,15.36,19.0,19.17,12.47
2018-03-10,0.0,27.11,76.95,1020.7,5.48,8.0,6.68,12.47,0.0,0.0,0.0,12.47,15.36,19.0,17.7
2018-03-11,2.47,24.7,72.19,1018.42,8.55,8.0,8.41,17.7,0.0,0.0,0.0,17.7,12.47,15.36,12.1
2018-03-12,0.0,23.26,65.07,1014.83,11.32,8.0,9.24,12.1,2.47,0.0,0.0,12.1,17.7,12.47,12.33
2018-03-13,0.0,22.43,53.66,1014.89,12.42,8.0,6.86,12.33,0.0,2.47,0.0,12.33,12.1,17.7,19.19
2018-03-14,0.0,20.46,66.42,1012.08,7.36,8.0,8.05,19.19,0.0,0.0,2.47,19.19,12.33,12.1,17.06
2018-03-15,0.0,22.91,67.48,1008.97,8.46,8.0,6.44,17.06,0.0,0.0,0.0,17.06,19.19,12.33,17.53
2018-03-16,24.12,23.25,75.14,1019.62,15.11,8.0,8.44,17.53,0.0,0.0,0.0,17.53,17.06,19.19,22.9
2018-03-17,0.0,19.38,78.29,1019.9,14.07,8.0,7.99,22.9,24.12,0.0,0.0,22.9,17.53,17.06,21.92
2018-03-18,0.0,23.2,62.59,1008.84,10.73,8.0,7.32,21.92,0.0,24.12,0.0,21.92,22.9,17.53,17.49
2018-03-19,0.0,21.85,73.2,1012.4,2.17,8.0,5.83,17.49,0.0,0.0,24.12,17.49,21.92,22.9,15.72
2018-03-20,0.0,17.35,73.15,1012.37,18.79,8.0,7.68,15.72,0.0,0.0,0.0,15.72,17.49,21.92,20.24
2018-03-21,0.0,19.85,75.51,1012.84,9.93,8.0,6.86,20.24,0.0,0.0,0.0,20.24,15.72,17.49,20.04
2018-03-22,0.0,20.85,71.7,1013.24,8.91,8.0,6.48,20.04,0.0,0.0,0.0,20.04,20.24,15.72,18.23
2018-03-23,0.0,26.48,54.82,1017.56,8.17,8.0,8.75,18.23,0.0,0.0,0.0,18.23,20.04,20.24,14.45
2018-03-24,36.2,23.03,67.53,1009.01,11.32,8.0,6.72,14.45,0.0,0.0,0.0,14.45,18.23,20.04,26.2
2018-03-25,0.0,18.18,60.74,1008.42,11.35,8.0,8.84,26.2,36.2,0.0,0.0,26.2,14.45,18.23,27.37
2018-03-26,0.0,22.61,67.61,1018.75,13.33,8.0,8.04,27.37,0.0,36.2,0.0,27.37,26.2,14.45,25.93
2018-03-27,0.0,17.41,76.1,1010.17,6.76,8.0,4.87,25.93,0.0,0.0,36.2,25.93,27.37,26.2,24.59
2018-03-28,0.0,23.87,71.58,1006.08,8.91,8.0,8.22,24.59,0.0,0.0,0.0,24.59,25.93,27.37,30.15
2018-03-29,0.0,19.86,77.68,1009.89,17.11,8.0,8.05,30.15,0.0,0.0,0.0,30.15,24.59,25.93,29.56
2018-03-30,32.41,20.69,72.24,1010.58,10.79,8.0,6.58,29.56,0.0,0.0,0.0,29.56,30.15,24.59,37.82
2018-03-31,18.1,24.12,60.97,1019.92,9.4,8.0,7.48,37.82,32.41,0.0,0.0,37.82,29.56,30.15,44.68
2018-04-01,3.03,17.47,52.61,1016.68,6.7,8.0,6.04,44.68,18.1,32.41,0.0,44.68,37.82,29.56,45.18
2018-04-02,0.0,17.07,71.5,1017.71,11.77,8.0,8.32,45.18,3.03,18.1,32.41,45.18,44.68,37.82,50.55
2018-04-03,0.0,18.99,69.16,1015.99,13.61,8.0,7.16,50.55,0.0,3.03,18.1,50.55,45.18,44.68,48.04
2018-04-04,0.0,22.93,64.02,1016.54,13.06,8.0,7.1,48.04,0.0,0.0,3.03,48.04,50.55,45.18,43.72
2018-04-05,0.0,16.42,59.16,1008.28,9.09,8.0,6.31,43.72,0.0,0.0,0.0,43.72,48.04,50.55,42.48
2018-04-06,0.0,13.02,66.12,1010.65,11.26,8.0,6.0,42.48,0.0,0.0,0.0,42.48,43.72,48.04,39.86
2018-04-07,0.0,18.85,70.1,1006.61,15.85,8.0,8.96,39.86,0.0,0.0,0.0,39.86,42.48,43.72,27.48
2018-04-08,6.85,21.25,76.32,1010.42,13.75,8.0,8.18,27.48,0.0,0.0,0.0,27.48,39.86,42.48,23.43
2018-04-09,0.0,22.75,73.17,1014.82,7.26,8.0,6.05,23.43,6.85,0.0,0.0,23.43,27.48,39.86,26.03
2018-04-10,0.0,18.48,83.3,1011.99,1.09,8.0,4.93,26.03,0.0,6.85,0.0,26.03,23.43,27.48,31.35
2018-04-11,7.85,18.5,64.99,1017.79,11.04,8.0,7.01,31.35,0.0,0.0,6.85,31.35,26.03,23.43,35.58
2018-04-12,0.0,22.3,78.6,1005.45,12.79,8.0,6.5,35.58,7.85,0.0,0.0,35.58,31.35,26.03,32.73
2018-04-13,0.0,14.63,72.96,1013.57,6.19,8.0,5.29,32.73,0.0,7.85,0.0,32.73,35.58,31.35,31.58
2018-04-14,0.0,18.22,77.68,1004.75,9.97,8.0,7.37,31.58,0.0,0.0,7.85,31.58,32.73,35.58,24.49
2018-04-15,0.0,19.56,69.95,1011.39,9.08,8.0,8.61,24.49,0.0,0.0,0.0,24.49,31.58,32.73,23.08
2018-04-16,0.0,20.1,80.69,1014.54,10.37,8.0,5.89,23.08,0.0,0.0,0.0,23.08,24.49,31.58,21.24
2018-04-17,23.91,17.59,75.44,1009.69,8.09,8.0,8.95,21.24,0.0,0.0,0.0,21.24,23.08,24.49,28.77
2018-04-18,0.0,18.84,68.8,1013.44,14.52,8.0,8.21,28.77,23.91,0.0,0.0,28.77,21.24,23.08,32.49
2018-04-19,0.0,12.43,73.66,1005.81,10.52,8.0,5.67,32.49,0.0,23.91,0.0,32.49,28.77,21.24,32.04
2018-04-20,0.0,16.9,72.24,1002.21,6.92,8.0,7.76,32.04,0.0,0.0,23.91,32.04,32.49,28.77,18.27
2018-04-21,0.0,19.58,77.52,1013.24,13.21,8.0,8.08,18.27,0.0,0.0,0.0,18.27,32.04,32.49,13.98
2018-04-22,0.0,15.88,66.02,1019.1,5.58,8.0,6.93,13.98,0.0,0.0,0.0,13.98,18.27,32.04,9.95
2018-04-23,0.0,18.38,74.25,1005.33,14.5,8.0,8.49,9.95,0.0,0.0,0.0,9.95,13.98,18.27,8.24
2018-04-24,0.0,19.25,77.39,1016.35,13.47,8.0,8.61,8.24,0.0,0.0,0.0,8.24,9.95,13.98,8.35
2018-04-25,0.0,17.18,75.03,1010.39,14.86,8.0,6.74,8.35,0.0,0.0,0.0,8.35,8.24,9.95,8.83
2018-04-26,0.0,18.36,84.39,1003.42,9.45,8.0,7.66,8.83,0.0,0.0,0.0,8.83,8.35,8.24,7.04
2018-04-27,0.0,15.43,80.55,1004.37,8.26,,6.58,7.04,0.0,0.0,0.0,7.04,8.83,8.35,5.79
2018-04-28,0.0,17.23,75.25,1010.04,10.29,8.0,7.53,5.79,0.0,0.0,0.0,5.79,7.04,8.83,5.0
2018-04-29,7.35,19.17,76.98,1007.87,9.7,8.0,6.64,5.0,0.0,0.0,0.0,5.0,5.79,7.04,11.22
2018-04-30,0.0,17.95,77.69,1003.26,7.72,8.0,6.23,11.22,7.35,0.0,0.0,11.22,5.0,5.79,11.96
2018-05-01,0.0,16.0,78.6,1001.29,8.06,8.0,6.11,11.96,0.0,7.35,0.0,11.96,11.22,5.0,10.81
2018-05-02,0.0,17.93,63.16,1005.46,8.72,8.0,7.55,10.81,0.0,0.0,7.35,10.81,11.96,11.22,8.47
2018-05-03,13.48,19.07,73.98,1010.6,5.9,8.0,6.55,8.47,0.0,0.0,0.0,8.47,10.81,11.96,7.92
2018-05-04,0.0,12.07,65.85,1009.53,12.37,8.0,6.42,7.92,13.48,0.0,0.0,7.92,8.47,10.81,16.57
2018-05-05,0.0,20.0,85.34,1007.0,9.82,8.0,6.98,16.57,0.0,13.48,0.0,16.57,7.92,8.47,13.93
2018-05-06,0.0,16.18,76.11,1010.45,8.92,8.0,7.74,13.93,0.0,0.0,13.48,13.93,16.57,7.92,6.7
2018-05-07,0.0,18.0,75.33,1014.58,6.11,8.0,6.92,6.7,0.0,0.0,0.0,6.7,13.93,16.57,5.27
2018-05-08,0.0,19.85,83.1,1011.3,5.94,8.0,7.03,5.27,0.0,0.0,0.0,5.27,6.7,13.93,5.0
2018-05-09,76.95,13.34,79.92,1008.66,16.78,8.0,7.8,5.0,0.0,0.0,0.0,5.0,5.27,6.7,40.66
2018-05-10,0.0,14.92,69.19,1013.85,7.8,8.0,7.32,40.66,76.95,0.0,0.0,40.66,5.0,5.27,50.67
2018-05-11,43.56,15.9,76.73,1004.36,12.14,8.0,6.34,50.67,0.0,76.95,0.0,50.67,40.66,5.0,71.22
2018-05-12,8.43,14.58,75.01,1007.98,10.57,8.0,7.52,71.22,43.56,0.0,76.95,71.22,50.67,40.66,72.24
2018-05-13,3.92,20.8,65.28,1008.04,0.5,8.0,6.1,72.24,8.43,43.56,0.0,72.24,71.22,50.67,66.89
2018-05-14,0.0,14.25,72.78,1002.81,16.27,8.0,6.9,66.89,3.92,8.43,43.56,66.89,72.24,71.22,56.02
2018-05-15,13.3,14.93,76.45,1006.84,12.39,8.0,7.1,56.02,0.0,3.92,8.43,56.02,66.89,72.24,57.28
2018-05-16,61.65,16.76,77.05,998.52,7.31,8.0,6.34,57.28,13.3,0.0,3.92,57.28,56.02,66.89,80.56
2018-05-17,21.62,13.18,67.59,1018.41,9.9,8.0,6.87,80.56,61.65,13.3,0.0,80.56,57.28,56.02,97.28
2018-05-18,0.0,15.13,86.14,1004.11,5.98,8.0,6.85,97.28,21.62,61.65,13.3,97.28,80.56,57.28,96.73
2018-05-19,0.0,16.85,77.48,1016.68,16.39,8.0,7.02,96.73,0.0,21.62,61.65,96.73,97.28,80.56,93.0
2018-05-20,0.0,15.16,78.56,1008.9,6.82,8.0,7.67,93.0,0.0,0.0,21.62,93.0,96.73,97.28,78.61
2018-05-21,0.0,15.7,81.21,1011.49,8.17,8.0,5.2,78.61,0.0,0.0,0.0,78.61,93.0,96.73,67.65
2018-05-22,2.85,14.55,72.99,1006.18,7.45,8.0,5.76,67.65,0.0,0.0,0.0,67.65,78.61,93.0,60.36
2018-05-23,13.59,12.03,81.8,1009.62,10.28,8.0,8.03,60.36,2.85,0.0,0.0,60.36,67.65,78.61,58.99
2018-05-24,16.14,16.56,76.13,1011.79,14.8,8.0,6.47,58.99,13.59,2.85,0.0,58.99,60.36,67.65,58.86
2018-05-25,0.0,20.09,72.52,1011.83,16.26,8.0,7.81,58.86,16.14,13.59,2.85,58.86,58.99,60.36,53.18
2018-05-26,0.0,15.7,82.89,1012.34,8.6,8.0,5.98,53.18,0.0,16.14,13.59,53.18,58.86,58.99,40.51
2018-05-27,1.42,16.17,89.41,1006.59,11.32,8.0,5.09,40.51,0.0,0.0,16.14,40.51,53.18,58.86,41.73
2018-05-28,0.0,17.29,84.12,1005.99,10.29,8.0,6.94,41.73,1.42,0.0,0.0,41.73,40.51,53.18,37.07
2018-05-29,0.0,12.34,85.59,1000.39,6.56,8.0,6.27,37.07,0.0,1.42,0.0,37.07,41.73,40.51,31.52
2018-05-30,11.18,19.72,75.56,1010.95,18.48,8.0,8.92,31.52,0.0,0.0,1.42,31.52,37.07,41.73,29.66
2018-05-31,73.63,15.93,68.09,1013.71,14.77,8.0,7.15,29.66,11.18,0.0,0.0,29.66,31.52,37.07,59.58
2018-06-01,0.0,,89.77,1016.35,10.66,8.0,5.7,59.58,73.63,11.18,0.0,59.58,29.66,31.52,67.94
2018-06-02,8.98,13.51,93.79,1009.77,15.54,8.0,6.79,67.94,0.0,73.63,11.18,67.94,59.58,29.66,78.45
2018-06-03,30.24,19.85,90.27,1004.39,14.24,8.0,7.14,78.45,8.98,0.0,73.63,78.45,67.94,59.58,81.83
2018-06-04,0.0,17.21,77.18,999.71,10.29,8.0,7.25,81.83,30.24,8.98,0.0,81.83,78.45,67.94,78.04
2018-06-05,0.0,16.62,,1013.38,11.14,8.0,6.68,78.04,0.0,30.24,8.98,78.04,81.83,78.45,74.98
2018-06-06,0.0,15.8,72.18,999.17,15.29,8.0,7.98,74.98,0.0,0.0,30.24,74.98,78.04,81.83,68.3
2018-06-07,16.25,14.56,67.9,1006.43,6.69,8.0,4.71,68.3,0.0,0.0,0.0,68.3,74.98,78.04,62.71
2018-06-08,27.91,18.16,78.98,1006.99,15.86,8.0,8.47,62.71,16.25,0.0,0.0,62.71,68.3,74.98,72.02
2018-06-09,2.53,15.48,91.01,1007.75,9.21,8.0,7.02,72.02,27.91,16.25,0.0,72.02,62.71,68.3,76.21
2018-06-10,23.59,10.19,78.82,1008.26,15.34,8.0,6.12,76.21,2.53,27.91,16.25,76.21,72.02,62.71,85.88
2018-06-11,0.0,12.3,81.96,1008.75,9.98,8.0,5.84,85.88,23.59,2.53,27.91,85.88,76.21,72.02,76.29
2018-06-12,0.0,14.61,89.51,995.97,11.18,8.0,6.55,76.29,0.0,23.59,2.53,76.29,85.88,76.21,69.85
2018-06-13,26.46,15.83,77.08,1008.11,9.88,8.0,7.68,69.85,0.0,0.0,23.59,69.85,76.29,85.88,68.77
2018-06-14,35.99,14.9,94.18,996.88,8.14,8.0,6.13,68.77,26.46,0.0,0.0,68.77,69.85,76.29,83.94
2018-06-15,12.05,18.08,93.89,1011.68,9.05,8.0,7.12,83.94,35.99,26.46,0.0,83.94,68.77,69.85,89.84
2018-06-16,38.22,10.14,79.05,1005.24,14.83,8.0,6.92,89.84,12.05,35.99,26.46,89.84,83.94,68.77,106.05
2018-06-17,0.0,15.37,75.94,997.22,1.9,8.0,6.3,106.05,38.22,12.05,35.99,106.05,89.84,83.94,104.28
2018-06-18,6.87,10.46,84.87,1003.93,5.66,8.0,5.68,104.28,0.0,38.22,12.05,104.28,106.05,89.84,96.06
2018-06-19,16.32,16.9,77.56,1005.15,7.46,8.0,5.57,96.06,6.87,0.0,38.22,96.06,104.28,106.05,93.05
2018-06-20,15.7,14.76,71.9,1013.95,6.23,8.0,5.97,93.05,16.32,6.87,0.0,93.05,96.06,104.28,89.94
2018-06-21,0.0,16.05,88.97,1008.98,15.28,8.0,8.39,89.94,15.7,16.32,6.87,89.94,93.05,96.06,80.49
2018-06-22,0.0,12.84,88.51,1009.72,14.4,8.0,7.37,80.49,0.0,15.7,16.32,80.49,89.94,93.05,70.92
2018-06-23,29.52,18.21,81.08,1013.91,12.07,8.0,6.41,70.92,0.0,0.0,15.7,70.92,80.49,89.94,75.48
2018-06-24,0.0,17.62,71.14,1007.53,7.77,8.0,8.15,75.48,29.52,0.0,0.0,75.48,70.92,80.49,68.94
2018-06-25,10.66,16.48,71.35,1011.79,14.67,8.0,7.15,68.94,0.0,29.52,0.0,68.94,75.48,70.92,69.12
2018-06-26,0.0,14.71,80.69,1011.44,4.44,8.0,6.6,69.12,10.66,0.0,29.52,69.12,68.94,75.48,58.24
2018-06-27,0.0,16.5,76.42,1001.6,17.5,8.0,9.17,58.24,0.0,10.66,0.0,58.24,69.12,68.94,45.88
2018-06-28,0.0,13.29,77.51,1015.41,7.6,8.0,7.05,45.88,0.0,0.0,10.66,45.88,58.24,69.12,46.62
2018-06-29,0.0,17.22,87.02,1000.95,9.08,8.0,6.1,46.62,0.0,0.0,0.0,46.62,45.88,58.24,39.6
2018-06-30,0.0,19.22,84.97,1012.66,8.5,8.0,7.83,39.6,0.0,0.0,0.0,39.6,46.62,45.88,34.14
2018-07-01,0.0,17.79,89.44,1000.5,6.24,8.0,6.63,34.14,0.0,0.0,0.0,34.14,39.6,46.62,28.76
2018-07-02,0.0,13.32,72.82,1011.11,16.74,8.0,6.55,28.76,0.0,0.0,0.0,28.76,34.14,39.6,27.09
2018-07-03,0.0,16.07,77.31,1017.43,12.76,8.0,7.22,27.09,0.0,0.0,0.0,27.09,28.76,34.14,24.41
2018-07-04,0.0,11.96,84.98,1007.07,14.25,8.0,6.23,24.41,0.0,0.0,0.0,24.41,27.09,28.76,24.6
2018-07-05,33.77,16.65,82.76,1006.88,5.72,8.0,6.59,24.6,0.0,0.0,0.0,24.6,24.41,27.09,36.82
2018-07-06,22.48,16.38,90.29,1011.23,10.63,8.0,7.57,36.82,33.77,0.0,0.0,36.82,24.6,24.41,48.51
2018-07-07,14.77,10.61,82.45,1006.56,11.82,8.0,7.43,48.51,22.48,33.77,0.0,48.51,36.82,24.6,60.98
2018-07-08,0.0,12.42,92.39,1017.32,10.95,8.0,6.48,60.98,14.77,22.48,33.77,60.98,48.51,36.82,58.01
2018-07-09,0.0,14.65,83.17,1009.22,5.94,8.0,5.35,58.01,0.0,14.77,22.48,58.01,60.98,48.51,52.64
2018-07-10,29.42,14.65,86.75,1006.68,13.76,,6.28,52.64,0.0,0.0,14.77,52.64,58.01,60.98,57.79
2018-07-11,0.0,12.41,76.98,1005.61,10.43,8.0,7.08,57.79,29.42,0.0,0.0,57.79,52.64,58.01,61.53
2018-07-12,0.0,16.45,79.27,1003.68,6.66,8.0,7.19,61.53,0.0,29.42,0.0,61.53,57.79,52.64,58.85
2018-07-13,9.43,16.16,85.47,1005.24,3.51,8.0,6.31,58.85,0.0,0.0,29.42,58.85,61.53,57.79,55.98
2018-07-14,40.92,15.09,90.31,1006.66,12.12,8.0,6.34,55.98,9.43,0.0,0.0,55.98,58.85,61.53,60.72
2018-07-15,0.0,13.73,84.04,1006.01,18.58,8.0,7.36,60.72,40.92,9.43,0.0,60.72,55.98,58.85,64.0
2018-07-16,0.0,18.29,78.27,1005.19,6.45,8.0,6.13,64.0,0.0,40.92,9.43,64.0,60.72,55.98,63.69
2018-07-17,10.28,19.86,88.4,1019.01,10.6,8.0,6.13,63.69,0.0,0.0,40.92,63.69,64.0,60.72,63.57
2018-07-18,0.0,14.57,63.32,1003.41,13.89,8.0,7.77,63.57,10.28,0.0,0.0,63.57,63.69,64.0,57.29
2018-07-19,0.0,14.3,68.61,1009.33,5.56,8.0,5.95,57.29,0.0,10.28,0.0,57.29,63.57,63.69,53.93
2018-07-20,0.0,17.12,83.24,1011.6,8.32,8.0,7.86,53.93,0.0,0.0,10.28,53.93,57.29,63.57,49.05
2018-07-21,0.0,15.06,78.47,1011.83,6.99,8.0,5.53,49.05,0.0,0.0,0.0,49.05,53.93,57.29,36.06
2018-07-22,0.0,15.67,82.5,1008.43,13.45,8.0,7.21,36.06,0.0,0.0,0.0,36.06,49.05,53.93,35.66
2018-07-23,0.0,17.93,78.6,1007.57,14.64,8.0,6.78,35.66,0.0,0.0,0.0,35.66,36.06,49.05,30.81
2018-07-24,0.98,11.37,82.04,1011.07,10.56,8.0,6.12,30.81,0.0,0.0,0.0,30.81,35.66,36.06,28.35
2018-07-25,0.0,19.51,72.23,1010.2,7.05,8.0,7.47,28.35,0.98,0.0,0.0,28.35,30.81,35.66,22.97
2018-07-26,0.0,16.46,81.8,1007.62,8.45,8.0,6.71,22.97,0.0,0.98,0.0,22.97,28.35,30.81,22.77
2018-07-27,0.0,15.32,84.65,1001.15,7.79,8.0,5.66,22.77,0.0,0.0,0.98,22.77,22.97,28.35,21.31
2018-07-28,0.0,16.2,86.11,1006.67,6.58,8.0,5.14,21.31,0.0,0.0,0.0,21.31,22.77,22.97,12.91
2018-07-29,11.32,16.4,91.53,1003.33,9.64,8.0,6.52,12.91,0.0,0.0,0.0,12.91,21.31,22.77,13.72
2018-07-30,8.6,12.24,79.02,1005.78,12.01,8.0,6.92,13.72,11.32,0.0,0.0,13.72,12.91,21.31,22.91
2018-07-31,0.0,20.38,79.1,1009.34,11.72,8.0,8.26,22.91,8.6,11.32,0.0,22.91,13.72,12.91,26.03
2018-08-01,19.76,16.83,66.38,1011.03,9.97,8.0,6.42,26.03,0.0,8.6,11.32,26.03,22.91,13.72,31.08
2018-08-02,39.06,17.91,73.19,1018.19,10.2,8.0,6.52,31.08,19.76,0.0,8.6,31.08,26.03,22.91,46.6
2018-08-03,0.0,19.26,75.42,1006.66,9.71,8.0,8.9,46.6,39.06,19.76,0.0,46.6,31.08,26.03,48.09
2018-08-04,0.0,14.42,83.98,1013.28,5.46,8.0,5.97,48.09,0.0,39.06,19.76,48.09,46.6,31.08,44.09
2018-08-05,0.0,18.24,72.2,1011.0,10.56,8.0,7.99,44.09,0.0,0.0,39.06,44.09,48.09,46.6,39.51
2018-08-06,15.74,16.47,81.91,1016.01,7.96,8.0,5.58,39.51,0.0,0.0,0.0,39.51,44.09,48.09,47.12
2018-08-07,9.39,19.34,76.17,1012.47,5.28,8.0,6.8,47.12,15.74,0.0,0.0,47.12,39.51,44.09,47.45
2018-08-08,0.0,12.0,74.79,1004.61,11.3,8.0,7.23,47.45,9.39,15.74,0.0,47.45,47.12,39.51,45.63
2018-08-09,0.0,17.16,77.62,1001.1,7.86,8.0,6.72,45.63,0.0,9.39,15.74,45.63,47.45,47.12,38.73
2018-08-10,0.0,15.99,72.98,1011.34,10.8,8.0,5.62,38.73,0.0,0.0,9.39,38.73,45.63,47.45,33.75
2018-08-11,0.0,18.67,72.56,1007.21,12.97,8.0,6.91,33.75,0.0,0.0,0.0,33.75,38.73,45.63,30.9
2018-08-12,0.0,18.86,63.47,1005.02,6.67,8.0,7.05,30.9,0.0,0.0,0.0,30.9,33.75,38.73,33.83
2018-08-13,39.8,16.01,73.5,1003.65,10.32,8.0,5.66,33.83,0.0,0.0,0.0,33.83,30.9,33.75,50.6
2018-08-14,0.0,16.1,71.71,1010.86,3.66,8.0,7.99,50.6,39.8,0.0,0.0,50.6,33.83,30.9,56.59
2018-08-15,2.81,17.7,71.29,1017.66,15.36,8.0,8.81,56.59,0.0,39.8,0.0,56.59,50.6,33.83,54.17
2018-08-16,8.8,15.83,,1008.15,5.24,8.0,4.93,54.17,2.81,0.0,39.8,54.17,56.59,50.6,48.73
2018-08-17,0.0,20.28,79.17,1013.22,8.2,8.0,7.27,48.73,8.8,2.81,0.0,48.73,54.17,56.59,44.98
2018-08-18,0.54,17.35,76.01,1009.83,14.68,8.0,7.79,44.98,0.0,8.8,2.81,44.98,48.73,54.17,38.74
2018-08-19,0.0,11.11,81.18,1003.97,9.18,8.0,7.06,38.74,0.54,0.0,8.8,38.74,44.98,48.73,32.66
2018-08-20,1.18,17.54,78.06,1014.16,5.81,8.0,4.41,32.66,0.0,0.54,0.0,32.66,38.74,44.98,30.27
2018-08-21,0.0,15.99,71.79,1005.09,12.5,8.0,7.41,30.27,1.18,0.0,0.54,30.27,32.66,38.74,29.12
2018-08-22,0.0,14.61,,1010.74,12.42,8.0,6.16,29.12,0.0,1.18,0.0,29.12,30.27,32.66,29.98
2018-08-23,0.0,15.7,75.68,1009.0,7.78,8.0,6.87,29.98,0.0,0.0,1.18,29.98,29.12,30.27,28.18
2018-08-24,0.0,19.18,,1015.25,8.16,8.0,6.08,28.18,0.0,0.0,0.0,28.18,29.98,29.12,25.32
2018-08-25,0.0,22.33,82.9,1005.58,8.48,8.0,8.41,25.32,0.0,0.0,0.0,25.32,28.18,29.98,19.43
2018-08-26,0.0,19.91,81.27,1012.9,9.28,8.0,7.42,19.43,0.0,0.0,0.0,19.43,25.32,28.18,21.34
2018-08-27,0.0,17.72,68.95,1006.82,3.37,8.0,4.67,21.34,0.0,0.0,0.0,21.34,19.43,25.32,21.51
2018-08-28,0.0,20.48,71.84,1008.55,9.37,8.0,5.26,21.51,0.0,0.0,0.0,21.51,21.34,19.43,17.44
2018-08-29,0.0,18.31,77.06,993.01,16.24,8.0,8.46,17.44,0.0,0.0,0.0,17.44,21.51,21.34,18.32
2018-08-30,0.0,17.83,79.64,1021.72,6.86,8.0,6.04,18.32,0.0,0.0,0.0,18.32,17.44,21.51,16.51
2018-08-31,0.0,16.8,78.55,1014.1,7.96,8.0,7.11,16.51,0.0,0.0,0.0,16.51,18.32,17.44,18.5
2018-09-01,26.17,15.42,71.33,1007.59,5.86,8.0,5.69,18.5,0.0,0.0,0.0,18.5,16.51,18.32,26.44
2018-09-02,0.0,18.94,62.8,1005.88,12.14,8.0,8.55,26.44,26.17,0.0,0.0,26.44,18.5,16.51,27.79
2018-09-03,0.0,20.42,64.39,1009.11,14.21,8.0,8.86,27.79,0.0,26.17,0.0,27.79,26.44,18.5,22.05
2018-09-04,0.0,19.9,73.1,1015.26,14.13,8.0,8.29,22.05,0.0,0.0,26.17,22.05,27.79,26.44,17.79
2018-09-05,28.77,19.22,73.38,1002.29,5.63,8.0,5.87,17.79,0.0,0.0,0.0,17.79,22.05,27.79,33.57
2018-09-06,0.0,18.01,63.1,1011.13,11.75,8.0,6.96,33.57,28.77,0.0,0.0,33.57,17.79,22.05,44.63
2018-09-07,29.1,22.01,70.9,1020.78,15.02,8.0,8.11,44.63,0.0,28.77,0.0,44.63,33.57,17.79,56.51
2018-09-08,0.0,17.32,74.8,1006.34,11.78,8.0,6.46,56.51,29.1,0.0,28.77,56.51,44.63,33.57,53.83
2018-09-09,0.0,22.67,62.12,1012.49,11.67,8.0,8.46,53.83,0.0,29.1,0.0,53.83,56.51,44.63,49.9
2018-09-10,0.0,18.34,77.71,1023.19,8.35,8.0,6.62,49.9,0.0,0.0,29.1,49.9,53.83,56.51,43.75
2018-09-11,0.0,19.08,67.13,1015.42,10.77,8.0,7.23,43.75,0.0,0.0,0.0,43.75,49.9,53.83,37.34
2018-09-12,5.88,17.42,78.37,1012.98,14.33,8.0,7.26,37.34,0.0,0.0,0.0,37.34,43.75,49.9,38.1
2018-09-13,0.0,19.95,65.63,1014.96,11.15,8.0,7.52,38.1,5.88,0.0,0.0,38.1,37.34,43.75,29.89
2018-09-14,13.74,23.76,61.97,1010.51,5.63,8.0,7.29,29.89,0.0,5.88,0.0,29.89,38.1,37.34,32.89
2018-09-15,0.0,22.73,65.75,1019.1,8.4,8.0,6.99,32.89,13.74,0.0,5.88,32.89,29.89,38.1,38.1
2018-09-16,0.0,24.01,68.08,1010.69,14.23,8.0,8.25,38.1,0.0,13.74,0.0,38.1,32.89,29.89,38.84
2018-09-17,72.83,22.99,65.82,1002.98,11.14,8.0,7.5,38.84,0.0,0.0,13.74,38.84,38.1,32.89,71.93
2018-09-18,0.0,19.05,66.82,1010.9,10.42,8.0,6.95,71.93,72.83,0.0,0.0,71.93,38.84,38.1,77.41
2018-09-19,0.0,21.1,70.47,1008.11,8.06,8.0,7.19,77.41,0.0,72.83,0.0,77.41,71.93,38.84,74.62
2018-09-20,0.0,20.09,66.72,1011.63,14.16,,5.95,74.62,0.0,0.0,72.83,74.62,77.41,71.93,66.78
2018-09-21,0.0,25.49,67.25,1011.82,15.82,8.0,9.96,66.78,0.0,0.0,0.0,66.78,74.62,77.41,56.05
2018-09-22,0.0,19.29,55.55,1019.19,14.42,8.0,8.62,56.05,0.0,0.0,0.0,56.05,66.78,74.62,47.52
2018-09-23,1.47,24.64,70.05,1016.77,15.05,8.0,8.75,47.52,0.0,0.0,0.0,47.52,56.05,66.78,41.71
2018-09-24,19.89,24.76,66.47,1014.69,8.74,8.0,8.37,41.71,1.47,0.0,0.0,41.71,47.52,56.05,49.65
2018-09-25,0.0,27.22,78.16,1013.45,8.25,8.0,6.76,49.65,19.89,1.47,0.0,49.65,41.71,47.52,50.92
2018-09-26,0.0,21.74,60.11,1008.25,9.45,8.0,6.11,50.92,0.0,19.89,1.47,50.92,49.65,41.71,49.0
2018-09-27,22.68,24.67,53.82,1002.73,10.14,,6.45,49.0,0.0,0.0,19.89,49.0,50.92,49.65,53.01
2018-09-28,19.18,28.71,70.6,1014.28,15.01,8.0,9.4,53.01,22.68,0.0,0.0,53.01,49.0,50.92,65.05
2018-09-29,0.0,21.58,68.5,1017.78,14.08,8.0,8.26,65.05,19.18,22.68,0.0,65.05,53.01,49.0,65.35
2018-09-30,0.0,19.41,58.81,1013.35,11.88,8.0,7.91,65.35,0.0,19.18,22.68,65.35,65.05,53.01,56.6
2018-10-01,27.8,18.66,54.96,1011.3,4.99,8.0,7.28,56.6,0.0,0.0,19.18,56.6,65.35,65.05,62.1
2018-10-02,0.0,25.26,76.23,1016.38,4.09,8.0,5.11,62.1,27.8,0.0,0.0,62.1,56.6,65.35,56.89
2018-10-03,0.0,18.89,75.16,1013.72,10.84,8.0,6.37,56.89,0.0,27.8,0.0,56.89,62.1,56.6,51.59
2018-10-04,0.0,22.78,47.65,1022.65,13.08,8.0,7.71,51.59,0.0,0.0,27.8,51.59,56.89,62.1,50.24
2018-10-05,0.0,24.92,61.66,1020.47,9.72,8.0,8.42,50.24,0.0,0.0,0.0,50.24,51.59,56.89,45.3
2018-10-06,0.0,24.41,76.31,1019.19,16.7,8.0,8.93,45.3,0.0,0.0,0.0,45.3,50.24,51.59,40.27
2018-10-07,19.48,25.12,61.13,1018.26,6.21,8.0,9.5,40.27,0.0,0.0,0.0,40.27,45.3,50.24,44.55
2018-10-08,57.18,24.73,60.84,1008.1,5.77,8.0,6.41,44.55,19.48,0.0,0.0,44.55,40.27,45.3,66.86
2018-10-09,0.0,27.49,62.09,1017.95,7.68,8.0,8.28,66.86,57.18,19.48,0.0,66.86,44.55,40.27,64.98
2018-10-10,0.0,22.02,56.03,1016.6,7.54,8.0,8.03,64.98,0.0,57.18,19.48,64.98,66.86,44.55,66.65
2018-10-11,0.0,22.82,51.75,1017.83,11.84,8.0,9.2,66.65,0.0,0.0,57.18,66.65,64.98,66.86,61.01
2018-10-12,10.67,22.7,70.86,1017.34,8.52,8.0,7.26,61.01,0.0,0.0,0.0,61.01,66.65,64.98,58.81
2018-10-13,0.0,26.81,50.4,1017.22,4.58,8.0,6.34,58.81,10.67,0.0,0.0,58.81,61.01,66.65,51.3
2018-10-14,0.0,27.1,64.85,1028.54,13.12,8.0,9.15,51.3,0.0,10.67,0.0,51.3,58.81,61.01,52.45
2018-10-15,0.0,26.09,69.13,1014.73,3.84,8.0,7.33,52.45,0.0,0.0,10.67,52.45,51.3,58.81,44.39
2018-10-16,0.0,28.03,52.58,1019.87,6.25,8.0,8.22,44.39,0.0,0.0,0.0,44.39,52.45,51.3,35.99
2018-10-17,1.79,22.23,56.09,1012.91,4.32,8.0,7.89,35.99,0.0,0.0,0.0,35.99,44.39,52.45,32.78
2018-10-18,0.0,29.45,70.86,1019.3,10.72,8.0,8.3,32.78,1.79,0.0,0.0,32.78,35.99,44.39,31.25
2018-10-19,0.0,29.2,65.92,1020.12,10.65,8.0,7.65,31.25,0.0,1.79,0.0,31.25,32.78,35.99,29.04
2018-10-20,0.0,27.33,57.69,1017.32,16.71,8.0,9.68,29.04,0.0,0.0,1.79,29.04,31.25,32.78,27.33
2018-10-21,9.88,30.05,70.25,1023.92,13.2,8.0,9.18,27.33,0.0,0.0,0.0,27.33,29.04,31.25,31.86
2018-10-22,0.0,21.56,70.1,1011.22,15.05,8.0,8.02,31.86,9.88,0.0,0.0,31.86,27.33,29.04,31.05
2018-10-23,0.0,24.49,63.37,1013.28,11.01,8.0,7.22,31.05,0.0,9.88,0.0,31.05,31.86,27.33,33.23
2018-10-24,4.96,24.06,55.01,1016.85,6.58,8.0,7.63,33.23,0.0,0.0,9.88,33.23,31.05,31.86,33.09
2018-10-25,0.0,27.81,58.25,1020.26,10.45,8.0,9.02,33.09,4.96,0.0,0.0,33.09,33.23,31.05,29.56
2018-10-26,9.85,23.47,62.98,1016.83,12.07,8.0,6.81,29.56,0.0,4.96,0.0,29.56,33.09,33.23,29.21
2018-10-27,0.0,28.09,59.49,1022.43,12.46,8.0,8.7,29.21,9.85,0.0,4.96,29.21,29.56,33.09,32.24
2018-10-28,0.0,29.72,67.21,1012.76,8.35,8.0,8.66,32.24,0.0,9.85,0.0,32.24,29.21,29.56,31.39
2018-10-29,0.0,28.13,49.77,1010.43,11.71,8.0,10.04,31.39,0.0,0.0,9.85,31.39,32.24,29.21,26.18
2018-10-30,8.18,27.19,49.86,1017.74,6.73,8.0,7.81,26.18,0.0,0.0,0.0,26.18,31.39,32.24,24.75
2018-10-31,49.51,24.1,61.43,1015.88,6.35,8.0,8.54,24.75,8.18,0.0,0.0,24.75,26.18,31.39,40.64
2018-11-01,0.0,24.55,56.57,1019.04,6.09,8.0,8.0,40.64,49.51,8.18,0.0,40.64,24.75,26.18,52.6
2018-11-02,32.87,29.88,55.46,1016.26,10.09,8.0,9.21,52.6,0.0,49.51,8.18,52.6,40.64,24.75,67.24
2018-11-03,35.22,28.79,47.33,1014.76,5.88,8.0,7.17,67.24,32.87,0.0,49.51,67.24,52.6,40.64,85.32
2018-11-04,5.51,26.83,59.69,1016.14,8.51,8.0,9.91,85.32,35.22,32.87,0.0,85.32,67.24,52.6,95.59
2018-11-05,0.0,25.97,59.04,1016.72,13.16,8.0,8.59,95.59,5.51,35.22,32.87,95.59,85.32,67.24,95.92
2018-11-06,0.0,22.03,63.84,1015.11,6.4,8.0,7.23,95.92,0.0,5.51,35.22,95.92,95.59,85.32,83.67
2018-11-07,0.0,24.5,59.61,1015.68,8.23,8.0,7.65,83.67,0.0,0.0,5.51,83.67,95.92,95.59,83.81
2018-11-08,0.0,32.03,58.06,1014.74,10.25,8.0,9.76,83.81,0.0,0.0,0.0,83.81,83.67,95.92,75.76
2018-11-09,0.0,24.13,67.09,1021.09,10.86,8.0,9.52,75.76,0.0,0.0,0.0,75.76,83.81,83.67,62.63
2018-11-10,0.0,27.89,49.54,1017.84,8.25,8.0,8.59,62.63,0.0,0.0,0.0,62.63,75.76,83.81,55.73
2018-11-11,4.14,30.01,62.35,1028.2,12.75,8.0,8.6,55.73,0.0,0.0,0.0,55.73,62.63,75.76,50.69
2018-11-12,0.0,24.42,46.77,1017.78,12.07,8.0,9.62,50.69,4.14,0.0,0.0,50.69,55.73,62.63,46.97
2018-11-13,15.24,28.1,52.47,1014.27,13.99,8.0,7.92,46.97,0.0,4.14,0.0,46.97,50.69,55.73,49.01
2018-11-14,0.0,30.05,49.73,1030.43,9.71,8.0,7.96,49.01,15.24,0.0,4.14,49.01,46.97,50.69,47.89
2018-11-15,8.76,27.8,63.58,1019.19,8.21,8.0,6.86,47.89,0.0,15.24,0.0,47.89,49.01,46.97,44.95
2018-11-16,0.0,35.01,57.53,1022.12,7.61,8.0,8.41,44.95,8.76,0.0,15.24,44.95,47.89,49.01,41.46
2018-11-17,0.0,23.73,57.78,1020.18,11.07,8.0,8.79,41.46,0.0,8.76,0.0,41.46,44.95,47.89,36.09
2018-11-18,0.0,30.62,50.02,1020.38,8.68,8.0,8.24,36.09,0.0,0.0,8.76,36.09,41.46,44.95,31.92
2018-11-19,0.0,27.6,55.56,1019.99,8.01,8.0,8.01,31.92,0.0,0.0,0.0,31.92,36.09,41.46,27.28
2018-11-20,0.0,30.02,52.21,1011.84,8.43,8.0,8.6,27.28,0.0,0.0,0.0,27.28,31.92,36.09,22.1
2018-11-21,0.0,29.25,60.14,1019.23,7.61,8.0,7.88,22.1,0.0,0.0,0.0,22.1,27.28,31.92,21.7
2018-11-22,0.0,26.37,50.42,1010.81,10.7,8.0,7.36,21.7,0.0,0.0,0.0,21.7,22.1,27.28,20.77
2018-11-23,0.0,28.83,66.57,1016.6,5.06,8.0,6.27,20.77,0.0,0.0,0.0,20.77,21.7,22.1,19.41
2018-11-24,24.28,23.67,45.45,1013.88,11.06,8.0,9.08,19.41,0.0,0.0,0.0,19.41,20.77,21.7,25.77
2018-11-25,0.0,29.87,51.44,1019.33,12.37,8.0,8.38,25.77,24.28,0.0,0.0,25.77,19.41,20.77,29.11
2018-11-26,0.0,29.16,68.74,1019.25,7.97,8.0,7.51,29.11,0.0,24.28,0.0,29.11,25.77,19.41,28.03
2018-11-27,0.0,30.06,53.88,1020.02,16.73,8.0,8.35,28.03,0.0,0.0,24.28,28.03,29.11,25.77,22.74
2018-11-28,0.0,31.15,,1019.08,10.06,8.0,8.59,22.74,0.0,0.0,0.0,22.74,28.03,29.11,22.94
2018-11-29,0.0,29.47,58.3,1014.65,4.54,8.0,8.06,22.94,0.0,0.0,0.0,22.94,22.74,28.03,22.63
2018-11-30,0.0,28.96,53.37,1016.4,9.02,8.0,7.98,22.63,0.0,0.0,0.0,22.63,22.94,22.74,9.02
2018-12-01,0.0,26.43,50.78,1022.34,10.22,8.0,8.47,9.02,0.0,0.0,0.0,9.02,22.63,22.94,5.0
2018-12-02,0.0,26.89,48.9,1023.1,11.57,8.0,6.87,5.0,0.0,0.0,0.0,5.0,9.02,22.63,9.71
2018-12-03,0.0,31.67,75.88,1012.06,9.1,8.0,8.61,9.71,0.0,0.0,0.0,9.71,5.0,9.02,5.0
2018-12-04,0.0,32.33,54.69,1010.16,6.46,8.0,7.92,5.0,0.0,0.0,0.0,5.0,9.71,5.0,5.0
2018-12-05,0.0,28.17,42.92,1014.2,6.17,8.0,6.66,5.0,0.0,0.0,0.0,5.0,5.0,9.71,5.0
2018-12-06,0.0,28.91,66.8,1023.08,7.71,8.0,6.71,5.0,0.0,0.0,0.0,5.0,5.0,5.0,5.0
2018-12-07,0.0,26.57,60.57,1023.95,8.05,8.0,7.14,5.0,0.0,0.0,0.0,5.0,5.0,5.0,5.0
2018-12-08,0.0,31.78,50.89,1013.27,6.03,8.0,7.17,5.0,0.0,0.0,0.0,5.0,5.0,5.0,5.0
2018-12-09,0.0,30.54,49.68,1019.45,7.44,8.0,8.5,5.0,0.0,0.0,0.0,5.0,5.0,5.0,5.0
2018-12-10,0.0,33.75,60.89,1027.1,12.31,8.0,9.6,5.0,0.0,0.0,0.0,5.0,5.0,5.0,9.83
2018-12-11,0.0,26.72,54.41,1020.02,15.77,8.0,9.17,9.83,0.0,0.0,0.0,9.83,5.0,5.0,5.0
2018-12-12,0.0,27.99,42.63,1025.06,12.64,8.0,9.06,5.0,0.0,0.0,0.0,5.0,9.83,5.0,9.87
2018-12-13,6.75,29.53,68.6,1022.96,14.57,8.0,7.83,9.87,0.0,0.0,0.0,9.87,5.0,9.83,10.09
2018-12-14,0.0,30.58,53.02,1013.42,13.41,8.0,9.52,10.09,6.75,0.0,0.0,10.09,9.87,5.0,15.92
2018-12-15,0.0,28.44,66.51,1017.03,12.92,8.0,9.27,15.92,0.0,6.75,0.0,15.92,10.09,9.87,16.66
2018-12-16,2.12,26.8,64.98,1018.16,8.82,8.0,8.17,16.66,0.0,0.0,6.75,16.66,15.92,10.09,13.46
2018-12-17,0.0,31.19,49.01,1018.51,10.49,8.0,8.68,13.46,2.12,0.0,0.0,13.46,16.66,15.92,13.85
2018-12-18,0.0,30.8,63.24,1022.58,8.53,8.0,7.76,13.85,0.0,2.12,0.0,13.85,13.46,16.66,16.46
2018-12-19,0.0,26.71,51.44,1020.04,9.23,8.0,8.34,16.46,0.0,0.0,2.12,16.46,13.85,13.46,9.2
2018-12-20,0.0,32.39,42.93,1003.32,10.24,8.0,8.58,9.2,0.0,0.0,0.0,9.2,16.46,13.85,7.74
2018-12-21,3.69,31.92,53.03,1011.43,12.5,8.0,9.86,7.74,0.0,0.0,0.0,7.74,9.2,16.46,11.29
2018-12-22,33.37,29.33,58.79,1007.06,11.48,8.0,8.88,11.29,3.69,0.0,0.0,11.29,7.74,9.2,23.06
2018-12-23,0.0,29.19,52.78,1018.87,9.43,8.0,8.23,23.06,33.37,3.69,0.0,23.06,11.29,7.74,22.38
2018-12-24,15.53,30.37,53.88,1019.19,10.19,8.0,8.33,22.38,0.0,33.37,3.69,22.38,23.06,11.29,36.86
2018-12-25,27.99,26.82,64.05,1019.4,11.52,,8.23,36.86,15.53,0.0,33.37,36.86,22.38,23.06,40.79
2018-12-26,0.0,29.04,56.81,1013.18,12.34,8.0,8.64,40.79,27.99,15.53,0.0,40.79,36.86,22.38,41.85
2018-12-27,0.0,23.57,50.19,1021.33,4.68,8.0,6.98,41.85,0.0,27.99,15.53,41.85,40.79,36.86,39.94
2018-12-28,0.0,31.12,61.03,1021.53,6.23,8.0,7.02,39.94,0.0,0.0,27.99,39.94,41.85,40.79,41.86
2018-12-29,3.37,25.01,57.53,1011.66,13.88,8.0,8.74,41.86,0.0,0.0,0.0,41.86,39.94,41.85,30.47
2018-12-30,0.0,32.65,38.53,1010.6,9.79,8.0,9.0,30.47,3.37,0.0,0.0,30.47,41.86,39.94,26.67
2018-12-31,0.0,28.05,59.22,1017.91,8.52,8.0,7.12,26.67,0.0,3.37,0.0,26.67,30.47,41.86,21.33
2019-01-01,0.0,28.31,59.01,1026.85,9.08,8.0,8.37,21.33,0.0,0.0,3.37,21.33,26.67,30.47,16.19
2019-01-02,0.0,27.25,56.45,1026.37,9.08,8.0,8.07,16.19,0.0,0.0,0.0,16.19,21.33,26.67,19.5
2019-01-03,0.0,28.07,62.6,1020.67,11.95,8.0,7.9,19.5,0.0,0.0,0.0,19.5,16.19,21.33,13.45
2019-01-04,0.0,32.3,51.71,1014.18,6.12,8.0,8.7,13.45,0.0,0.0,0.0,13.45,19.5,16.19,6.7
2019-01-05,0.0,22.51,58.82,1022.24,10.09,8.0,8.77,6.7,0.0,0.0,0.0,6.7,13.45,19.5,5.0
2019-01-06,0.0,31.88,45.56,1015.52,10.86,8.0,8.45,5.0,0.0,0.0,0.0,5.0,6.7,13.45,5.0
2019-01-07,0.0,29.5,59.44,1013.92,11.39,8.0,8.74,5.0,0.0,0.0,0.0,5.0,5.0,6.7,5.0
2019-01-08,0.0,25.6,70.33,1007.01,10.78,8.0,9.08,5.0,0.0,0.0,0.0,5.0,5.0,5.0,5.0
2019-01-09,0.0,25.89,49.76,1018.21,11.81,8.0,6.62,5.0,0.0,0.0,0.0,5.0,5.0,5.0,5.0
2019-01-10,0.0,32.73,51.48,1014.52,8.0,8.0,10.06,5.0,0.0,0.0,0.0,5.0,5.0,5.0,8.6
2019-01-11,18.9,26.13,51.9,1018.12,6.7,8.0,7.68,8.6,0.0,0.0,0.0,8.6,5.0,5.0,8.5
2019-01-12,0.0,25.56,57.86,1006.11,18.6,8.0,9.92,8.5,18.9,0.0,0.0,8.5,8.6,5.0,15.44
2019-01-13,14.98,31.24,49.59,1018.42,8.95,8.0,7.17,15.44,0.0,18.9,0.0,15.44,8.5,8.6,16.62
2019-01-14,0.0,29.19,60.07,1005.38,9.35,8.0,7.22,16.62,14.98,0.0,18.9,16.62,15.44,8.5,20.96
2019-01-15,0.0,25.95,63.14,1022.94,12.37,8.0,7.62,20.96,0.0,14.98,0.0,20.96,16.62,15.44,22.99
2019-01-16,86.74,28.78,61.04,1020.07,15.59,8.0,8.35,22.99,0.0,0.0,14.98,22.99,20.96,16.62,58.49
2019-01-17,0.0,25.62,45.02,1016.03,8.09,8.0,5.94,58.49,86.74,0.0,0.0,58.49,22.99,20.96,68.44
2019-01-18,3.75,30.88,64.46,1020.19,6.5,8.0,7.1,68.44,0.0,86.74,0.0,68.44,58.49,22.99,70.12
2019-01-19,0.0,30.72,64.16,1012.45,5.65,8.0,7.24,70.12,3.75,0.0,86.74,70.12,68.44,58.49,62.55
2019-01-20,0.0,29.34,63.51,1017.65,15.58,8.0,8.1,62.55,0.0,3.75,0.0,62.55,70.12,68.44,59.0
2019-01-21,0.0,28.85,60.42,1021.22,6.37,8.0,9.02,59.0,0.0,0.0,3.75,59.0,62.55,70.12,50.42
2019-01-22,0.0,32.28,59.46,1001.73,9.9,8.0,9.25,50.42,0.0,0.0,0.0,50.42,59.0,62.55,41.85
2019-01-23,0.0,27.81,65.26,1014.92,6.58,8.0,7.13,41.85,0.0,0.0,0.0,41.85,50.42,59.0,36.4
2019-01-24,50.44,24.79,71.61,1016.99,4.93,8.0,7.57,36.4,0.0,0.0,0.0,36.4,41.85,50.42,52.3
2019-01-25,0.0,28.8,51.59,1016.07,8.98,8.0,8.53,52.3,50.44,0.0,0.0,52.3,36.4,41.85,55.16
2019-01-26,0.0,32.82,65.94,1024.29,6.72,8.0,6.91,55.16,0.0,50.44,0.0,55.16,52.3,36.4,59.61
2019-01-27,0.0,25.0,57.91,1011.33,7.58,8.0,7.94,59.61,0.0,0.0,50.44,59.61,55.16,52.3,49.75
2019-01-28,0.0,26.56,57.73,1013.79,17.02,8.0,8.85,49.75,0.0,0.0,0.0,49.75,59.61,55.16,48.04
2019-01-29,0.0,28.42,48.02,1007.27,11.49,8.0,9.16,48.04,0.0,0.0,0.0,48.04,49.75,59.61,45.17
2019-01-30,23.78,27.17,56.91,1024.34,13.26,8.0,7.83,45.17,0.0,0.0,0.0,45.17,48.04,49.75,44.47
2019-01-31,0.0,24.77,52.06,1015.5,12.89,8.0,8.83,44.47,23.78,0.0,0.0,44.47,45.17,48.04,41.4
2019-02-01,40.03,29.95,55.93,1014.48,9.65,8.0,9.3,41.4,0.0,23.78,0.0,41.4,44.47,45.17,55.42
2019-02-02,0.0,32.86,51.63,1016.35,8.46,8.0,8.94,55.42,40.03,0.0,23.78,55.42,41.4,44.47,55.78
2019-02-03,0.0,27.47,56.32,1019.74,10.87,8.0,6.94,55.78,0.0,40.03,0.0,55.78,55.42,41.4,51.78
2019-02-04,0.0,24.63,56.77,1018.23,10.59,8.0,9.98,51.78,0.0,0.0,40.03,51.78,55.78,55.42,49.11
2019-02-05,13.14,22.93,60.44,1029.67,8.01,8.0,7.9,49.11,0.0,0.0,0.0,49.11,51.78,55.78,49.45
2019-02-06,0.0,27.36,48.61,1018.64,10.45,8.0,8.14,49.45,13.14,0.0,0.0,49.45,49.11,51.78,46.16
2019-02-07,10.56,29.39,49.95,1013.98,7.53,8.0,8.61,46.16,0.0,13.14,0.0,46.16,49.45,49.11,50.73
2019-02-08,0.0,27.73,62.75,1013.43,9.4,8.0,9.84,50.73,10.56,0.0,13.14,50.73,46.16,49.45,43.94
2019-02-09,0.0,26.44,54.8,1014.21,8.83,8.0,6.83,43.94,0.0,10.56,0.0,43.94,50.73,46.16,37.77
2019-02-10,31.09,24.88,68.06,1008.6,5.56,8.0,8.1,37.77,0.0,0.0,10.56,37.77,43.94,50.73,44.93
2019-02-11,16.08,23.53,62.28,1016.24,1.77,8.0,6.41,44.93,31.09,0.0,0.0,44.93,37.77,43.94,47.63
2019-02-12,10.88,28.25,65.11,1019.89,6.71,8.0,7.53,47.63,16.08,31.09,0.0,47.63,44.93,37.77,53.03
2019-02-13,0.0,28.35,70.91,1012.84,16.31,8.0,9.0,53.03,10.88,16.08,31.09,53.03,47.63,44.93,52.62
2019-02-14,0.0,22.1,59.04,1011.79,8.92,8.0,5.8,52.62,0.0,10.88,16.08,52.62,53.03,47.63,43.18
2019-02-15,0.0,29.84,57.35,1023.34,12.72,8.0,9.29,43.18,0.0,0.0,10.88,43.18,52.62,53.03,33.84
2019-02-16,0.0,27.2,67.65,1008.56,2.56,8.0,5.1,33.84,0.0,0.0,0.0,33.84,43.18,52.62,29.71
2019-02-17,0.0,29.16,65.29,1005.28,6.47,8.0,7.43,29.71,0.0,0.0,0.0,29.71,33.84,43.18,26.92
2019-02-18,10.96,22.2,60.59,1009.78,5.26,8.0,6.53,26.92,0.0,0.0,0.0,26.92,29.71,33.84,27.43
2019-02-19,8.62,22.04,71.82,1007.77,9.29,8.0,7.15,27.43,10.96,0.0,0.0,27.43,26.92,29.71,28.57
2019-02-20,0.0,24.98,60.77,1017.32,18.48,8.0,7.49,28.57,8.62,10.96,0.0,28.57,27.43,26.92,32.9
2019-02-21,10.35,26.5,62.67,1013.51,11.61,8.0,9.06,32.9,0.0,8.62,10.96,32.9,28.57,27.43,32.15
2019-02-22,0.0,29.63,62.77,1014.14,15.93,8.0,7.86,32.15,10.35,0.0,8.62,32.15,32.9,28.57,35.2
2019-02-23,13.73,26.79,56.27,1020.93,9.11,8.0,7.29,35.2,0.0,10.35,0.0,35.2,32.15,32.9,35.83
2019-02-24,0.0,24.31,63.54,1011.63,14.78,8.0,8.14,35.83,13.73,0.0,10.35,35.83,35.2,32.15,36.09
2019-02-25,0.0,22.24,72.96,1018.88,17.26,8.0,8.42,36.09,0.0,13.73,0.0,36.09,35.83,35.2,31.35
2019-02-26,0.0,27.77,66.49,1022.48,9.62,8.0,8.47,31.35,0.0,0.0,13.73,31.35,36.09,35.83,25.81
2019-02-27,0.0,22.17,63.78,1012.57,8.11,8.0,7.35,25.81,0.0,0.0,0.0,25.81,31.35,36.09,20.49
2019-02-28,0.0,28.55,62.63,1018.45,5.39,8.0,9.18,20.49,0.0,0.0,0.0,20.49,25.81,31.35,20.23
2019-03-01,0.0,23.65,66.27,1013.48,8.92,8.0,7.89,20.23,0.0,0.0,0.0,20.23,20.49,25.81,23.5
2019-03-02,5.32,28.22,69.4,1019.23,10.29,8.0,8.52,23.5,0.0,0.0,0.0,23.5,20.23,20.49,22.95
2019-03-03,0.0,25.83,68.61,1006.67,17.11,8.0,8.6,22.95,5.32,0.0,0.0,22.95,23.5,20.23,17.51
2019-03-04,0.0,23.68,62.22,1006.21,5.47,8.0,7.36,17.51,0.0,5.32,0.0,17.51,22.95,23.5,18.25
2019-03-05,0.0,22.6,67.01,1012.4,10.21,8.0,7.29,18.25,0.0,0.0,5.32,18.25,17.51,22.95,21.22
2019-03-06,0.0,22.93,68.3,1009.83,3.65,8.0,6.35,21.22,0.0,0.0,0.0,21.22,18.25,17.51,21.73
2019-03-07,0.0,24.74,58.09,1011.61,8.51,8.0,10.24,21.73,0.0,0.0,0.0,21.73,21.22,18.25,14.28
2019-03-08,0.0,23.75,66.52,1013.01,11.09,8.0,9.18,14.28,0.0,0.0,0.0,14.28,21.73,21.22,10.43
2019-03-09,0.0,21.95,50.41,1017.62,11.79,8.0,7.24,10.43,0.0,0.0,0.0,10.43,14.28,21.73,6.33
2019-03-10,0.0,22.9,69.12,1011.9,12.06,8.0,8.5,6.33,0.0,0.0,0.0,6.33,10.43,14.28,5.78
2019-03-11,0.0,23.39,70.57,1009.74,11.39,8.0,8.15,5.78,0.0,0.0,0.0,5.78,6.33,10.43,7.09
2019-03-12,0.0,17.76,71.38,1012.01,12.03,8.0,6.87,7.09,0.0,0.0,0.0,7.09,5.78,6.33,10.14
2019-03-13,0.0,24.11,63.59,1009.84,10.16,8.0,9.53,10.14,0.0,0.0,0.0,10.14,7.09,5.78,10.33
2019-03-14,33.78,20.39,68.72,1008.93,6.33,8.0,6.69,10.33,0.0,0.0,0.0,10.33,10.14,7.09,28.58
2019-03-15,0.0,19.84,76.73,1005.45,3.52,8.0,7.43,28.58,33.78,0.0,0.0,28.58,10.33,10.14,38.38
2019-03-16,0.0,18.38,76.87,1013.78,8.09,8.0,6.32,38.38,0.0,33.78,0.0,38.38,28.58,10.33,42.85
2019-03-17,56.81,18.0,66.97,1010.5,9.53,8.0,7.95,42.85,0.0,0.0,33.78,42.85,38.38,28.58,59.21
2019-03-18,0.0,18.97,68.36,1018.09,14.39,8.0,8.97,59.21,56.81,0.0,0.0,59.21,42.85,38.38,65.91
2019-03-19,0.0,20.47,75.36,1005.94,9.65,8.0,6.55,65.91,0.0,56.81,0.0,65.91,59.21,42.85,66.74
2019-03-20,8.79,27.0,57.29,1010.38,9.31,8.0,7.82,66.74,0.0,0.0,56.81,66.74,65.91,59.21,68.86
2019-03-21,0.0,20.69,65.74,1022.06,11.35,8.0,7.58,68.86,8.79,0.0,0.0,68.86,66.74,65.91,73.34
2019-03-22,0.0,22.32,77.56,1008.22,9.05,8.0,8.73,73.34,0.0,8.79,0.0,73.34,68.86,66.74,64.28
2019-03-23,0.0,22.76,75.24,1011.65,12.84,8.0,9.3,64.28,0.0,0.0,8.79,64.28,73.34,68.86,57.4
2019-03-24,0.0,21.97,71.2,1006.66,16.93,8.0,8.28,57.4,0.0,0.0,0.0,57.4,64.28,73.34,51.03
2019-03-25,22.42,21.33,58.28,1005.91,17.67,8.0,8.4,51.03,0.0,0.0,0.0,51.03,57.4,64.28,58.69
2019-03-26,9.14,18.41,68.68,1020.31,10.34,8.0,7.43,58.69,22.42,0.0,0.0,58.69,51.03,57.4,59.72
2019-03-27,0.68,24.91,65.11,1013.34,11.18,8.0,6.83,59.72,9.14,22.42,0.0,59.72,58.69,51.03,59.98
2019-03-28,4.48,25.68,71.76,1013.07,15.53,8.0,9.81,59.98,0.68,9.14,22.42,59.98,59.72,58.69,56.16
2019-03-29,0.0,16.83,63.98,1003.83,9.48,8.0,6.26,56.16,4.48,0.68,9.14,56.16,59.98,59.72,45.32
2019-03-30,0.0,18.36,62.67,1014.02,12.38,8.0,7.64,45.32,0.0,4.48,0.68,45.32,56.16,59.98,40.57
2019-03-31,25.58,20.1,55.6,1017.93,6.03,8.0,7.96,40.57,0.0,0.0,4.48,40.57,45.32,56.16,47.41
2019-04-01,0.0,18.27,78.81,1017.81,8.91,8.0,7.31,47.41,25.58,0.0,0.0,47.41,40.57,45.32,48.03
2019-04-02,0.0,21.83,67.66,1015.32,14.05,8.0,7.85,48.03,0.0,25.58,0.0,48.03,47.41,40.57,49.23
2019-04-03,6.6,18.63,71.76,1006.24,7.49,8.0,5.99,49.23,0.0,0.0,25.58,49.23,48.03,47.41,44.93
2019-04-04,0.0,25.74,70.85,1013.37,9.55,8.0,7.87,44.93,6.6,0.0,0.0,44.93,49.23,48.03,37.4
2019-04-05,0.0,23.19,63.59,1015.06,4.49,8.0,6.68,37.4,0.0,6.6,0.0,37.4,44.93,49.23,39.0
2019-04-06,53.69,20.63,62.45,1002.67,17.02,8.0,10.61,39.0,0.0,0.0,6.6,39.0,37.4,44.93,55.58
2019-04-07,0.0,22.55,64.42,1005.95,14.42,8.0,7.68,55.58,53.69,0.0,0.0,55.58,39.0,37.4,60.65
2019-04-08,0.0,22.63,66.59,1015.92,10.66,,7.33,60.65,0.0,53.69,0.0,60.65,55.58,39.0,60.38
2019-04-09,6.6,18.34,74.42,1015.77,11.78,8.0,6.61,60.38,0.0,0.0,53.69,60.38,60.65,55.58,50.92
2019-04-10,0.0,17.6,66.48,1003.57,11.39,8.0,7.1,50.92,6.6,0.0,0.0,50.92,60.38,60.65,51.59
2019-04-11,0.0,19.72,84.47,1015.21,14.85,8.0,8.39,51.59,0.0,6.6,0.0,51.59,50.92,60.38,47.58
2019-04-12,1.8,21.57,79.62,1011.63,8.18,8.0,6.44,47.58,0.0,0.0,6.6,47.58,51.59,50.92,45.15
2019-04-13,0.0,19.65,78.28,1014.98,12.56,8.0,7.94,45.15,1.8,0.0,0.0,45.15,47.58,51.59,44.88
2019-04-14,19.8,15.25,71.98,1007.82,13.77,8.0,6.41,44.88,0.0,1.8,0.0,44.88,45.15,47.58,47.93
2019-04-15,0.0,17.07,83.6,1014.14,14.25,8.0,8.34,47.93,19.8,0.0,1.8,47.93,44.88,45.15,48.61
2019-04-16,6.78,18.79,71.66,1015.06,2.09,8.0,5.66,48.61,0.0,19.8,0.0,48.61,47.93,44.88,49.0
2019-04-17,0.0,18.68,73.16,1009.0,7.9,8.0,6.61,49.0,6.78,0.0,19.8,49.0,48.61,47.93,47.66
2019-04-18,0.0,23.69,74.75,1010.77,6.43,8.0,8.32,47.66,0.0,6.78,0.0,47.66,49.0,48.61,41.87
2019-04-19,0.0,15.19,78.65,1007.37,10.52,8.0,6.51,41.87,0.0,0.0,6.78,41.87,47.66,49.0,42.78
2019-04-20,24.64,19.81,78.38,1018.79,2.94,8.0,6.55,42.78,0.0,0.0,0.0,42.78,41.87,47.66,44.44
2019-04-21,0.0,22.16,70.77,1009.86,2.84,8.0,7.08,44.44,24.64,0.0,0.0,44.44,42.78,41.87,49.28
2019-04-22,28.22,24.02,70.55,1005.77,17.6,8.0,9.97,49.28,0.0,24.64,0.0,49.28,44.44,42.78,63.72
2019-04-23,0.0,17.23,78.93,1006.73,12.16,8.0,7.59,63.72,28.22,0.0,24.64,63.72,49.28,44.44,63.23
2019-04-24,16.8,19.36,79.63,1010.87,10.42,8.0,7.04,63.23,0.0,28.22,0.0,63.23,63.72,49.28,66.27
2019-04-25,0.0,19.46,72.04,1013.93,11.27,8.0,7.05,66.27,16.8,0.0,28.22,66.27,63.23,63.72,66.89
2019-04-26,6.7,18.43,63.86,1003.42,10.51,8.0,7.54,66.89,0.0,16.8,0.0,66.89,66.27,63.23,67.41
2019-04-27,0.0,17.59,73.68,1019.27,13.49,8.0,6.98,67.41,6.7,0.0,16.8,67.41,66.89,66.27,58.16
2019-04-28,0.0,18.83,79.66,1011.5,7.79,8.0,7.27,58.16,0.0,6.7,0.0,58.16,67.41,66.89,54.34
2019-04-29,0.0,11.32,88.1,1012.22,10.65,8.0,6.56,54.34,0.0,0.0,6.7,54.34,58.16,67.41,47.36
2019-04-30,0.0,19.26,67.24,1009.34,10.8,8.0,6.47,47.36,0.0,0.0,0.0,47.36,54.34,58.16,43.59
2019-05-01,0.0,17.78,72.79,1009.85,6.34,8.0,5.56,43.59,0.0,0.0,0.0,43.59,47.36,54.34,40.88
2019-05-02,0.0,16.81,73.21,1008.95,14.47,8.0,7.72,40.88,0.0,0.0,0.0,40.88,43.59,47.36,33.57
2019-05-03,0.0,22.4,85.58,1014.72,8.44,8.0,7.07,33.57,0.0,0.0,0.0,33.57,40.88,43.59,25.02
2019-05-04,0.0,15.51,76.0,1009.53,13.56,8.0,8.01,25.02,0.0,0.0,0.0,25.02,33.57,40.88,20.39
2019-05-05,0.0,16.1,70.04,1013.34,10.4,8.0,6.25,20.39,0.0,0.0,0.0,20.39,25.02,33.57,22.72
2019-05-06,0.0,22.0,80.45,1007.27,15.72,8.0,8.96,22.72,0.0,0.0,0.0,22.72,20.39,25.02,20.85
2019-05-07,0.0,14.86,73.85,1010.36,6.36,8.0,6.83,20.85,0.0,0.0,0.0,20.85,22.72,20.39,23.21
2019-05-08,53.62,15.48,68.25,1005.31,6.2,8.0,5.35,23.21,0.0,0.0,0.0,23.21,20.85,22.72,49.53
2019-05-09,0.0,16.41,70.71,1015.35,6.83,8.0,6.3,49.53,53.62,0.0,0.0,49.53,23.21,20.85,55.18
2019-05-10,32.84,18.8,89.23,1005.04,10.47,8.0,8.28,55.18,0.0,53.62,0.0,55.18,49.53,23.21,70.91
2019-05-11,0.0,17.14,79.92,1007.53,15.4,8.0,8.12,70.91,32.84,0.0,53.62,70.91,55.18,49.53,72.33
2019-05-12,0.0,13.31,78.11,1007.53,15.58,8.0,7.33,72.33,0.0,32.84,0.0,72.33,70.91,55.18,60.87
2019-05-13,0.0,15.14,75.74,1007.28,1.92,8.0,6.26,60.87,0.0,0.0,32.84,60.87,72.33,70.91,51.72
2019-05-14,0.0,14.87,79.66,1012.61,10.87,8.0,6.48,51.72,0.0,0.0,0.0,51.72,60.87,72.33,45.77
2019-05-15,0.0,16.13,79.7,1007.36,0.5,8.0,5.19,45.77,0.0,0.0,0.0,45.77,51.72,60.87,44.51
2019-05-16,47.85,17.32,79.9,1015.86,12.78,8.0,7.56,44.51,0.0,0.0,0.0,44.51,45.77,51.72,54.58
2019-05-17,51.15,17.23,78.77,1004.75,13.91,8.0,8.73,54.58,47.85,0.0,0.0,54.58,44.51,45.77,82.13
2019-05-18,0.0,11.68,84.16,1009.65,9.86,8.0,5.61,82.13,51.15,47.85,0.0,82.13,54.58,44.51,86.81
2019-05-19,0.0,18.71,78.36,1004.87,10.29,8.0,7.59,86.81,0.0,51.15,47.85,86.81,82.13,54.58,84.85
2019-05-20,0.0,16.62,71.46,1010.81,10.26,8.0,6.69,84.85,0.0,0.0,51.15,84.85,86.81,82.13,73.75
2019-05-21,10.92,19.39,74.12,1008.58,7.25,8.0,7.84,73.75,0.0,0.0,0.0,73.75,84.85,86.81,68.97
2019-05-22,17.4,16.98,64.65,1007.85,11.51,8.0,7.88,68.97,10.92,0.0,0.0,68.97,73.75,84.85,68.88
2019-05-23,0.0,18.57,92.79,1014.52,9.19,8.0,6.9,68.88,17.4,10.92,0.0,68.88,68.97,73.75,64.51
2019-05-24,0.0,16.92,84.74,1005.27,13.26,8.0,7.9,64.51,0.0,17.4,10.92,64.51,68.88,68.97,63.52
2019-05-25,28.52,19.07,72.98,1011.44,9.6,8.0,6.71,63.52,0.0,0.0,17.4,63.52,64.51,68.88,64.66
2019-05-26,0.0,16.96,76.91,1004.62,6.99,8.0,6.02,64.66,28.52,0.0,0.0,64.66,63.52,64.51,58.13
2019-05-27,7.35,15.36,74.51,1008.99,4.62,8.0,8.03,58.13,0.0,28.52,0.0,58.13,64.66,63.52,53.9
2019-05-28,31.36,21.24,89.85,1002.42,3.48,8.0,6.11,53.9,7.35,0.0,28.52,53.9,58.13,64.66,60.62
2019-05-29,36.18,17.73,69.19,1005.05,14.59,8.0,7.94,60.62,31.36,7.35,0.0,60.62,53.9,58.13,75.66
2019-05-30,0.0,16.9,80.0,1007.92,8.4,8.0,6.4,75.66,36.18,31.36,7.35,75.66,60.62,53.9,78.57
2019-05-31,0.0,12.23,78.52,1017.38,11.19,8.0,5.6,78.57,0.0,36.18,31.36,78.57,75.66,60.62,73.47
2019-06-01,18.23,12.16,85.13,1008.78,16.24,8.0,6.53,73.47,0.0,0.0,36.18,73.47,78.57,75.66,70.48
2019-06-02,21.67,16.08,78.68,1016.52,8.03,8.0,6.85,70.48,18.23,0.0,0.0,70.48,73.47,78.57,82.03
2019-06-03,0.0,15.67,67.16,1009.32,7.8,8.0,5.43,82.03,21.67,18.23,0.0,82.03,70.48,73.47,81.21
2019-06-04,0.0,13.74,77.77,1006.26,9.54,8.0,5.98,81.21,0.0,21.67,18.23,81.21,82.03,70.48,71.77
2019-06-05,13.37,15.59,72.78,1015.87,10.1,8.0,7.39,71.77,0.0,0.0,21.67,71.77,81.21,82.03,69.12
2019-06-06,0.0,19.18,80.2,1010.34,16.61,8.0,8.38,69.12,13.37,0.0,0.0,69.12,71.77,81.21,67.66
2019-06-07,40.54,16.92,89.73,1004.92,15.48,8.0,7.4,67.66,0.0,13.37,0.0,67.66,69.12,71.77,76.63
2019-06-08,38.01,12.3,67.56,1010.46,12.17,8.0,6.49,76.63,40.54,0.0,13.37,76.63,67.66,69.12,91.12
2019-06-09,0.0,14.85,74.17,1006.63,15.07,8.0,6.7,91.12,38.01,40.54,0.0,91.12,76.63,67.66,91.53
2019-06-10,0.0,13.1,75.94,998.13,9.38,8.0,8.25,91.53,0.0,38.01,40.54,91.53,91.12,76.63,89.49
2019-06-11,0.0,14.12,77.17,1012.74,11.05,8.0,6.04,89.49,0.0,0.0,38.01,89.49,91.53,91.12,80.61
2019-06-12,0.0,14.04,85.06,1013.53,8.94,8.0,7.27,80.61,0.0,0.0,0.0,80.61,89.49,91.53,69.03
2019-06-13,0.0,13.86,78.69,1017.23,5.48,8.0,4.19,69.03,0.0,0.0,0.0,69.03,80.61,89.49,68.62
2019-06-14,0.0,11.9,82.84,1010.14,14.21,8.0,7.73,68.62,0.0,0.0,0.0,68.62,69.03,80.61,57.3
2019-06-15,35.08,14.71,75.57,1006.78,11.86,8.0,7.8,57.3,0.0,0.0,0.0,57.3,68.62,69.03,65.47
2019-06-16,24.5,13.62,81.58,1012.19,10.06,8.0,5.85,65.47,35.08,0.0,0.0,65.47,57.3,68.62,79.53
2019-06-17,0.0,7.69,85.43,1012.26,9.99,8.0,5.42,79.53,24.5,35.08,0.0,79.53,65.47,57.3,79.07
2019-06-18,21.51,20.14,74.86,1016.2,4.73,8.0,7.4,79.07,0.0,24.5,35.08,79.07,79.53,65.47,80.8
2019-06-19,25.38,17.72,85.47,1007.78,6.58,8.0,5.6,80.8,21.51,0.0,24.5,80.8,79.07,79.53,87.98
2019-06-20,0.0,14.06,80.37,1007.17,11.18,8.0,7.17,87.98,25.38,21.51,0.0,87.98,80.8,79.07,86.05
2019-06-21,13.13,15.05,87.32,1004.42,8.15,,5.9,86.05,0.0,25.38,21.51,86.05,87.98,80.8,81.78
2019-06-22,0.0,12.07,78.59,1010.69,9.24,8.0,7.04,81.78,13.13,0.0,25.38,81.78,86.05,87.98,77.47
2019-06-23,33.66,19.25,82.66,1000.26,9.63,8.0,8.64,77.47,0.0,13.13,0.0,77.47,81.78,86.05,81.4
2019-06-24,0.0,19.76,79.69,1011.89,7.61,8.0,6.11,81.4,33.66,0.0,13.13,81.4,77.47,81.78,73.91
2019-06-25,11.77,15.41,79.29,1010.96,6.61,8.0,6.76,73.91,0.0,33.66,0.0,73.91,81.4,77.47,75.15
2019-06-26,0.0,17.59,81.76,1010.95,4.36,8.0,6.96,75.15,11.77,0.0,33.66,75.15,73.91,81.4,65.9
2019-06-27,13.25,15.48,83.68,1008.72,9.49,8.0,5.11,65.9,0.0,11.77,0.0,65.9,75.15,73.91,65.56
2019-06-28,0.0,11.72,71.15,1015.71,12.17,8.0,7.56,65.56,13.25,0.0,11.77,65.56,65.9,75.15,62.17
2019-06-29,0.0,14.05,89.9,1012.42,4.25,8.0,6.01,62.17,0.0,13.25,0.0,62.17,65.56,65.9,57.45
2019-06-30,14.57,15.43,66.82,1005.03,9.92,8.0,7.36,57.45,0.0,0.0,13.25,57.45,62.17,65.56,68.12
2019-07-01,6.03,13.98,75.0,1005.14,10.98,8.0,5.35,68.12,14.57,0.0,0.0,68.12,57.45,62.17,71.04
2019-07-02,33.97,14.59,79.1,1003.7,6.54,8.0,6.79,71.04,6.03,14.57,0.0,71.04,68.12,57.45,82.22
2019-07-03,0.0,14.94,82.6,1010.88,14.98,8.0,7.33,82.22,33.97,6.03,14.57,82.22,71.04,68.12,82.15
2019-07-04,0.0,14.99,90.7,1003.14,8.65,8.0,5.58,82.15,0.0,33.97,6.03,82.15,82.22,71.04,79.76
2019-07-05,1.61,15.35,66.61,1013.58,9.65,,7.36,79.76,0.0,0.0,33.97,79.76,82.15,82.22,71.43
2019-07-06,0.0,12.6,76.01,1014.8,9.44,8.0,7.07,71.43,1.61,0.0,0.0,71.43,79.76,82.15,63.43
2019-07-07,0.0,13.49,64.62,1003.81,3.8,8.0,5.67,63.43,0.0,1.61,0.0,63.43,71.43,79.76,56.41
2019-07-08,25.58,12.11,79.67,1007.3,13.53,8.0,7.25,56.41,0.0,0.0,1.61,56.41,63.43,71.43,59.32
2019-07-09,0.0,17.8,81.29,1008.34,6.66,8.0,6.42,59.32,25.58,0.0,0.0,59.32,56.41,63.43,64.99
2019-07-10,0.0,10.13,90.45,1012.7,9.17,8.0,4.94,64.99,0.0,25.58,0.0,64.99,59.32,56.41,57.32
2019-07-11,0.0,18.32,80.09,1016.36,12.09,8.0,7.31,57.32,0.0,0.0,25.58,57.32,64.99,59.32,54.42
2019-07-12,35.15,18.95,86.48,999.92,15.11,8.0,8.88,54.42,0.0,0.0,0.0,54.42,57.32,64.99,66.1
2019-07-13,20.69,14.77,83.18,1006.79,6.22,8.0,7.11,66.1,35.15,0.0,0.0,66.1,54.42,57.32,76.93
2019-07-14,13.44,9.07,75.97,1007.08,8.44,8.0,5.22,76.93,20.69,35.15,0.0,76.93,66.1,54.42,82.52
2019-07-15,0.0,14.72,69.07,1001.44,14.84,8.0,7.69,82.52,13.44,20.69,35.15,82.52,76.93,66.1,75.29
2019-07-16,0.0,15.51,80.77,1006.05,11.62,8.0,7.11,75.29,0.0,13.44,20.69,75.29,82.52,76.93,70.09
2019-07-17,5.0,13.2,68.31,1010.66,12.35,8.0,7.36,70.09,0.0,0.0,13.44,70.09,75.29,82.52,66.0
2019-07-18,8.07,14.49,87.73,1007.16,6.32,8.0,6.15,66.0,5.0,0.0,0.0,66.0,70.09,75.29,71.39
2019-07-19,1.11,19.66,77.43,1000.87,8.67,8.0,7.65,71.39,8.07,5.0,0.0,71.39,66.0,70.09,68.45
2019-07-20,0.0,17.56,86.84,1023.01,9.41,8.0,6.58,68.45,1.11,8.07,5.0,68.45,71.39,66.0,63.11
2019-07-21,23.06,13.64,75.0,1010.01,7.0,8.0,7.06,63.11,0.0,1.11,8.07,63.11,68.45,71.39,66.1
2019-07-22,0.0,12.02,80.14,1009.28,4.14,8.0,5.12,66.1,23.06,0.0,1.11,66.1,63.11,68.45,62.08
2019-07-23,0.0,15.26,79.62,1003.28,8.21,8.0,6.67,62.08,0.0,23.06,0.0,62.08,66.1,63.11,59.0
2019-07-24,0.0,15.61,77.73,1010.12,14.74,8.0,8.07,59.0,0.0,0.0,23.06,59.0,62.08,66.1,54.77
2019-07-25,0.0,17.45,74.9,1008.04,10.21,8.0,7.25,54.77,0.0,0.0,0.0,54.77,59.0,62.08,46.23
2019-07-26,24.67,14.94,80.56,999.47,14.81,8.0,5.59,46.23,0.0,0.0,0.0,46.23,54.77,59.0,50.07
2019-07-27,0.0,17.63,71.21,1003.61,10.63,8.0,7.42,50.07,24.67,0.0,0.0,50.07,46.23,54.77,46.59
2019-07-28,0.0,21.26,69.1,1012.99,7.32,8.0,7.64,46.59,0.0,24.67,0.0,46.59,50.07,46.23,46.33
2019-07-29,0.0,18.53,,1018.79,14.47,8.0,8.02,46.33,0.0,0.0,24.67,46.33,46.59,50.07,45.38
2019-07-30,10.98,16.45,82.4,1010.96,10.74,8.0,7.76,45.38,0.0,0.0,0.0,45.38,46.33,46.59,35.74
2019-07-31,12.08,16.19,77.64,1014.69,13.37,8.0,8.33,35.74,10.98,0.0,0.0,35.74,45.38,46.33,38.25
2019-08-01,0.0,15.83,88.7,1008.45,6.26,8.0,5.68,38.25,12.08,10.98,0.0,38.25,35.74,45.38,44.34
2019-08-02,0.0,19.76,75.03,1008.86,13.64,8.0,6.47,44.34,0.0,12.08,10.98,44.34,38.25,35.74,43.74
2019-08-03,0.0,15.32,86.03,1014.8,13.74,8.0,6.36,43.74,0.0,0.0,12.08,43.74,44.34,38.25,40.52
2019-08-04,0.0,17.08,77.85,1017.72,11.01,8.0,7.2,40.52,0.0,0.0,0.0,40.52,43.74,44.34,32.15
2019-08-05,0.0,17.18,69.31,1015.97,7.18,8.0,7.11,32.15,0.0,0.0,0.0,32.15,40.52,43.74,32.02
2019-08-06,14.31,15.88,89.27,1004.2,9.84,8.0,6.68,32.02,0.0,0.0,0.0,32.02,32.15,40.52,34.61
2019-08-07,0.0,13.8,83.12,1009.26,12.14,8.0,5.82,34.61,14.31,0.0,0.0,34.61,32.02,32.15,36.65
2019-08-08,0.0,18.12,75.18,1011.04,10.82,8.0,7.48,36.65,0.0,14.31,0.0,36.65,34.61,32.02,42.49
2019-08-09,0.0,17.25,80.97,1008.42,12.1,8.0,7.32,42.49,0.0,0.0,14.31,42.49,36.65,34.61,33.46
2019-08-10,0.0,18.75,72.89,1011.72,13.54,8.0,7.86,33.46,0.0,0.0,0.0,33.46,42.49,36.65,35.17
2019-08-11,0.0,16.26,81.36,1013.95,7.73,8.0,7.99,35.17,0.0,0.0,0.0,35.17,33.46,42.49,30.57
2019-08-12,25.78,20.74,58.66,1014.93,5.96,8.0,7.54,30.57,0.0,0.0,0.0,30.57,35.17,33.46,42.73
2019-08-13,0.0,15.59,68.1,1018.41,9.87,8.0,6.75,42.73,25.78,0.0,0.0,42.73,30.57,35.17,41.32
2019-08-14,4.94,22.16,81.92,1008.41,8.85,8.0,6.29,41.32,0.0,25.78,0.0,41.32,42.73,30.57,38.73
2019-08-15,0.0,13.6,73.15,1003.3,12.75,8.0,8.12,38.73,4.94,0.0,25.78,38.73,41.32,42.73,38.34
2019-08-16,0.0,19.16,76.19,1011.99,6.24,8.0,5.25,38.34,0.0,4.94,0.0,38.34,38.73,41.32,29.14
2019-08-17,5.96,19.36,65.13,1019.69,13.57,8.0,7.61,29.14,0.0,0.0,4.94,29.14,38.34,38.73,26.09
2019-08-18,0.0,16.29,87.32,1007.95,14.74,8.0,6.61,26.09,5.96,0.0,0.0,26.09,29.14,38.34,22.09
2019-08-19,0.0,19.44,82.54,1013.85,10.0,8.0,6.9,22.09,0.0,5.96,0.0,22.09,26.09,29.14,18.4
2019-08-20,0.0,21.68,72.63,1013.96,10.21,8.0,7.48,18.4,0.0,0.0,5.96,18.4,22.09,26.09,18.98
2019-08-21,36.25,13.04,71.02,1011.52,7.31,8.0,5.12,18.98,0.0,0.0,0.0,18.98,18.4,22.09,34.38
2019-08-22,0.0,19.95,80.88,1010.67,8.1,8.0,5.05,34.38,36.25,0.0,0.0,34.38,18.98,18.4,37.73
2019-08-23,0.0,12.56,87.37,1006.1,8.57,8.0,5.46,37.73,0.0,36.25,0.0,37.73,34.38,18.98,35.44
2019-08-24,0.0,16.49,79.98,999.38,15.05,8.0,6.59,35.44,0.0,0.0,36.25,35.44,37.73,34.38,31.18
2019-08-25,0.0,23.09,88.32,1005.31,9.75,8.0,6.79,31.18,0.0,0.0,0.0,31.18,35.44,37.73,23.51
2019-08-26,0.0,17.67,66.48,1008.99,5.37,8.0,6.19,23.51,0.0,0.0,0.0,23.51,31.18,35.44,16.74
2019-08-27,0.0,16.3,67.01,1016.51,10.89,8.0,8.31,16.74,0.0,0.0,0.0,16.74,23.51,31.18,12.71
2019-08-28,0.0,18.85,64.23,1010.59,12.89,8.0,7.21,12.71,0.0,0.0,0.0,12.71,16.74,23.51,6.58
2019-08-29,0.0,24.63,75.45,1008.59,9.91,8.0,7.39,6.58,0.0,0.0,0.0,6.58,12.71,16.74,6.74
2019-08-30,0.0,14.99,73.4,1006.81,15.14,8.0,7.47,6.74,0.0,0.0,0.0,6.74,6.58,12.71,8.46
2019-08-31,16.54,17.05,70.91,1014.63,12.72,8.0,7.96,8.46,0.0,0.0,0.0,8.46,6.74,6.58,14.88
2019-09-01,0.0,23.54,77.44,1018.22,6.33,8.0,7.6,14.88,16.54,0.0,0.0,14.88,8.46,6.74,12.97
2019-09-02,2.01,24.55,80.21,1016.82,8.07,8.0,5.98,12.97,0.0,16.54,0.0,12.97,14.88,8.46,13.08
2019-09-03,0.0,19.77,60.71,1014.62,10.79,8.0,6.65,13.08,2.01,0.0,16.54,13.08,12.97,14.88,15.59
2019-09-04,8.64,17.04,67.01,1004.29,4.17,8.0,7.05,15.59,0.0,2.01,0.0,15.59,13.08,12.97,22.14
2019-09-05,0.0,25.5,76.73,1010.0,11.18,8.0,7.68,22.14,8.64,0.0,2.01,22.14,15.59,13.08,17.38
2019-09-06,0.0,24.36,67.51,1021.58,3.83,8.0,7.69,17.38,0.0,8.64,0.0,17.38,22.14,15.59,18.32
2019-09-07,0.0,22.19,65.0,1017.53,13.58,8.0,8.73,18.32,0.0,0.0,8.64,18.32,17.38,22.14,13.69
2019-09-08,0.0,18.58,77.51,1004.32,13.18,8.0,5.84,13.69,0.0,0.0,0.0,13.69,18.32,17.38,16.64
2019-09-09,0.0,20.61,61.15,1011.81,11.77,8.0,6.4,16.64,0.0,0.0,0.0,16.64,13.69,18.32,19.43
2019-09-10,0.0,20.45,67.87,1013.99,7.63,8.0,6.79,19.43,0.0,0.0,0.0,19.43,16.64,13.69,8.82
2019-09-11,0.0,21.79,72.07,1008.45,10.6,8.0,7.95,8.82,0.0,0.0,0.0,8.82,19.43,16.64,5.0
2019-09-12,0.0,,65.55,1000.8,8.2,8.0,7.41,5.0,0.0,0.0,0.0,5.0,8.82,19.43,6.3
2019-09-13,0.0,23.4,74.85,1012.93,6.39,8.0,7.0,6.3,0.0,0.0,0.0,6.3,5.0,8.82,5.0
2019-09-14,0.0,18.63,65.18,1008.58,8.81,8.0,7.07,5.0,0.0,0.0,0.0,5.0,6.3,5.0,9.99
2019-09-15,18.76,24.88,78.81,1008.68,12.44,8.0,8.13,9.99,0.0,0.0,0.0,9.99,5.0,6.3,18.49
2019-09-16,0.0,22.35,67.87,1010.92,10.15,8.0,7.62,18.49,18.76,0.0,0.0,18.49,9.99,5.0,14.99
2019-09-17,66.93,23.4,73.24,1012.11,15.08,8.0,6.57,14.99,0.0,18.76,0.0,14.99,18.49,9.99,47.45
2019-09-18,0.0,25.47,73.56,1012.81,12.68,8.0,8.09,47.45,66.93,0.0,18.76,47.45,14.99,18.49,59.01
2019-09-19,0.0,19.15,63.74,1008.53,12.31,8.0,7.38,59.01,0.0,66.93,0.0,59.01,47.45,14.99,62.38
2019-09-20,0.0,21.96,53.55,1011.93,4.37,8.0,5.95,62.38,0.0,0.0,66.93,62.38,59.01,47.45,56.8
2019-09-21,0.0,20.84,70.24,1004.33,9.0,8.0,6.68,56.8,0.0,0.0,0.0,56.8,62.38,59.01,53.33
2019-09-22,0.0,18.37,68.02,1014.76,6.27,8.0,5.29,53.33,0.0,0.0,0.0,53.33,56.8,62.38,43.4
2019-09-23,0.0,23.27,71.19,999.01,9.36,8.0,7.92,43.4,0.0,0.0,0.0,43.4,53.33,56.8,39.14
2019-09-24,0.0,28.81,65.51,1011.93,7.57,8.0,7.05,39.14,0.0,0.0,0.0,39.14,43.4,53.33,31.51
2019-09-25,63.8,18.05,63.88,1018.06,8.68,8.0,6.87,31.51,0.0,0.0,0.0,31.51,39.14,43.4,58.7
2019-09-26,0.0,22.69,80.75,1008.25,13.71,8.0,7.76,58.7,63.8,0.0,0.0,58.7,31.51,39.14,64.54
2019-09-27,0.0,24.49,56.18,1017.21,11.66,8.0,8.01,64.54,0.0,63.8,0.0,64.54,58.7,31.51,56.74
2019-09-28,19.43,23.31,71.41,1019.5,13.52,8.0,8.96,56.74,0.0,0.0,63.8,56.74,64.54,58.7,52.94
2019-09-29,12.28,22.84,62.05,997.26,4.4,8.0,6.28,52.94,19.43,0.0,0.0,52.94,56.74,64.54,55.57
2019-09-30,0.0,19.99,63.52,1013.13,10.2,8.0,7.33,55.57,12.28,19.43,0.0,55.57,52.94,56.74,51.79
2019-10-01,0.0,23.94,63.45,999.59,13.38,8.0,8.83,51.79,0.0,12.28,19.43,51.79,55.57,52.94,45.29
2019-10-02,0.0,21.59,59.84,1013.47,15.27,8.0,8.49,45.29,0.0,0.0,12.28,45.29,51.79,55.57,37.23
2019-10-03,0.0,18.12,69.26,1014.1,4.58,8.0,5.7,37.23,0.0,0.0,0.0,37.23,45.29,51.79,29.85
2019-10-04,0.0,26.7,74.8,1001.81,8.77,8.0,6.64,29.85,0.0,0.0,0.0,29.85,37.23,45.29,27.4
2019-10-05,26.12,26.23,68.15,1023.93,13.62,8.0,7.92,27.4,0.0,0.0,0.0,27.4,29.85,37.23,37.59
2019-10-06,10.04,24.08,65.39,1015.82,9.33,8.0,7.87,37.59,26.12,0.0,0.0,37.59,27.4,29.85,43.44
2019-10-07,0.0,24.63,57.56,1010.23,6.81,8.0,7.41,43.44,10.04,26.12,0.0,43.44,37.59,27.4,45.7
2019-10-08,0.0,26.86,67.89,1021.88,4.58,8.0,7.81,45.7,0.0,10.04,26.12,45.7,43.44,37.59,41.45
2019-10-09,0.0,24.85,79.17,1005.66,6.68,8.0,7.07,41.45,0.0,0.0,10.04,41.45,45.7,43.44,31.07
2019-10-10,21.4,26.66,61.21,1008.57,4.09,8.0,6.62,31.07,0.0,0.0,0.0,31.07,41.45,45.7,41.4
2019-10-11,28.27,23.77,61.05,1003.3,10.2,8.0,6.65,41.4,21.4,0.0,0.0,41.4,31.07,41.45,57.6
2019-10-12,3.5,27.91,59.57,1023.88,13.14,8.0,7.77,57.6,28.27,21.4,0.0,57.6,41.4,31.07,62.27
2019-10-13,0.0,25.54,59.88,1016.62,5.59,8.0,6.51,62.27,3.5,28.27,21.4,62.27,57.6,41.4,54.52
2019-10-14,0.0,25.34,43.9,1018.33,10.9,8.0,9.25,54.52,0.0,3.5,28.27,54.52,62.27,57.6,43.21
2019-10-15,29.38,21.78,65.76,1016.62,12.96,8.0,7.07,43.21,0.0,0.0,3.5,43.21,54.52,62.27,47.79
2019-10-16,19.9,25.79,56.82,1018.06,9.99,8.0,7.11,47.79,29.38,0.0,0.0,47.79,43.21,54.52,63.74
2019-10-17,15.17,23.1,51.28,1015.66,4.36,8.0,6.37,63.74,19.9,29.38,0.0,63.74,47.79,43.21,71.27
2019-10-18,0.0,23.69,67.64,1016.7,11.35,8.0,8.8,71.27,15.17,19.9,29.38,71.27,63.74,47.79,68.22
2019-10-19,0.0,23.35,54.62,1015.96,9.81,8.0,8.14,68.22,0.0,15.17,19.9,68.22,71.27,63.74,62.29
2019-10-20,0.0,22.83,59.64,1012.45,9.45,8.0,7.43,62.29,0.0,0.0,15.17,62.29,68.22,71.27,53.46
2019-10-21,0.0,30.91,72.1,1015.34,8.09,8.0,6.99,53.46,0.0,0.0,0.0,53.46,62.29,68.22,46.24
2019-10-22,0.0,29.03,51.79,1017.01,10.3,8.0,8.37,46.24,0.0,0.0,0.0,46.24,53.46,62.29,40.63
2019-10-23,0.0,30.6,50.75,1016.27,11.78,8.0,9.44,40.63,0.0,0.0,0.0,40.63,46.24,53.46,33.17
2019-10-24,0.0,22.85,63.2,1008.4,18.37,8.0,9.94,33.17,0.0,0.0,0.0,33.17,40.63,46.24,24.95
2019-10-25,0.0,26.18,69.19,1009.13,10.39,8.0,6.22,24.95,0.0,0.0,0.0,24.95,33.17,40.63,22.22
2019-10-26,0.0,22.87,49.95,1021.34,15.29,8.0,7.81,22.22,0.0,0.0,0.0,22.22,24.95,33.17,16.87
2019-10-27,6.92,24.46,63.66,1014.46,11.25,8.0,8.0,16.87,0.0,0.0,0.0,16.87,22.22,24.95,21.54
2019-10-28,0.0,24.0,64.71,1018.99,9.65,8.0,8.63,21.54,6.92,0.0,0.0,21.54,16.87,22.22,22.06
2019-10-29,0.0,29.49,46.07,1010.67,10.52,8.0,7.4,22.06,0.0,6.92,0.0,22.06,21.54,16.87,19.42
2019-10-30,0.0,25.49,65.91,1008.83,5.72,8.0,6.31,19.42,0.0,0.0,6.92,19.42,22.06,21.54,14.53
2019-10-31,0.0,29.24,66.3,1012.05,11.07,8.0,8.03,14.53,0.0,0.0,0.0,14.53,19.42,22.06,14.75
2019-11-01,0.0,28.17,57.82,1015.22,3.03,8.0,6.0,14.75,0.0,0.0,0.0,14.75,14.53,19.42,15.19
2019-11-02,0.0,32.51,68.62,1013.07,6.98,8.0,6.57,15.19,0.0,0.0,0.0,15.19,14.75,14.53,11.02
2019-11-03,0.0,23.14,67.66,1022.93,10.38,8.0,9.32,11.02,0.0,0.0,0.0,11.02,15.19,14.75,10.95
2019-11-04,0.0,30.07,60.28,1017.42,14.18,8.0,8.79,10.95,0.0,0.0,0.0,10.95,11.02,15.19,6.12
2019-11-05,0.0,29.88,56.25,1025.82,15.01,8.0,8.59,6.12,0.0,0.0,0.0,6.12,10.95,11.02,5.48
2019-11-06,0.0,24.66,52.46,1018.66,9.17,8.0,6.74,5.48,0.0,0.0,0.0,5.48,6.12,10.95,5.0
2019-11-07,0.0,29.69,58.86,1004.63,10.55,8.0,8.38,5.0,0.0,0.0,0.0,5.0,5.48,6.12,5.0
2019-11-08,0.0,28.1,62.98,1022.03,13.45,8.0,8.21,5.0,0.0,0.0,0.0,5.0,5.0,5.48,7.11
2019-11-09,0.0,26.77,56.59,1009.26,5.35,8.0,7.95,7.11,0.0,0.0,0.0,7.11,5.0,5.0,10.22
2019-11-10,0.0,25.35,43.34,1018.02,11.42,8.0,7.28,10.22,0.0,0.0,0.0,10.22,7.11,5.0,5.0
2019-11-11,0.0,25.69,67.47,1013.05,7.1,8.0,7.39,5.0,0.0,0.0,0.0,5.0,10.22,7.11,5.0
2019-11-12,0.0,32.69,59.8,1027.69,9.4,8.0,8.51,5.0,0.0,0.0,0.0,5.0,5.0,10.22,6.0
2019-11-13,0.0,27.64,55.68,1024.22,8.39,8.0,8.3,6.0,0.0,0.0,0.0,6.0,5.0,5.0,5.0
2019-11-14,0.0,29.66,64.22,1013.37,11.52,8.0,8.38,5.0,0.0,0.0,0.0,5.0,6.0,5.0,5.0
2019-11-15,0.0,25.8,68.78,1016.49,11.93,8.0,8.6,5.0,0.0,0.0,0.0,5.0,5.0,6.0,6.23
2019-11-16,0.0,25.89,38.37,1018.39,13.12,8.0,8.72,6.23,0.0,0.0,0.0,6.23,5.0,5.0,5.0
2019-11-17,7.4,30.61,60.92,1021.54,11.22,8.0,9.29,5.0,0.0,0.0,0.0,5.0,6.23,5.0,5.0
2019-11-18,39.28,24.6,47.78,1017.41,10.6,8.0,8.38,5.0,7.4,0.0,0.0,5.0,5.0,6.23,21.2
2019-11-19,0.0,26.99,61.15,1012.18,16.49,8.0,8.84,21.2,39.28,7.4,0.0,21.2,5.0,5.0,26.46
2019-11-20,0.0,28.18,58.45,1013.76,4.66,8.0,8.69,26.46,0.0,39.28,7.4,26.46,21.2,5.0,33.13
2019-11-21,20.2,28.43,61.91,1017.37,15.93,8.0,8.65,33.13,0.0,0.0,39.28,33.13,26.46,21.2,45.54
2019-11-22,0.0,27.76,53.86,1023.61,8.99,8.0,9.21,45.54,20.2,0.0,0.0,45.54,33.13,26.46,45.01
2019-11-23,0.0,29.25,44.15,1019.61,12.0,8.0,9.52,45.01,0.0,20.2,0.0,45.01,45.54,33.13,41.94
2019-11-24,0.0,30.05,54.02,1013.64,8.86,8.0,8.77,41.94,0.0,0.0,20.2,41.94,45.01,45.54,32.52
2019-11-25,0.0,30.2,59.94,1020.79,7.54,8.0,8.01,32.52,0.0,0.0,0.0,32.52,41.94,45.01,23.21
2019-11-26,0.0,25.95,64.11,1015.65,11.7,8.0,7.66,23.21,0.0,0.0,0.0,23.21,32.52,41.94,24.39
2019-11-27,0.0,27.75,48.72,1022.07,13.65,8.0,8.95,24.39,0.0,0.0,0.0,24.39,23.21,32.52,16.04
2019-11-28,0.0,31.49,64.03,1030.28,11.66,8.0,8.97,16.04,0.0,0.0,0.0,16.04,24.39,23.21,15.78
2019-11-29,32.15,30.79,52.23,1015.89,8.1,8.0,8.19,15.78,0.0,0.0,0.0,15.78,16.04,24.39,35.16
2019-11-30,0.0,25.16,59.24,1021.72,22.64,8.0,10.23,35.16,32.15,0.0,0.0,35.16,15.78,16.04,33.78
2019-12-01,0.0,29.51,53.06,1014.01,14.2,8.0,9.77,33.78,0.0,32.15,0.0,33.78,35.16,15.78,26.42
2019-12-02,0.0,23.72,57.84,1017.2,13.27,8.0,7.58,26.42,0.0,0.0,32.15,26.42,33.78,35.16,24.93
2019-12-03,63.35,28.82,62.75,1017.94,8.76,8.0,7.58,24.93,0.0,0.0,0.0,24.93,26.42,33.78,52.66
2019-12-04,27.35,33.48,47.86,1016.84,7.81,8.0,7.54,52.66,63.35,0.0,0.0,52.66,24.93,26.42,66.18
2019-12-05,0.0,26.4,51.63,1030.15,9.02,8.0,8.23,66.18,27.35,63.35,0.0,66.18,52.66,24.93,74.53
2019-12-06,0.0,26.71,57.64,1016.32,13.78,8.0,9.91,74.53,0.0,27.35,63.35,74.53,66.18,52.66,73.06
2019-12-07,0.0,30.74,73.11,1020.81,6.53,8.0,6.88,73.06,0.0,0.0,27.35,73.06,74.53,66.18,65.06
2019-12-08,10.43,25.0,50.21,1008.24,6.26,8.0,6.77,65.06,0.0,0.0,0.0,65.06,73.06,74.53,60.24
2019-12-09,0.0,27.29,70.49,1020.07,11.89,8.0,7.28,60.24,10.43,0.0,0.0,60.24,65.06,73.06,57.7
2019-12-10,0.0,30.39,70.21,1023.64,11.12,8.0,8.17,57.7,0.0,10.43,0.0,57.7,60.24,65.06,49.66
2019-12-11,14.77,27.33,55.46,1015.3,7.3,8.0,6.11,49.66,0.0,0.0,10.43,49.66,57.7,60.24,49.51
2019-12-12,0.0,28.34,54.02,1005.4,6.18,8.0,8.65,49.51,14.77,0.0,0.0,49.51,49.66,57.7,44.92
2019-12-13,0.0,30.81,51.24,1017.77,15.03,8.0,9.93,44.92,0.0,14.77,0.0,44.92,49.51,49.66,41.7
2019-12-14,10.06,30.02,55.59,1018.06,11.25,8.0,8.86,41.7,0.0,0.0,14.77,41.7,44.92,49.51,41.03
2019-12-15,0.0,29.64,46.2,1021.6,5.23,8.0,8.53,41.03,10.06,0.0,0.0,41.03,41.7,44.92,37.57
2019-12-16,0.0,28.14,55.49,1028.04,5.47,8.0,8.32,37.57,0.0,10.06,0.0,37.57,41.03,41.7,33.1
2019-12-17,30.12,29.92,66.49,1016.09,8.73,8.0,8.22,33.1,0.0,0.0,10.06,33.1,37.57,41.03,43.37
2019-12-18,0.0,28.69,51.73,1013.72,12.56,8.0,7.7,43.37,30.12,0.0,0.0,43.37,33.1,37.57,41.27
2019-12-19,0.0,30.14,54.32,1012.16,12.08,8.0,8.25,41.27,0.0,30.12,0.0,41.27,43.37,33.1,36.58
2019-12-20,0.0,27.76,44.09,1018.99,13.96,8.0,8.86,36.58,0.0,0.0,30.12,36.58,41.27,43.37,35.89
2019-12-21,0.0,28.54,58.62,1020.4,4.78,8.0,6.94,35.89,0.0,0.0,0.0,35.89,36.58,41.27,34.48
2019-12-22,0.0,26.52,57.86,1015.27,10.78,8.0,9.63,34.48,0.0,0.0,0.0,34.48,35.89,36.58,27.77
2019-12-23,0.0,28.9,56.46,1021.89,14.99,8.0,9.27,27.77,0.0,0.0,0.0,27.77,34.48,35.89,21.41
2019-12-24,0.0,26.96,54.51,1020.31,14.66,8.0,8.97,21.41,0.0,0.0,0.0,21.41,27.77,34.48,16.2
2019-12-25,0.0,26.19,54.0,1018.2,11.26,8.0,9.06,16.2,0.0,0.0,0.0,16.2,21.41,27.77,7.67
2019-12-26,32.29,29.61,59.58,1013.46,18.22,8.0,9.91,7.67,0.0,0.0,0.0,7.67,16.2,21.41,23.16
2019-12-27,0.0,29.48,55.89,1015.55,12.13,8.0,8.57,23.16,32.29,0.0,0.0,23.16,7.67,16.2,27.66
2019-12-28,0.0,30.89,58.32,1005.8,13.65,8.0,10.36,27.66,0.0,32.29,0.0,27.66,23.16,7.67,24.48
2019-12-29,0.0,27.84,57.65,1019.12,10.16,8.0,8.64,24.48,0.0,0.0,32.29,24.48,27.66,23.16,23.74
2019-12-30,0.0,29.92,64.04,1018.06,7.27,8.0,7.67,23.74,0.0,0.0,0.0,23.74,24.48,27.66,23.49
2019-12-31,0.0,30.25,60.96,1018.85,6.94,8.0,8.21,23.49,0.0,0.0,0.0,23.49,23.74,24.48,19.97
2020-01-01,0.0,29.96,57.62,1020.41,10.64,8.0,8.18,19.97,0.0,0.0,0.0,19.97,23.49,23.74,18.66
2020-01-02,0.0,26.75,66.94,1019.8,9.26,8.0,7.34,18.66,0.0,0.0,0.0,18.66,19.97,23.49,17.76
2020-01-03,0.0,29.16,59.3,1017.3,3.81,8.0,8.11,17.76,0.0,0.0,0.0,17.76,18.66,19.97,15.16
2020-01-04,17.14,29.67,65.55,1018.07,6.41,8.0,7.5,15.16,0.0,0.0,0.0,15.16,17.76,18.66,20.17
2020-01-05,0.0,28.74,60.72,1010.78,8.89,8.0,7.58,20.17,17.14,0.0,0.0,20.17,15.16,17.76,22.09
2020-01-06,0.0,23.48,43.63,1014.86,12.55,8.0,8.39,22.09,0.0,17.14,0.0,22.09,20.17,15.16,22.22
2020-01-07,0.0,29.06,65.72,1018.01,9.94,8.0,9.2,22.22,0.0,0.0,17.14,22.22,22.09,20.17,17.6
2020-01-08,0.0,34.15,57.6,1014.05,9.75,8.0,7.25,17.6,0.0,0.0,0.0,17.6,22.22,22.09,12.64
2020-01-09,0.0,27.68,56.36,1022.0,6.55,8.0,7.17,12.64,0.0,0.0,0.0,12.64,17.6,22.22,16.45
2020-01-10,27.45,26.71,58.77,1014.37,10.08,8.0,6.37,16.45,0.0,0.0,0.0,16.45,12.64,17.6,24.52
2020-01-11,0.0,29.42,54.46,1018.72,14.62,8.0,6.45,24.52,27.45,0.0,0.0,24.52,16.45,12.64,22.14
2020-01-12,0.0,29.23,58.54,1018.19,10.54,8.0,8.54,22.14,0.0,27.45,0.0,22.14,24.52,16.45,26.48
2020-01-13,0.0,31.38,52.89,1021.3,4.72,8.0,6.84,26.48,0.0,0.0,27.45,26.48,22.14,24.52,22.52
2020-01-14,0.0,25.2,66.04,1022.04,5.62,8.0,7.9,22.52,0.0,0.0,0.0,22.52,26.48,22.14,19.53
2020-01-15,42.17,30.12,56.41,1020.97,12.06,8.0,7.88,19.53,0.0,0.0,0.0,19.53,22.52,26.48,34.19
2020-01-16,0.0,29.72,54.62,1006.93,9.21,8.0,8.85,34.19,42.17,0.0,0.0,34.19,19.53,22.52,42.44
2020-01-17,0.0,27.83,50.92,1023.39,9.74,8.0,8.5,42.44,0.0,42.17,0.0,42.44,34.19,19.53,38.72
2020-01-18,0.0,28.98,59.37,1025.01,7.86,8.0,7.32,38.72,0.0,0.0,42.17,38.72,42.44,34.19,37.52
2020-01-19,0.0,30.64,58.9,1014.92,11.76,8.0,8.44,37.52,0.0,0.0,0.0,37.52,38.72,42.44,33.62
2020-01-20,0.0,30.19,60.42,1018.48,8.95,8.0,8.5,33.62,0.0,0.0,0.0,33.62,37.52,38.72,32.28
2020-01-21,0.0,25.09,50.62,1012.79,9.35,8.0,8.33,32.28,0.0,0.0,0.0,32.28,33.62,37.52,26.81
2020-01-22,20.83,29.93,46.71,1007.46,7.02,8.0,9.2,26.81,0.0,0.0,0.0,26.81,32.28,33.62,41.24
2020-01-23,0.0,27.65,62.41,1013.46,13.23,8.0,8.89,41.24,20.83,0.0,0.0,41.24,26.81,32.28,39.8
2020-01-24,19.96,27.93,68.54,1014.4,9.23,8.0,8.08,39.8,0.0,20.83,0.0,39.8,41.24,26.81,45.4
2020-01-25,0.0,27.86,51.08,1015.28,12.13,8.0,8.65,45.4,19.96,0.0,20.83,45.4,39.8,41.24,40.47
2020-01-26,0.0,27.23,69.51,1012.21,5.82,8.0,7.32,40.47,0.0,19.96,0.0,40.47,45.4,39.8,37.34
2020-01-27,0.0,30.51,60.5,1013.29,16.07,8.0,9.09,37.34,0.0,0.0,19.96,37.34,40.47,45.4,29.3
2020-01-28,0.0,27.25,58.59,1016.84,14.47,8.0,8.13,29.3,0.0,0.0,0.0,29.3,37.34,40.47,33.13
2020-01-29,0.0,24.58,55.99,1012.99,3.32,8.0,7.23,33.13,0.0,0.0,0.0,33.13,29.3,37.34,22.86
2020-01-30,0.0,26.32,49.21,1019.51,7.19,8.0,7.05,22.86,0.0,0.0,0.0,22.86,33.13,29.3,11.86
2020-01-31,0.0,27.67,65.96,1020.14,11.67,8.0,8.6,11.86,0.0,0.0,0.0,11.86,22.86,33.13,8.22
2020-02-01,0.0,30.22,53.75,1028.58,5.38,8.0,7.83,8.22,0.0,0.0,0.0,8.22,11.86,22.86,7.99
2020-02-02,0.0,28.57,53.86,1022.24,9.54,8.0,8.82,7.99,0.0,0.0,0.0,7.99,8.22,11.86,11.42
2020-02-03,0.0,24.85,66.41,1017.77,11.49,8.0,8.32,11.42,0.0,0.0,0.0,11.42,7.99,8.22,10.53
2020-02-04,10.65,33.11,46.43,1013.39,9.35,8.0,8.19,10.53,0.0,0.0,0.0,10.53,11.42,7.99,11.76
2020-02-05,0.0,27.47,49.09,1017.9,11.89,8.0,7.67,11.76,10.65,0.0,0.0,11.76,10.53,11.42,12.26
2020-02-06,0.0,29.91,59.78,1018.0,7.57,8.0,8.96,12.26,0.0,10.65,0.0,12.26,11.76,10.53,14.28
2020-02-07,0.0,26.25,62.12,1013.74,2.15,8.0,6.56,14.28,0.0,0.0,10.65,14.28,12.26,11.76,8.35
2020-02-08,0.0,27.87,,1020.16,13.44,8.0,9.88,8.35,0.0,0.0,0.0,8.35,14.28,12.26,10.51
2020-02-09,0.0,28.54,58.27,1009.18,13.42,8.0,6.76,10.51,0.0,0.0,0.0,10.51,8.35,14.28,5.0
2020-02-10,0.0,29.4,78.25,1014.89,18.76,8.0,9.8,5.0,0.0,0.0,0.0,5.0,10.51,8.35,5.0
2020-02-11,15.48,28.9,59.11,1018.82,2.27,8.0,7.91,5.0,0.0,0.0,0.0,5.0,5.0,10.51,10.17
2020-02-12,0.0,28.34,59.25,1014.53,12.63,8.0,8.79,10.17,15.48,0.0,0.0,10.17,5.0,5.0,6.71
2020-02-13,0.0,25.28,55.46,1014.87,3.11,8.0,7.14,6.71,0.0,15.48,0.0,6.71,10.17,5.0,7.86
2020-02-14,0.0,24.54,62.07,1015.14,16.15,8.0,9.27,7.86,0.0,0.0,15.48,7.86,6.71,10.17,5.38
2020-02-15,0.0,26.7,65.68,1011.58,11.71,8.0,9.03,5.38,0.0,0.0,0.0,5.38,7.86,6.71,5.41
2020-02-16,0.0,28.1,69.97,1021.56,6.67,8.0,8.22,5.41,0.0,0.0,0.0,5.41,5.38,7.86,5.46
2020-02-17,0.0,25.1,51.3,1010.53,12.73,8.0,9.4,5.46,0.0,0.0,0.0,5.46,5.41,5.38,6.1
2020-02-18,0.0,28.22,60.18,1017.13,8.06,8.0,7.63,6.1,0.0,0.0,0.0,6.1,5.46,5.41,5.0
2020-02-19,0.0,29.09,65.21,1017.54,11.05,8.0,9.87,5.0,0.0,0.0,0.0,5.0,6.1,5.46,5.0
2020-02-20,6.5,23.06,66.37,1010.65,10.72,8.0,6.99,5.0,0.0,0.0,0.0,5.0,5.0,6.1,11.37
2020-02-21,0.0,23.15,62.49,1015.68,16.1,8.0,9.42,11.37,6.5,0.0,0.0,11.37,5.0,5.0,14.1
2020-02-22,0.0,24.78,66.42,1010.69,16.35,8.0,9.16,14.1,0.0,6.5,0.0,14.1,11.37,5.0,14.25
2020-02-23,0.0,25.8,57.15,1022.12,7.91,8.0,9.53,14.25,0.0,0.0,6.5,14.25,14.1,11.37,9.07
2020-02-24,10.36,23.61,73.9,1009.39,13.7,8.0,8.52,9.07,0.0,0.0,0.0,9.07,14.25,14.1,5.0
2020-02-25,0.0,28.19,70.13,1011.74,11.24,8.0,8.99,5.0,10.36,0.0,0.0,5.0,9.07,14.25,5.0
2020-02-26,0.0,25.76,53.96,1008.81,5.06,8.0,6.0,5.0,0.0,10.36,0.0,5.0,5.0,9.07,7.81
2020-02-27,0.0,24.69,56.04,1008.06,7.56,8.0,8.25,7.81,0.0,0.0,10.36,7.81,5.0,5.0,5.0
2020-02-28,0.0,20.88,56.43,1022.72,18.18,8.0,8.97,5.0,0.0,0.0,0.0,5.0,7.81,5.0,5.0
2020-02-29,15.41,21.07,68.7,1017.4,11.25,8.0,8.25,5.0,0.0,0.0,0.0,5.0,5.0,7.81,8.58
2020-03-01,0.0,24.95,55.15,1015.31,13.5,8.0,7.73,8.58,15.41,0.0,0.0,8.58,5.0,5.0,10.15
2020-03-02,0.0,18.8,62.03,1011.24,9.26,8.0,6.75,10.15,0.0,15.41,0.0,10.15,8.58,5.0,11.08
2020-03-03,0.0,26.55,67.72,1018.98,8.11,8.0,7.94,11.08,0.0,0.0,15.41,11.08,10.15,8.58,7.03
2020-03-04,0.0,23.51,64.28,1010.24,10.1,8.0,7.72,7.03,0.0,0.0,0.0,7.03,11.08,10.15,9.39
2020-03-05,5.61,31.89,66.75,1018.24,9.07,8.0,8.75,9.39,0.0,0.0,0.0,9.39,7.03,11.08,9.16
2020-03-06,0.0,29.44,57.68,1009.83,4.77,8.0,7.8,9.16,5.61,0.0,0.0,9.16,9.39,7.03,7.86
2020-03-07,5.16,23.1,69.5,1010.89,6.49,8.0,6.77,7.86,0.0,5.61,0.0,7.86,9.16,9.39,6.52
2020-03-08,0.0,23.17,61.25,1017.82,12.48,8.0,7.92,6.52,5.16,0.0,5.61,6.52,7.86,9.16,13.59
2020-03-09,0.0,25.81,63.47,1018.26,8.67,8.0,7.22,13.59,0.0,5.16,0.0,13.59,6.52,7.86,11.92
2020-03-10,0.0,27.46,67.61,1016.84,10.09,8.0,10.4,11.92,0.0,0.0,5.16,11.92,13.59,6.52,12.15
2020-03-11,0.0,18.98,66.87,1008.52,10.82,8.0,7.65,12.15,0.0,0.0,0.0,12.15,11.92,13.59,11.3
2020-03-12,0.0,18.49,66.52,1011.45,11.1,8.0,8.77,11.3,0.0,0.0,0.0,11.3,12.15,11.92,14.29
2020-03-13,0.0,21.29,61.3,1014.39,14.01,8.0,7.3,14.29,0.0,0.0,0.0,14.29,11.3,12.15,9.61
2020-03-14,4.46,24.18,64.67,1009.27,6.15,8.0,7.19,9.61,0.0,0.0,0.0,9.61,14.29,11.3,12.17
2020-03-15,0.0,23.84,66.98,1020.28,12.0,8.0,7.73,12.17,4.46,0.0,0.0,12.17,9.61,14.29,10.5
2020-03-16,0.0,25.16,57.55,1001.33,12.64,8.0,8.69,10.5,0.0,4.46,0.0,10.5,12.17,9.61,10.42
2020-03-17,0.0,19.36,64.14,1009.36,13.45,8.0,7.99,10.42,0.0,0.0,4.46,10.42,10.5,12.17,7.96
2020-03-18,0.0,16.45,70.3,1010.62,5.05,8.0,5.31,7.96,0.0,0.0,0.0,7.96,10.42,10.5,13.7
2020-03-19,21.53,24.27,58.85,998.87,10.89,8.0,8.39,13.7,0.0,0.0,0.0,13.7,7.96,10.42,20.71
2020-03-20,0.0,19.93,76.1,1006.02,16.01,8.0,8.43,20.71,21.53,0.0,0.0,20.71,13.7,7.96,17.09
2020-03-21,0.0,16.83,77.09,1016.04,9.65,8.0,7.15,17.09,0.0,21.53,0.0,17.09,20.71,13.7,17.17
2020-03-22,0.0,22.12,59.7,1012.98,11.69,,8.81,17.17,0.0,0.0,21.53,17.17,17.09,20.71,15.58
2020-03-23,0.0,23.62,78.12,1020.61,12.73,8.0,8.88,15.58,0.0,0.0,0.0,15.58,17.17,17.09,14.16
2020-03-24,4.75,21.21,,1020.38,6.41,8.0,8.26,14.16,0.0,0.0,0.0,14.16,15.58,17.17,10.01
2020-03-25,25.65,20.25,71.96,1014.74,16.42,8.0,8.6,10.01,4.75,0.0,0.0,10.01,14.16,15.58,16.39
2020-03-26,8.9,20.88,65.76,1014.05,11.75,8.0,8.46,16.39,25.65,4.75,0.0,16.39,10.01,14.16,30.36
2020-03-27,4.01,20.23,75.9,1012.73,11.82,8.0,7.47,30.36,8.9,25.65,4.75,30.36,16.39,10.01,32.47
2020-03-28,33.65,17.67,72.49,999.04,4.18,8.0,6.36,32.47,4.01,8.9,25.65,32.47,30.36,16.39,44.15
2020-03-29,0.0,19.13,64.15,1005.26,12.78,8.0,8.17,44.15,33.65,4.01,8.9,44.15,32.47,30.36,53.37
2020-03-30,0.0,22.1,61.9,1012.65,11.77,8.0,7.49,53.37,0.0,33.65,4.01,53.37,44.15,32.47,53.81
2020-03-31,0.0,21.49,60.04,1015.14,15.68,8.0,8.47,53.81,0.0,0.0,33.65,53.81,53.37,44.15,47.24
2020-04-01,7.53,20.99,71.78,1013.42,8.91,8.0,6.26,47.24,0.0,0.0,0.0,47.24,53.81,53.37,45.55
2020-04-02,0.0,17.96,74.67,1007.43,6.54,8.0,7.57,45.55,7.53,0.0,0.0,45.55,47.24,53.81,48.58
2020-04-03,0.0,19.88,75.42,1016.49,7.61,8.0,7.96,48.58,0.0,7.53,0.0,48.58,45.55,47.24,41.43
2020-04-04,0.0,14.77,70.24,1019.14,8.23,8.0,5.54,41.43,0.0,0.0,7.53,41.43,48.58,45.55,39.38
2020-04-05,0.0,20.54,63.16,1016.33,6.08,8.0,7.78,39.38,0.0,0.0,0.0,39.38,41.43,48.58,37.04
2020-04-06,0.0,23.55,66.68,1016.51,14.52,8.0,9.21,37.04,0.0,0.0,0.0,37.04,39.38,41.43,32.81
2020-04-07,128.49,16.18,79.72,1008.68,14.65,8.0,7.83,32.81,0.0,0.0,0.0,32.81,37.04,39.38,80.93
2020-04-08,0.0,18.29,68.46,1016.77,9.31,8.0,7.32,80.93,128.49,0.0,0.0,80.93,32.81,37.04,98.32
2020-04-09,14.15,20.46,73.05,1012.04,8.63,8.0,7.64,98.32,0.0,128.49,0.0,98.32,80.93,32.81,107.88
2020-04-10,0.0,22.66,64.71,1013.79,3.65,8.0,5.66,107.88,14.15,0.0,128.49,107.88,98.32,80.93,100.28
2020-04-11,0.0,18.29,74.79,1012.98,12.44,8.0,9.35,100.28,0.0,14.15,0.0,100.28,107.88,98.32,84.21
2020-04-12,0.0,17.57,69.42,1010.47,15.79,8.0,6.22,84.21,0.0,0.0,14.15,84.21,100.28,107.88,85.25
2020-04-13,0.0,14.27,80.14,1006.69,7.77,8.0,5.16,85.25,0.0,0.0,0.0,85.25,84.21,100.28,77.1
2020-04-14,50.2,19.34,78.42,1010.5,9.59,8.0,8.02,77.1,0.0,0.0,0.0,77.1,85.25,84.21,90.62
2020-04-15,0.0,24.08,69.72,1015.77,11.52,8.0,8.76,90.62,50.2,0.0,0.0,90.62,77.1,85.25,96.98
2020-04-16,0.0,19.56,72.49,1008.55,16.04,8.0,9.56,96.98,0.0,50.2,0.0,96.98,90.62,77.1,89.18
2020-04-17,0.0,18.7,69.7,1015.15,10.7,8.0,7.4,89.18,0.0,0.0,50.2,89.18,96.98,90.62,76.05
2020-04-18,0.0,19.46,63.81,1014.29,10.68,8.0,6.69,76.05,0.0,0.0,0.0,76.05,89.18,96.98,65.78
2020-04-19,0.0,18.52,67.92,1009.04,10.63,8.0,7.34,65.78,0.0,0.0,0.0,65.78,76.05,89.18,65.49
2020-04-20,19.03,16.41,75.49,1017.4,5.01,8.0,6.86,65.49,0.0,0.0,0.0,65.49,65.78,76.05,65.3
2020-04-21,4.21,20.4,76.55,1008.61,4.94,8.0,6.05,65.3,19.03,0.0,0.0,65.3,65.49,65.78,72.69
2020-04-22,37.87,18.8,75.49,1017.86,7.17,8.0,5.91,72.69,4.21,19.03,0.0,72.69,65.3,65.49,81.13
2020-04-23,0.0,18.18,72.51,1012.41,13.55,8.0,7.69,81.13,37.87,4.21,19.03,81.13,72.69,65.3,70.31
2020-04-24,0.0,15.6,81.33,1010.09,8.83,8.0,6.06,70.31,0.0,37.87,4.21,70.31,81.13,72.69,60.53
2020-04-25,0.0,21.2,75.41,1005.66,8.15,8.0,7.04,60.53,0.0,0.0,37.87,60.53,70.31,81.13,55.33
2020-04-26,34.47,19.5,80.06,1009.59,8.08,8.0,6.46,55.33,0.0,0.0,0.0,55.33,60.53,70.31,65.43
2020-04-27,0.0,16.36,62.88,1008.94,9.52,8.0,7.38,65.43,34.47,0.0,0.0,65.43,55.33,60.53,65.75
2020-04-28,30.7,20.15,48.0,1003.6,15.96,8.0,8.01,65.75,0.0,34.47,0.0,65.75,65.43,55.33,71.29
2020-04-29,0.0,16.31,77.61,1008.74,9.47,8.0,6.41,71.29,30.7,0.0,34.47,71.29,65.75,65.43,64.7
2020-04-30,14.92,15.51,65.81,1005.74,7.25,8.0,7.03,64.7,0.0,30.7,0.0,64.7,71.29,65.75,61.82
2020-05-01,0.0,15.47,74.45,1012.62,10.09,8.0,5.95,61.82,14.92,0.0,30.7,61.82,64.7,71.29,56.29
2020-05-02,0.0,12.85,73.97,1016.16,16.14,8.0,6.74,56.29,0.0,14.92,0.0,56.29,61.82,64.7,52.55
2020-05-03,28.06,18.37,87.35,1003.43,8.24,8.0,7.09,52.55,0.0,0.0,14.92,52.55,56.29,61.82,62.52
2020-05-04,8.64,12.53,79.19,1018.07,5.87,8.0,5.16,62.52,28.06,0.0,0.0,62.52,52.55,56.29,67.56
2020-05-05,0.0,13.95,77.7,1008.8,8.25,8.0,7.42,67.56,8.64,28.06,0.0,67.56,62.52,52.55,65.18
2020-05-06,19.27,11.75,82.54,1004.51,10.45,8.0,5.6,65.18,0.0,8.64,28.06,65.18,67.56,62.52,75.89
2020-05-07,0.0,16.64,79.4,1013.11,12.41,8.0,7.2,75.89,19.27,0.0,8.64,75.89,65.18,67.56,70.82
2020-05-08,0.0,16.4,73.76,1007.03,13.52,8.0,6.77,70.82,0.0,19.27,0.0,70.82,75.89,65.18,56.73
2020-05-09,17.9,15.88,84.6,1008.8,6.34,8.0,7.44,56.73,0.0,0.0,19.27,56.73,70.82,75.89,52.78
2020-05-10,0.0,14.01,69.46,1007.13,6.67,8.0,5.35,52.78,17.9,0.0,0.0,52.78,56.73,70.82,50.41
2020-05-11,0.0,13.61,79.62,1005.02,8.87,8.0,7.96,50.41,0.0,17.9,0.0,50.41,52.78,56.73,41.84
2020-05-12,0.0,17.63,66.65,1012.67,12.4,8.0,7.53,41.84,0.0,0.0,17.9,41.84,50.41,52.78,41.43
2020-05-13,0.0,15.02,79.04,1007.56,5.59,8.0,5.95,41.43,0.0,0.0,0.0,41.43,41.84,50.41,37.28
2020-05-14,4.29,17.11,79.08,1001.76,7.87,8.0,5.0,37.28,0.0,0.0,0.0,37.28,41.43,41.84,39.33
2020-05-15,0.0,14.04,89.59,1011.65,7.93,8.0,7.62,39.33,4.29,0.0,0.0,39.33,37.28,41.43,36.44
2020-05-16,0.0,16.64,67.01,1002.82,13.3,8.0,7.9,36.44,0.0,4.29,0.0,36.44,39.33,37.28,24.1
2020-05-17,0.0,19.38,73.88,1003.03,11.85,8.0,6.56,24.1,0.0,0.0,4.29,24.1,36.44,39.33,26.51
2020-05-18,12.05,17.52,83.95,1014.72,13.16,8.0,7.06,26.51,0.0,0.0,0.0,26.51,24.1,36.44,28.2
2020-05-19,7.23,14.96,80.65,1002.73,14.69,8.0,6.12,28.2,12.05,0.0,0.0,28.2,26.51,24.1,30.24
2020-05-20,22.62,16.57,79.67,997.08,8.93,8.0,6.14,30.24,7.23,12.05,0.0,30.24,28.2,26.51,40.68
2020-05-21,0.0,15.27,71.81,1011.74,5.84,8.0,6.11,40.68,22.62,7.23,12.05,40.68,30.24,28.2,40.71
2020-05-22,0.0,15.83,74.47,1007.06,5.87,8.0,7.56,40.71,0.0,22.62,7.23,40.71,40.68,30.24,40.53
2020-05-23,0.0,14.94,87.41,1007.45,3.57,8.0,7.74,40.53,0.0,0.0,22.62,40.53,40.71,40.68,36.5
2020-05-24,17.53,15.29,78.43,1006.93,8.39,8.0,6.98,36.5,0.0,0.0,0.0,36.5,40.53,40.71,39.34
2020-05-25,23.45,16.18,81.51,1009.62,8.66,8.0,5.43,39.34,17.53,0.0,0.0,39.34,36.5,40.53,42.97
2020-05-26,3.64,13.12,78.16,1004.67,12.76,8.0,8.83,42.97,23.45,17.53,0.0,42.97,39.34,36.5,46.29
2020-05-27,0.0,13.02,70.77,1015.78,10.06,8.0,5.17,46.29,3.64,23.45,17.53,46.29,42.97,39.34,43.86
2020-05-28,0.0,12.04,85.66,1000.98,8.28,8.0,6.83,43.86,0.0,3.64,23.45,43.86,46.29,42.97,41.48
2020-05-29,0.0,11.46,82.73,1010.56,9.59,8.0,6.34,41.48,0.0,0.0,3.64,41.48,43.86,46.29,39.31
2020-05-30,0.0,12.38,95.41,1011.51,6.36,8.0,6.83,39.31,0.0,0.0,0.0,39.31,41.48,43.86,33.94
2020-05-31,32.74,15.78,72.23,1004.48,13.59,8.0,6.81,33.94,0.0,0.0,0.0,33.94,39.31,41.48,42.55
2020-06-01,0.0,13.11,85.17,1003.13,7.25,8.0,6.93,42.55,32.74,0.0,0.0,42.55,33.94,39.31,48.24
2020-06-02,0.0,16.59,70.29,1013.31,6.01,8.0,7.54,48.24,0.0,32.74,0.0,48.24,42.55,33.94,48.94
2020-06-03,5.23,15.36,80.63,1003.24,12.86,8.0,7.54,48.94,0.0,0.0,32.74,48.94,48.24,42.55,43.0
2020-06-04,7.33,10.32,86.42,1005.14,12.01,8.0,6.51,43.0,5.23,0.0,0.0,43.0,48.94,48.24,36.49
2020-06-05,11.22,16.85,65.13,1012.59,3.97,8.0,6.94,36.49,7.33,5.23,0.0,36.49,43.0,48.94,45.26
2020-06-06,17.18,17.21,78.25,1008.3,12.99,8.0,8.52,45.26,11.22,7.33,5.23,45.26,36.49,43.0,53.04
2020-06-07,0.0,12.67,75.79,999.13,7.4,8.0,5.75,53.04,17.18,11.22,7.33,53.04,45.26,36.49,54.76
2020-06-08,0.0,16.18,74.86,1016.83,8.69,8.0,6.2,54.76,0.0,17.18,11.22,54.76,53.04,45.26,46.32
2020-06-09,0.0,12.97,82.51,1005.43,10.65,8.0,6.1,46.32,0.0,0.0,17.18,46.32,54.76,53.04,43.6
2020-06-10,0.0,15.33,87.69,1006.05,12.05,8.0,5.26,43.6,0.0,0.0,0.0,43.6,46.32,54.76,34.98
2020-06-11,19.99,11.91,78.94,1009.33,11.56,8.0,7.4,34.98,0.0,0.0,0.0,34.98,43.6,46.32,42.92
2020-06-12,53.98,10.57,81.34,1011.16,9.83,8.0,6.22,42.92,19.99,0.0,0.0,42.92,34.98,43.6,64.01
2020-06-13,0.0,14.08,80.73,1017.83,8.51,8.0,6.2,64.01,53.98,19.99,0.0,64.01,42.92,34.98,64.87
2020-06-14,0.0,14.72,79.96,999.72,11.44,8.0,6.58,64.87,0.0,53.98,19.99,64.87,64.01,42.92,64.22
2020-06-15,0.0,14.03,72.34,1012.14,9.59,8.0,6.97,64.22,0.0,0.0,53.98,64.22,64.87,64.01,58.36
2020-06-16,0.0,12.05,87.74,1011.72,16.32,8.0,6.8,58.36,0.0,0.0,0.0,58.36,64.22,64.87,53.49
2020-06-17,0.0,14.01,82.06,1007.32,12.05,8.0,7.66,53.49,0.0,0.0,0.0,53.49,58.36,64.22,47.26
2020-06-18,30.58,15.68,82.76,1011.94,6.77,8.0,6.02,47.26,0.0,0.0,0.0,47.26,53.49,58.36,47.35
2020-06-19,0.0,14.89,74.35,1012.67,8.33,8.0,5.6,47.35,30.58,0.0,0.0,47.35,47.26,53.49,52.93
2020-06-20,0.0,15.46,76.78,1001.09,10.17,8.0,7.33,52.93,0.0,30.58,0.0,52.93,47.35,47.26,52.42
2020-06-21,0.0,13.33,78.76,1016.75,14.55,8.0,6.56,52.42,0.0,0.0,30.58,52.42,52.93,47.35,46.35
2020-06-22,0.0,17.94,69.25,1000.21,14.94,8.0,7.81,46.35,0.0,0.0,0.0,46.35,52.42,52.93,45.29
2020-06-23,16.59,12.07,68.16,1002.33,8.61,8.0,7.03,45.29,0.0,0.0,0.0,45.29,46.35,52.42,42.25
2020-06-24,25.18,16.24,75.76,1006.71,6.73,8.0,6.46,42.25,16.59,0.0,0.0,42.25,45.29,46.35,49.8
2020-06-25,0.0,17.99,83.6,1017.65,6.28,8.0,6.59,49.8,25.18,16.59,0.0,49.8,42.25,45.29,54.39
2020-06-26,0.0,16.25,75.35,1006.49,10.88,8.0,6.69,54.39,0.0,25.18,16.59,54.39,49.8,42.25,58.5
2020-06-27,0.0,14.55,72.76,1007.88,18.06,8.0,8.08,58.5,0.0,0.0,25.18,58.5,54.39,49.8,49.88
2020-06-28,0.0,13.76,74.16,1015.22,11.89,8.0,6.43,49.88,0.0,0.0,0.0,49.88,58.5,54.39,37.68
2020-06-29,0.0,17.69,76.65,1006.57,4.42,8.0,6.65,37.68,0.0,0.0,0.0,37.68,49.88,58.5,35.72
2020-06-30,21.17,11.56,77.32,1002.19,7.46,8.0,5.74,35.72,0.0,0.0,0.0,35.72,37.68,49.88,45.16
2020-07-01,0.0,12.72,94.92,1006.01,7.82,8.0,5.95,45.16,21.17,0.0,0.0,45.16,35.72,37.68,37.8
2020-07-02,7.26,14.17,87.1,1014.97,7.12,8.0,5.39,37.8,0.0,21.17,0.0,37.8,45.16,35.72,38.36
2020-07-03,0.0,18.29,86.84,1008.49,8.64,8.0,7.29,38.36,7.26,0.0,21.17,38.36,37.8,45.16,39.14
2020-07-04,0.0,16.17,87.8,1017.81,11.29,8.0,6.6,39.14,0.0,7.26,0.0,39.14,38.36,37.8,40.49
2020-07-05,6.17,12.83,72.57,1011.87,12.39,8.0,6.03,40.49,0.0,0.0,7.26,40.49,39.14,38.36,32.71
2020-07-06,0.0,14.51,70.95,1004.98,13.82,8.0,6.9,32.71,6.17,0.0,0.0,32.71,40.49,39.14,29.14
2020-07-07,0.0,13.79,71.7,1008.49,11.83,8.0,7.58,29.14,0.0,6.17,0.0,29.14,32.71,40.49,24.63
2020-07-08,13.47,13.58,88.73,1003.99,3.16,8.0,5.99,24.63,0.0,0.0,6.17,24.63,29.14,32.71,23.78
2020-07-09,0.0,17.84,75.49,1004.94,6.3,8.0,4.74,23.78,13.47,0.0,0.0,23.78,24.63,29.14,24.34
2020-07-10,4.15,12.01,70.49,1030.71,9.45,8.0,5.83,24.34,0.0,13.47,0.0,24.34,23.78,24.63,25.94
2020-07-11,0.0,19.5,76.16,1013.44,10.52,8.0,8.49,25.94,4.15,0.0,13.47,25.94,24.34,23.78,29.95
2020-07-12,14.39,17.6,77.43,1012.68,13.01,8.0,8.51,29.95,0.0,4.15,0.0,29.95,25.94,24.34,24.4
2020-07-13,0.0,18.3,80.9,1005.29,10.15,8.0,6.13,24.4,14.39,0.0,4.15,24.4,29.95,25.94,26.22
2020-07-14,0.0,14.46,80.69,1016.29,10.18,8.0,7.43,26.22,0.0,14.39,0.0,26.22,24.4,29.95,22.01
2020-07-15,0.0,15.3,73.05,1013.98,10.83,8.0,5.79,22.01,0.0,0.0,14.39,22.01,26.22,24.4,15.26
2020-07-16,0.0,12.14,83.56,1017.93,9.11,8.0,5.61,15.26,0.0,0.0,0.0,15.26,22.01,26.22,12.48
2020-07-17,30.02,14.47,74.19,1017.72,10.3,8.0,5.91,12.48,0.0,0.0,0.0,12.48,15.26,22.01,24.58
2020-07-18,20.71,17.07,77.47,1001.2,13.94,8.0,8.17,24.58,30.02,0.0,0.0,24.58,12.48,15.26,34.28
2020-07-19,110.68,19.13,83.28,1003.09,9.71,8.0,7.17,34.28,20.71,30.02,0.0,34.28,24.58,12.48,83.47
2020-07-20,11.56,13.19,73.87,1003.66,9.89,8.0,6.97,83.47,110.68,20.71,30.02,83.47,34.28,24.58,102.9
2020-07-21,0.0,15.1,74.28,1004.0,9.88,8.0,5.2,102.9,11.56,110.68,20.71,102.9,83.47,34.28,107.61
2020-07-22,0.0,15.7,82.29,1010.39,14.54,8.0,8.2,107.61,0.0,11.56,110.68,107.61,102.9,83.47,100.07
2020-07-23,0.0,12.65,72.04,1005.98,6.12,8.0,7.26,100.07,0.0,0.0,11.56,100.07,107.61,102.9,87.37
2020-07-24,0.0,17.69,75.23,1019.23,16.22,8.0,8.19,87.37,0.0,0.0,0.0,87.37,100.07,107.61,77.24
2020-07-25,28.48,14.47,81.7,1018.44,5.88,8.0,7.65,77.24,0.0,0.0,0.0,77.24,87.37,100.07,80.05
2020-07-26,44.34,15.86,92.07,1008.93,7.71,8.0,7.14,80.05,28.48,0.0,0.0,80.05,77.24,87.37,100.83
2020-07-27,0.0,15.29,81.8,1018.79,12.61,8.0,8.61,100.83,44.34,28.48,0.0,100.83,80.05,77.24,102.71
2020-07-28,0.0,14.52,80.75,1016.51,13.61,8.0,7.05,102.71,0.0,44.34,28.48,102.71,100.83,80.05,97.06
2020-07-29,8.93,16.55,81.03,1006.87,5.09,8.0,6.44,97.06,0.0,0.0,44.34,97.06,102.71,100.83,89.02
2020-07-30,39.24,16.11,,999.13,6.18,8.0,5.81,89.02,8.93,0.0,0.0,89.02,97.06,102.71,96.69
2020-07-31,0.0,15.79,77.85,1008.14,10.97,8.0,5.83,96.69,39.24,8.93,0.0,96.69,89.02,97.06,87.2
2020-08-01,8.58,14.98,76.7,1006.07,18.21,8.0,7.35,87.2,0.0,39.24,8.93,87.2,96.69,89.02,83.56
2020-08-02,0.0,17.68,79.02,1010.38,14.36,8.0,7.93,83.56,8.58,0.0,39.24,83.56,87.2,96.69,77.11
2020-08-03,12.95,21.1,77.44,1009.85,9.13,8.0,6.3,77.11,0.0,8.58,0.0,77.11,83.56,87.2,74.36
2020-08-04,16.7,17.4,79.14,1009.78,1.53,8.0,5.84,74.36,12.95,0.0,8.58,74.36,77.11,83.56,74.46
2020-08-05,0.0,19.63,74.15,1012.15,10.29,8.0,5.59,74.46,16.7,12.95,0.0,74.46,74.36,77.11,75.41
2020-08-06,0.0,13.75,76.59,1003.53,11.27,8.0,6.56,75.41,0.0,16.7,12.95,75.41,74.46,74.36,69.75
2020-08-07,0.0,17.71,67.44,1011.71,8.66,8.0,7.12,69.75,0.0,0.0,16.7,69.75,75.41,74.46,57.26
2020-08-08,0.0,14.66,73.64,1007.52,7.02,8.0,5.73,57.26,0.0,0.0,0.0,57.26,69.75,75.41,44.86
2020-08-09,33.75,13.8,85.46,1010.78,10.56,8.0,6.42,44.86,0.0,0.0,0.0,44.86,57.26,69.75,56.97
2020-08-10,0.0,15.74,77.79,1014.64,6.7,8.0,6.33,56.97,33.75,0.0,0.0,56.97,44.86,57.26,53.74
2020-08-11,3.61,20.66,75.25,1003.79,16.55,8.0,8.07,53.74,0.0,33.75,0.0,53.74,56.97,44.86,53.82
2020-08-12,0.0,20.15,88.51,1008.58,15.31,8.0,8.3,53.82,3.61,0.0,33.75,53.82,53.74,56.97,50.87
2020-08-13,0.0,18.48,65.54,1009.46,12.3,8.0,6.2,50.87,0.0,3.61,0.0,50.87,53.82,53.74,46.15
2020-08-14,6.07,14.14,67.14,1007.55,10.31,8.0,5.82,46.15,0.0,0.0,3.61,46.15,50.87,53.82,48.69
2020-08-15,17.63,17.58,86.72,1014.69,7.69,8.0,5.83,48.69,6.07,0.0,0.0,48.69,46.15,50.87,50.88
2020-08-16,0.0,18.93,74.88,1006.66,9.93,8.0,7.03,50.88,17.63,6.07,0.0,50.88,48.69,46.15,50.1
2020-08-17,0.0,18.71,72.69,1007.56,15.74,8.0,9.5,50.1,0.0,17.63,6.07,50.1,50.88,48.69,44.73
2020-08-18,0.0,13.77,65.82,1006.86,13.04,8.0,7.6,44.73,0.0,0.0,17.63,44.73,50.1,50.88,38.38
2020-08-19,36.14,16.25,77.17,1015.95,10.71,8.0,5.64,38.38,0.0,0.0,0.0,38.38,44.73,50.1,51.76
2020-08-20,0.0,18.42,77.67,1008.1,13.23,8.0,7.79,51.76,36.14,0.0,0.0,51.76,38.38,44.73,56.02
2020-08-21,26.96,20.03,66.01,1012.94,11.91,8.0,7.22,56.02,0.0,36.14,0.0,56.02,51.76,38.38,59.52
2020-08-22,67.21,13.31,72.51,1020.59,11.39,8.0,6.45,59.52,26.96,0.0,36.14,59.52,56.02,51.76,83.29
2020-08-23,0.0,18.5,70.96,1010.42,13.43,8.0,7.11,83.29,67.21,26.96,0.0,83.29,59.52,56.02,90.7
2020-08-24,0.0,19.37,74.91,1016.43,11.81,8.0,7.3,90.7,0.0,67.21,26.96,90.7,83.29,59.52,89.94
2020-08-25,5.12,21.25,65.1,1019.3,13.0,8.0,6.53,89.94,0.0,0.0,67.21,89.94,90.7,83.29,77.02
2020-08-26,0.0,20.96,81.51,1016.16,10.56,8.0,7.39,77.02,5.12,0.0,0.0,77.02,89.94,90.7,66.86
2020-08-27,0.0,20.8,78.96,1011.02,9.11,8.0,7.51,66.86,0.0,5.12,0.0,66.86,77.02,89.94,61.34
2020-08-28,0.0,17.46,69.82,1014.39,8.08,8.0,6.14,61.34,0.0,0.0,5.12,61.34,66.86,77.02,56.52
2020-08-29,0.0,14.8,70.65,1004.83,7.66,8.0,6.0,56.52,0.0,0.0,0.0,56.52,61.34,66.86,51.11
2020-08-30,0.0,18.7,71.02,1007.44,4.38,8.0,5.4,51.11,0.0,0.0,0.0,51.11,56.52,61.34,44.42
2020-08-31,0.0,22.3,66.33,1008.4,6.81,8.0,6.82,44.42,0.0,0.0,0.0,44.42,51.11,56.52,35.59
2020-09-01,0.0,23.39,68.48,1022.71,6.71,8.0,7.31,35.59,0.0,0.0,0.0,35.59,44.42,51.11,30.01
2020-09-02,0.0,21.8,69.49,1007.53,8.22,8.0,7.13,30.01,0.0,0.0,0.0,30.01,35.59,44.42,29.96
2020-09-03,0.0,21.21,82.48,1007.53,15.47,8.0,8.76,29.96,0.0,0.0,0.0,29.96,30.01,35.59,29.57
2020-09-04,6.02,21.21,77.61,1006.54,9.45,8.0,8.13,29.57,0.0,0.0,0.0,29.57,29.96,30.01,25.54
2020-09-05,56.59,18.98,77.33,1014.64,10.85,8.0,6.86,25.54,6.02,0.0,0.0,25.54,29.57,29.96,53.02
2020-09-06,0.0,20.17,73.18,1012.64,10.96,8.0,7.31,53.02,56.59,6.02,0.0,53.02,25.54,29.57,56.02
2020-09-07,0.0,24.78,62.56,1017.44,15.56,8.0,7.86,56.02,0.0,56.59,6.02,56.02,53.02,25.54,56.62
2020-09-08,0.0,18.37,69.89,1015.45,7.99,8.0,6.48,56.62,0.0,0.0,56.59,56.62,56.02,53.02,46.15
2020-09-09,12.44,24.88,76.77,1005.27,9.22,8.0,7.78,46.15,0.0,0.0,0.0,46.15,56.62,56.02,51.76
2020-09-10,0.0,20.16,60.97,1008.22,9.63,8.0,7.96,51.76,12.44,0.0,0.0,51.76,46.15,56.62,51.01
2020-09-11,26.02,24.4,74.03,1019.17,13.98,8.0,8.33,51.01,0.0,12.44,0.0,51.01,51.76,46.15,57.97
2020-09-12,0.0,17.69,85.62,1011.41,14.7,8.0,7.97,57.97,26.02,0.0,12.44,57.97,51.01,51.76,54.73
2020-09-13,8.97,22.79,76.59,1018.45,11.66,8.0,6.8,54.73,0.0,26.02,0.0,54.73,57.97,51.01,62.67
2020-09-14,0.0,19.6,78.85,1011.85,14.32,8.0,8.1,62.67,8.97,0.0,26.02,62.67,54.73,57.97,58.77
2020-09-15,8.0,18.03,70.28,1007.85,10.62,8.0,6.53,58.77,0.0,8.97,0.0,58.77,62.67,54.73,63.29
2020-09-16,0.0,22.23,75.32,1011.26,9.4,8.0,8.73,63.29,8.0,0.0,8.97,63.29,58.77,62.67,57.82
2020-09-17,0.0,24.33,63.31,1008.02,14.13,8.0,9.93,57.82,0.0,8.0,0.0,57.82,63.29,58.77,52.47
2020-09-18,0.0,19.81,73.7,1010.12,11.71,8.0,8.8,52.47,0.0,0.0,8.0,52.47,57.82,63.29,49.1
2020-09-19,8.29,18.3,72.5,1014.04,7.43,8.0,6.03,49.1,0.0,0.0,0.0,49.1,52.47,57.82,47.36
2020-09-20,30.61,21.94,69.75,1015.68,13.49,8.0,8.61,47.36,8.29,0.0,0.0,47.36,49.1,52.47,57.13
2020-09-21,0.0,22.07,76.72,1005.25,9.27,8.0,5.44,57.13,30.61,8.29,0.0,57.13,47.36,49.1,58.73
2020-09-22,0.0,23.78,63.53,1013.2,8.84,8.0,8.48,58.73,0.0,30.61,8.29,58.73,57.13,47.36,58.42
2020-09-23,0.0,24.9,65.79,1010.44,13.13,8.0,8.35,58.42,0.0,0.0,30.61,58.42,58.73,57.13,48.71
2020-09-24,38.02,22.5,67.56,1010.22,9.69,8.0,6.13,48.71,0.0,0.0,0.0,48.71,58.42,58.73,58.95
2020-09-25,0.0,27.4,59.48,1014.21,11.36,8.0,8.9,58.95,38.02,0.0,0.0,58.95,48.71,58.42,57.49
2020-09-26,0.0,23.45,68.07,1010.88,12.32,8.0,7.81,57.49,0.0,38.02,0.0,57.49,58.95,48.71,57.43
2020-09-27,0.0,22.14,54.24,1020.63,7.26,8.0,6.97,57.43,0.0,0.0,38.02,57.43,57.49,58.95,50.61
2020-09-28,0.0,19.1,73.4,1019.74,11.35,8.0,7.86,50.61,0.0,0.0,0.0,50.61,57.43,57.49,42.62
2020-09-29,0.0,22.59,66.2,1019.8,14.72,8.0,9.16,42.62,0.0,0.0,0.0,42.62,50.61,57.43,42.56
2020-09-30,0.0,22.52,62.02,1011.5,6.65,8.0,7.38,42.56,0.0,0.0,0.0,42.56,42.62,50.61,41.6
2020-10-01,0.0,25.88,59.62,1009.24,11.57,8.0,6.45,41.6,0.0,0.0,0.0,41.6,42.56,42.62,40.67
2020-10-02,0.0,24.75,63.62,1014.55,7.1,8.0,7.68,40.67,0.0,0.0,0.0,40.67,41.6,42.56,40.37
2020-10-03,0.0,20.76,69.88,1013.47,13.57,8.0,7.14,40.37,0.0,0.0,0.0,40.37,40.67,41.6,37.59
2020-10-04,32.98,24.26,68.7,1011.26,13.54,8.0,8.74,37.59,0.0,0.0,0.0,37.59,40.37,40.67,49.29
2020-10-05,0.0,25.62,59.73,1008.51,8.76,8.0,8.09,49.29,32.98,0.0,0.0,49.29,37.59,40.37,49.31
2020-10-06,0.0,27.88,58.54,1014.26,17.73,8.0,9.17,49.31,0.0,32.98,0.0,49.31,49.29,37.59,51.77
2020-10-07,0.0,26.39,68.87,1012.53,13.87,8.0,8.52,51.77,0.0,0.0,32.98,51.77,49.31,49.29,46.05
2020-10-08,0.0,26.19,59.02,1018.08,12.47,8.0,6.97,46.05,0.0,0.0,0.0,46.05,51.77,49.31,38.45
2020-10-09,58.17,24.55,64.3,1018.04,12.28,8.0,9.46,38.45,0.0,0.0,0.0,38.45,46.05,51.77,59.8
2020-10-10,0.0,25.49,64.55,1020.3,13.44,8.0,8.7,59.8,58.17,0.0,0.0,59.8,38.45,46.05,62.97
2020-10-11,0.0,27.75,65.68,1008.58,6.52,8.0,7.84,62.97,0.0,58.17,0.0,62.97,59.8,38.45,65.38
2020-10-12,0.0,21.41,69.31,1016.96,10.68,8.0,7.79,65.38,0.0,0.0,58.17,65.38,62.97,59.8,60.25
2020-10-13,35.83,23.98,54.27,1011.4,11.34,8.0,6.56,60.25,0.0,0.0,0.0,60.25,65.38,62.97,71.14
2020-10-14,0.0,23.03,49.55,1009.01,8.6,8.0,8.29,71.14,35.83,0.0,0.0,71.14,60.25,65.38,64.85
2020-10-15,0.0,26.02,58.77,1013.05,11.63,8.0,7.92,64.85,0.0,35.83,0.0,64.85,71.14,60.25,55.2
2020-10-16,0.0,28.25,75.17,1020.61,14.31,8.0,8.9,55.2,0.0,0.0,35.83,55.2,64.85,71.14,48.98
2020-10-17,0.0,23.79,76.53,1013.48,8.52,8.0,6.96,48.98,0.0,0.0,0.0,48.98,55.2,64.85,43.85
2020-10-18,55.1,19.41,75.01,1023.25,9.81,8.0,6.18,43.85,0.0,0.0,0.0,43.85,48.98,55.2,66.41
2020-10-19,28.09,24.46,60.66,1018.24,7.13,8.0,6.95,66.41,55.1,0.0,0.0,66.41,43.85,48.98,79.17
2020-10-20,0.0,27.88,49.36,1013.6,3.75,8.0,7.16,79.17,28.09,55.1,0.0,79.17,66.41,43.85,78.29
2020-10-21,0.0,27.04,45.26,1021.44,12.73,8.0,8.57,78.29,0.0,28.09,55.1,78.29,79.17,66.41,69.52
2020-10-22,0.0,26.87,57.18,1017.94,9.91,8.0,7.68,69.52,0.0,0.0,28.09,69.52,78.29,79.17,57.29
2020-10-23,0.0,25.2,59.92,1011.12,10.17,8.0,7.84,57.29,0.0,0.0,0.0,57.29,69.52,78.29,48.72
2020-10-24,0.0,22.8,70.24,1025.15,6.55,8.0,6.82,48.72,0.0,0.0,0.0,48.72,57.29,69.52,38.81
2020-10-25,0.0,27.39,67.05,1017.23,9.35,8.0,6.91,38.81,0.0,0.0,0.0,38.81,48.72,57.29,34.26
2020-10-26,65.04,24.11,62.4,1016.09,13.84,8.0,8.31,34.26,0.0,0.0,0.0,34.26,38.81,48.72,57.61
2020-10-27,0.0,31.75,54.41,1011.79,10.0,8.0,8.62,57.61,65.04,0.0,0.0,57.61,34.26,38.81,60.67
2020-10-28,0.0,27.81,53.75,1022.03,10.1,8.0,7.67,60.67,0.0,65.04,0.0,60.67,57.61,34.26,57.5
2020-10-29,0.0,25.03,62.1,1018.79,10.73,8.0,8.72,57.5,0.0,0.0,65.04,57.5,60.67,57.61,46.71
2020-10-30,0.0,25.04,65.04,1019.41,5.67,8.0,7.2,46.71,0.0,0.0,0.0,46.71,57.5,60.67,32.8
2020-10-31,0.0,26.43,62.75,1013.79,12.19,8.0,8.66,32.8,0.0,0.0,0.0,32.8,46.71,57.5,26.3
2020-11-01,0.0,26.15,52.61,1020.56,5.61,8.0,6.69,26.3,0.0,0.0,0.0,26.3,32.8,46.71,21.41
2020-11-02,16.86,29.63,64.26,1021.02,6.71,8.0,7.33,21.41,0.0,0.0,0.0,21.41,26.3,32.8,18.4
2020-11-03,0.0,27.39,62.54,1013.17,6.33,8.0,7.36,18.4,16.86,0.0,0.0,18.4,21.41,26.3,24.23
2020-11-04,5.36,25.18,51.92,1009.49,9.39,8.0,6.88,24.23,0.0,16.86,0.0,24.23,18.4,21.41,28.79
2020-11-05,0.0,31.82,53.78,1019.55,8.77,8.0,7.0,28.79,5.36,0.0,16.86,28.79,24.23,18.4,25.13
2020-11-06,0.0,27.3,63.95,1008.83,10.0,8.0,9.2,25.13,0.0,5.36,0.0,25.13,28.79,24.23,15.36
2020-11-07,0.0,29.18,57.35,1017.51,6.83,8.0,7.42,15.36,0.0,0.0,5.36,15.36,25.13,28.79,17.04
2020-11-08,0.0,25.81,69.98,1014.57,13.52,8.0,8.34,17.04,0.0,0.0,0.0,17.04,15.36,25.13,13.32
2020-11-09,13.96,28.32,62.23,1022.96,12.92,8.0,8.91,13.32,0.0,0.0,0.0,13.32,17.04,15.36,11.76
2020-11-10,0.0,28.27,55.19,1014.96,9.39,8.0,8.01,11.76,13.96,0.0,0.0,11.76,13.32,17.04,8.44
2020-11-11,0.0,22.84,58.39,1022.51,8.33,8.0,6.51,8.44,0.0,13.96,0.0,8.44,11.76,13.32,7.26
2020-11-12,0.0,32.67,58.79,1014.45,7.97,8.0,9.27,7.26,0.0,0.0,13.96,7.26,8.44,11.76,5.0
2020-11-13,0.0,30.93,53.12,1022.07,8.91,8.0,8.04,5.0,0.0,0.0,0.0,5.0,7.26,8.44,5.0
2020-11-14,0.0,26.78,51.71,1027.43,5.1,8.0,7.91,5.0,0.0,0.0,0.0,5.0,5.0,7.26,5.0
2020-11-15,0.0,25.08,62.9,1011.83,6.64,8.0,8.56,5.0,0.0,0.0,0.0,5.0,5.0,5.0,9.39
2020-11-16,15.61,28.78,63.79,1018.68,13.01,8.0,7.75,9.39,0.0,0.0,0.0,9.39,5.0,5.0,17.81
2020-11-17,0.0,28.19,61.99,1031.01,11.06,8.0,9.09,17.81,15.61,0.0,0.0,17.81,9.39,5.0,15.8
2020-11-18,24.84,28.92,68.27,1017.64,15.72,8.0,9.28,15.8,0.0,15.61,0.0,15.8,17.81,9.39,28.83
2020-11-19,15.23,28.57,53.76,1017.66,8.95,8.0,7.49,28.83,24.84,0.0,15.61,28.83,15.8,17.81,34.74
2020-11-20,21.76,29.42,69.18,1021.34,8.73,8.0,8.54,34.74,15.23,24.84,0.0,34.74,28.83,15.8,45.39
2020-11-21,0.0,31.83,51.05,1017.64,8.57,8.0,8.61,45.39,21.76,15.23,24.84,45.39,34.74,28.83,41.25
2020-11-22,0.0,29.68,50.18,1008.94,8.88,8.0,7.86,41.25,0.0,21.76,15.23,41.25,45.39,34.74,40.29
2020-11-23,0.0,25.69,44.86,1023.17,7.69,8.0,9.28,40.29,0.0,0.0,21.76,40.29,41.25,45.39,38.22
2020-11-24,0.0,31.77,53.97,1007.53,10.95,8.0,9.17,38.22,0.0,0.0,0.0,38.22,40.29,41.25,33.73
2020-11-25,0.0,32.52,53.48,1015.5,10.1,8.0,7.95,33.73,0.0,0.0,0.0,33.73,38.22,40.29,27.08
2020-11-26,0.0,36.34,60.6,1023.65,8.22,8.0,9.19,27.08,0.0,0.0,0.0,27.08,33.73,38.22,15.72
2020-11-27,0.0,25.7,58.55,1015.87,14.38,8.0,8.55,15.72,0.0,0.0,0.0,15.72,27.08,33.73,16.78
2020-11-28,0.0,29.16,48.42,1014.21,16.64,8.0,8.55,16.78,0.0,0.0,0.0,16.78,15.72,27.08,13.65
2020-11-29,24.57,23.39,53.95,1022.11,14.08,8.0,8.23,13.65,0.0,0.0,0.0,13.65,16.78,15.72,19.6
2020-11-30,0.0,30.01,54.03,1013.48,11.95,8.0,9.13,19.6,24.57,0.0,0.0,19.6,13.65,16.78,19.49
2020-12-01,0.0,27.3,44.13,1011.65,12.67,8.0,7.94,19.49,0.0,24.57,0.0,19.49,19.6,13.65,20.84
2020-12-02,0.0,33.51,49.64,1019.16,16.5,8.0,8.79,20.84,0.0,0.0,24.57,20.84,19.49,19.6,13.22
2020-12-03,0.0,26.8,51.05,1016.9,12.66,8.0,7.49,13.22,0.0,0.0,0.0,13.22,20.84,19.49,12.94
2020-12-04,139.02,24.55,66.43,1011.62,7.95,8.0,6.5,12.94,0.0,0.0,0.0,12.94,13.22,20.84,68.89
2020-12-05,0.0,27.62,57.68,1021.04,11.37,8.0,8.88,68.89,139.02,0.0,0.0,68.89,12.94,13.22,85.67
2020-12-06,0.0,23.89,60.93,1020.2,12.19,8.0,8.48,85.67,0.0,139.02,0.0,85.67,68.89,12.94,89.29
2020-12-07,0.0,30.73,45.76,1016.1,6.52,8.0,7.39,89.29,0.0,0.0,139.02,89.29,85.67,68.89,79.23
2020-12-08,0.0,23.71,64.57,1016.46,9.0,8.0,7.46,79.23,0.0,0.0,0.0,79.23,89.29,85.67,61.04
2020-12-09,0.0,28.97,65.28,1020.28,13.85,8.0,7.89,61.04,0.0,0.0,0.0,61.04,79.23,89.29,51.07
2020-12-10,18.16,23.72,42.15,1023.89,3.62,8.0,6.42,51.07,0.0,0.0,0.0,51.07,61.04,79.23,54.83
2020-12-11,0.0,28.13,51.17,1016.54,5.62,8.0,7.15,54.83,18.16,0.0,0.0,54.83,51.07,61.04,51.2
2020-12-12,11.84,33.06,59.56,1021.24,9.38,8.0,8.99,51.2,0.0,18.16,0.0,51.2,54.83,51.07,55.65
2020-12-13,35.19,29.87,60.57,1020.8,11.24,8.0,9.61,55.65,11.84,0.0,18.16,55.65,51.2,54.83,66.1
2020-12-14,22.42,26.82,51.29,1022.38,5.25,8.0,6.61,66.1,35.19,11.84,0.0,66.1,55.65,51.2,73.55
2020-12-15,0.0,28.91,53.89,1018.19,9.56,8.0,7.68,73.55,22.42,35.19,11.84,73.55,66.1,55.65,72.2
2020-12-16,0.0,29.04,51.83,1013.43,14.04,8.0,9.26,72.2,0.0,22.42,35.19,72.2,73.55,66.1,66.33
2020-12-17,0.0,30.18,56.78,1015.68,10.24,8.0,7.42,66.33,0.0,0.0,22.42,66.33,72.2,73.55,55.02
2020-12-18,0.0,25.58,64.38,1019.71,13.29,8.0,7.75,55.02,0.0,0.0,0.0,55.02,66.33,72.2,50.49
2020-12-19,0.0,30.48,50.6,1027.09,7.93,8.0,8.97,50.49,0.0,0.0,0.0,50.49,55.02,66.33,50.24
2020-12-20,43.5,22.24,63.01,1015.58,7.17,8.0,8.18,50.24,0.0,0.0,0.0,50.24,50.49,55.02,58.4
2020-12-21,17.14,27.42,50.54,1022.02,12.97,8.0,7.96,58.4,43.5,0.0,0.0,58.4,50.24,50.49,69.23
2020-12-22,0.0,27.77,50.08,1016.35,11.29,8.0,7.84,69.23,17.14,43.5,0.0,69.23,58.4,50.24,66.58
2020-12-23,0.0,30.57,61.76,1018.54,5.85,8.0,8.47,66.58,0.0,17.14,43.5,66.58,69.23,58.4,57.69
2020-12-24,42.04,29.03,62.5,1025.56,7.2,8.0,8.73,57.69,0.0,0.0,17.14,57.69,66.58,69.23,66.71
2020-12-25,0.0,25.45,62.03,1021.79,15.48,8.0,8.57,66.71,42.04,0.0,0.0,66.71,57.69,66.58,64.98
2020-12-26,0.0,26.49,46.88,1011.76,6.76,8.0,7.13,64.98,0.0,42.04,0.0,64.98,66.71,57.69,64.32
2020-12-27,0.0,29.43,52.85,1015.09,13.27,8.0,9.37,64.32,0.0,0.0,42.04,64.32,64.98,66.71,56.33
2020-12-28,0.0,28.72,61.91,1024.22,8.33,8.0,8.35,56.33,0.0,0.0,0.0,56.33,64.32,64.98,48.53
2020-12-29,0.0,27.45,56.47,1018.63,9.99,8.0,8.17,48.53,0.0,0.0,0.0,48.53,56.33,64.32,43.7
2020-12-30,0.0,27.67,48.7,1012.17,11.03,8.0,9.89,43.7,0.0,0.0,0.0,43.7,48.53,56.33,39.64
2020-12-31,0.0,30.59,59.47,1013.8,2.65,8.0,7.63,39.64,0.0,0.0,0.0,39.64,43.7,48.53,34.26
2021-01-01,0.0,27.55,51.26,1021.41,4.88,8.0,6.56,34.26,0.0,0.0,0.0,34.26,39.64,43.7,33.4
2021-01-02,0.0,28.6,68.87,1022.84,10.3,8.0,8.65,33.4,0.0,0.0,0.0,33.4,34.26,39.64,29.37
2021-01-03,0.0,34.21,67.18,1017.94,7.46,8.0,7.97,29.37,0.0,0.0,0.0,29.37,33.4,34.26,32.32
2021-01-04,0.0,25.2,60.64,1030.2,13.49,8.0,8.33,32.32,0.0,0.0,0.0,32.32,29.37,33.4,25.22
2021-01-05,0.0,24.1,66.0,1021.93,4.38,8.0,7.56,25.22,0.0,0.0,0.0,25.22,32.32,29.37,16.95
2021-01-06,0.0,30.65,56.98,1016.56,11.98,8.0,9.54,16.95,0.0,0.0,0.0,16.95,25.22,32.32,15.02
2021-01-07,0.0,26.96,61.95,1013.68,5.18,8.0,5.04,15.02,0.0,0.0,0.0,15.02,16.95,25.22,16.21
2021-01-08,0.0,27.82,67.0,1012.85,8.77,8.0,7.55,16.21,0.0,0.0,0.0,16.21,15.02,16.95,12.8
2021-01-09,0.0,26.62,58.44,1019.37,6.27,8.0,7.14,12.8,0.0,0.0,0.0,12.8,16.21,15.02,8.22
2021-01-10,30.44,27.89,55.01,1015.22,16.66,8.0,9.26,8.22,0.0,0.0,0.0,8.22,12.8,16.21,19.75
2021-01-11,36.76,32.49,44.94,1026.0,5.31,8.0,7.41,19.75,30.44,0.0,0.0,19.75,8.22,12.8,37.28
2021-01-12,0.0,30.45,56.37,1024.93,9.57,8.0,8.24,37.28,36.76,30.44,0.0,37.28,19.75,8.22,42.61
2021-01-13,0.0,30.55,62.8,1020.73,3.96,8.0,7.55,42.61,0.0,36.76,30.44,42.61,37.28,19.75,38.62
2021-01-14,0.0,24.81,63.74,1011.64,15.6,8.0,7.38,38.62,0.0,0.0,36.76,38.62,42.61,37.28,32.18
2021-01-15,0.0,25.42,60.74,1014.14,11.4,8.0,8.04,32.18,0.0,0.0,0.0,32.18,38.62,42.61,31.63
2021-01-16,0.0,21.14,53.51,1023.74,10.48,8.0,8.38,31.63,0.0,0.0,0.0,31.63,32.18,38.62,32.29
2021-01-17,25.61,26.16,43.56,1014.6,15.16,8.0,7.92,32.29,0.0,0.0,0.0,32.29,31.63,32.18,38.48
2021-01-18,0.0,30.52,54.03,1022.99,10.52,8.0,8.75,38.48,25.61,0.0,0.0,38.48,32.29,31.63,34.61
2021-01-19,0.0,29.36,55.46,1019.71,10.77,8.0,8.61,34.61,0.0,25.61,0.0,34.61,38.48,32.29,29.58
2021-01-20,0.0,27.46,55.51,1017.55,10.46,8.0,6.84,29.58,0.0,0.0,25.61,29.58,34.61,38.48,21.37
2021-01-21,33.63,27.89,62.14,1013.73,11.97,8.0,8.25,21.37,0.0,0.0,0.0,21.37,29.58,34.61,35.78
2021-01-22,0.0,26.16,71.82,1016.73,8.28,8.0,7.67,35.78,33.63,0.0,0.0,35.78,21.37,29.58,38.7
2021-01-23,0.0,28.33,58.9,1018.1,9.25,8.0,9.19,38.7,0.0,33.63,0.0,38.7,35.78,21.37,37.08
2021-01-24,0.0,29.66,56.63,1022.27,12.84,8.0,8.6,37.08,0.0,0.0,33.63,37.08,38.7,35.78,35.27
2021-01-25,0.0,23.64,56.45,1012.63,10.97,8.0,8.25,35.27,0.0,0.0,0.0,35.27,37.08,38.7,32.47
2021-01-26,0.0,28.36,59.26,1015.69,9.6,8.0,7.68,32.47,0.0,0.0,0.0,32.47,35.27,37.08,19.7
2021-01-27,0.0,29.87,52.72,1017.18,5.1,8.0,8.01,19.7,0.0,0.0,0.0,19.7,32.47,35.27,14.33
2021-01-28,0.0,26.42,59.48,1020.21,15.24,8.0,9.58,14.33,0.0,0.0,0.0,14.33,19.7,32.47,12.32
2021-01-29,0.44,29.13,61.93,1012.3,7.68,8.0,6.71,12.32,0.0,0.0,0.0,12.32,14.33,19.7,16.82
2021-01-30,0.0,34.34,60.37,1010.21,13.46,8.0,9.59,16.82,0.44,0.0,0.0,16.82,12.32,14.33,19.72
2021-01-31,0.0,26.97,62.24,1020.1,10.62,8.0,8.66,19.72,0.0,0.44,0.0,19.72,16.82,12.32,9.5
2021-02-01,4.23,28.13,62.22,1009.09,5.47,8.0,7.49,9.5,0.0,0.0,0.44,9.5,19.72,16.82,5.37
2021-02-02,0.0,25.22,46.92,1023.04,14.38,8.0,8.88,5.37,4.23,0.0,0.0,5.37,9.5,19.72,6.06
2021-02-03,41.33,27.43,63.92,1015.78,10.89,8.0,8.92,6.06,0.0,4.23,0.0,6.06,5.37,9.5,25.16
2021-02-04,14.8,28.04,54.91,1008.76,14.67,8.0,7.91,25.16,41.33,0.0,4.23,25.16,6.06,5.37,34.01
2021-02-05,0.0,27.29,52.09,1014.03,9.36,8.0,8.45,34.01,14.8,41.33,0.0,34.01,25.16,6.06,39.43
2021-02-06,0.0,24.17,52.18,1018.27,12.46,8.0,9.21,39.43,0.0,14.8,41.33,39.43,34.01,25.16,34.15
2021-02-07,0.0,27.14,63.1,1013.64,3.83,8.0,6.89,34.15,0.0,0.0,14.8,34.15,39.43,34.01,27.76
2021-02-08,0.0,30.19,58.66,1016.34,8.25,8.0,7.75,27.76,0.0,0.0,0.0,27.76,34.15,39.43,20.01
2021-02-09,17.95,27.57,48.61,1019.88,5.54,8.0,7.11,20.01,0.0,0.0,0.0,20.01,27.76,34.15,20.1
2021-02-10,31.23,28.76,63.89,1015.1,8.69,8.0,8.38,20.1,17.95,0.0,0.0,20.1,20.01,27.76,32.25
2021-02-11,0.0,25.66,50.63,1011.36,11.65,8.0,9.45,32.25,31.23,17.95,0.0,32.25,20.1,20.01,40.67
2021-02-12,0.0,28.04,61.85,1014.48,7.88,8.0,9.61,40.67,0.0,31.23,17.95,40.67,32.25,20.1,40.92
2021-02-13,0.0,26.76,62.7,1022.98,13.02,8.0,9.84,40.92,0.0,0.0,31.23,40.92,40.67,32.25,36.78
2021-02-14,0.0,23.59,67.4,1024.26,7.0,8.0,7.03,36.78,0.0,0.0,0.0,36.78,40.92,40.67,31.37
2021-02-15,0.0,26.66,73.85,1005.66,13.1,8.0,7.84,31.37,0.0,0.0,0.0,31.37,36.78,40.92,28.92
2021-02-16,0.0,23.28,52.0,1021.14,14.58,8.0,7.26,28.92,0.0,0.0,0.0,28.92,31.37,36.78,23.79
2021-02-17,0.0,24.08,61.36,1016.87,13.55,8.0,8.73,23.79,0.0,0.0,0.0,23.79,28.92,31.37,18.13
2021-02-18,0.0,26.03,59.97,1020.16,8.8,8.0,10.23,18.13,0.0,0.0,0.0,18.13,23.79,28.92,17.71
2021-02-19,0.0,26.2,65.11,1012.71,2.56,8.0,7.11,17.71,0.0,0.0,0.0,17.71,18.13,23.79,13.48
2021-02-20,0.0,22.38,63.77,1006.55,12.04,8.0,8.22,13.48,0.0,0.0,0.0,13.48,17.71,18.13,8.12
2021-02-21,0.0,27.88,59.97,1018.24,9.56,8.0,8.17,8.12,0.0,0.0,0.0,8.12,13.48,17.71,8.37
2021-02-22,10.59,26.57,59.54,1010.53,6.58,8.0,8.06,8.37,0.0,0.0,0.0,8.37,8.12,13.48,6.9
2021-02-23,0.0,23.27,54.99,1008.22,8.05,8.0,6.99,6.9,10.59,0.0,0.0,6.9,8.37,8.12,9.55
2021-02-24,0.0,21.07,69.91,1008.49,15.02,8.0,8.48,9.55,0.0,10.59,0.0,9.55,6.9,8.37,11.1
2021-02-25,52.64,24.45,66.4,1018.01,6.02,8.0,7.02,11.1,0.0,0.0,10.59,11.1,9.55,6.9,27.37
2021-02-26,0.0,23.58,69.8,1015.62,11.64,8.0,8.37,27.37,52.64,0.0,0.0,27.37,11.1,9.55,30.35
2021-02-27,5.18,,61.39,1018.76,10.76,8.0,8.03,30.35,0.0,52.64,0.0,30.35,27.37,11.1,39.77
2021-02-28,0.0,23.57,59.16,1018.11,8.75,8.0,8.02,39.77,5.18,0.0,52.64,39.77,30.35,27.37,38.21
2021-03-01,0.0,19.34,56.4,1012.58,12.26,8.0,6.95,38.21,0.0,5.18,0.0,38.21,39.77,30.35,35.95
2021-03-02,23.04,23.28,66.66,1014.25,15.71,8.0,9.46,35.95,0.0,0.0,5.18,35.95,38.21,39.77,42.07
2021-03-03,15.22,23.37,57.06,1011.97,8.96,8.0,8.41,42.07,23.04,0.0,0.0,42.07,35.95,38.21,50.52
2021-03-04,0.0,25.6,77.48,1013.39,9.15,8.0,7.56,50.52,15.22,23.04,0.0,50.52,42.07,35.95,52.71
2021-03-05,0.0,22.16,55.59,1009.52,12.18,8.0,7.53,52.71,0.0,15.22,23.04,52.71,50.52,42.07,45.39
2021-03-06,0.0,27.98,66.85,1016.23,13.21,8.0,7.72,45.39,0.0,0.0,15.22,45.39,52.71,50.52,38.98
2021-03-07,7.33,18.89,76.11,1019.57,9.55,8.0,6.2,38.98,0.0,0.0,0.0,38.98,45.39,52.71,35.85
2021-03-08,0.0,26.83,69.53,1010.03,8.93,8.0,7.63,35.85,7.33,0.0,0.0,35.85,38.98,45.39,34.84
2021-03-09,0.0,22.87,66.77,1020.43,2.24,8.0,6.64,34.84,0.0,7.33,0.0,34.84,35.85,38.98,32.13
2021-03-10,9.52,25.47,58.96,1014.51,7.28,8.0,7.76,32.13,0.0,0.0,7.33,32.13,34.84,35.85,36.65
2021-03-11,0.0,23.4,56.27,1015.06,6.01,8.0,8.59,36.65,9.52,0.0,0.0,36.65,32.13,34.84,35.13
2021-03-12,0.0,25.93,71.54,1005.27,12.4,8.0,7.94,35.13,0.0,9.52,0.0,35.13,36.65,32.13,32.09
2021-03-13,0.0,21.99,76.9,1004.65,9.15,8.0,6.92,32.09,0.0,0.0,9.52,32.09,35.13,36.65,31.1
2021-03-14,7.11,20.09,63.49,1014.32,9.01,8.0,7.17,31.1,0.0,0.0,0.0,31.1,32.09,35.13,33.24
2021-03-15,22.62,26.27,58.79,1017.46,9.97,8.0,7.36,33.24,7.11,0.0,0.0,33.24,31.1,32.09,44.33
2021-03-16,0.0,22.32,49.76,1010.07,6.95,8.0,8.47,44.33,22.62,7.11,0.0,44.33,33.24,31.1,45.1
2021-03-17,0.0,23.04,60.31,1021.69,15.44,8.0,9.98,45.1,0.0,22.62,7.11,45.1,44.33,33.24,49.6
2021-03-18,0.0,25.45,66.59,1016.93,14.54,8.0,9.28,49.6,0.0,0.0,22.62,49.6,45.1,44.33,46.84
2021-03-19,0.0,19.66,78.78,1008.63,15.66,8.0,8.86,46.84,0.0,0.0,0.0,46.84,49.6,45.1,48.55
2021-03-20,0.0,23.61,72.51,1013.24,12.39,8.0,7.96,48.55,0.0,0.0,0.0,48.55,46.84,49.6,43.02
2021-03-21,15.42,20.53,70.14,1025.38,9.9,8.0,7.93,43.02,0.0,0.0,0.0,43.02,48.55,46.84,52.28
2021-03-22,0.0,21.55,65.41,1006.7,15.65,8.0,9.39,52.28,15.42,0.0,0.0,52.28,43.02,48.55,51.59
2021-03-23,0.0,21.94,64.33,1015.47,7.62,8.0,6.98,51.59,0.0,15.42,0.0,51.59,52.28,43.02,43.66
2021-03-24,0.0,17.89,78.46,1011.13,6.95,8.0,7.76,43.66,0.0,0.0,15.42,43.66,51.59,52.28,35.09
2021-03-25,0.0,19.57,70.23,1016.19,7.89,8.0,6.97,35.09,0.0,0.0,0.0,35.09,43.66,51.59,29.84
2021-03-26,0.0,24.78,54.31,1018.91,11.83,8.0,8.15,29.84,0.0,0.0,0.0,29.84,35.09,43.66,25.18
2021-03-27,0.0,23.49,64.52,1010.55,7.33,8.0,6.66,25.18,0.0,0.0,0.0,25.18,29.84,35.09,23.35
2021-03-28,0.0,21.0,63.43,1017.99,9.46,8.0,7.59,23.35,0.0,0.0,0.0,23.35,25.18,29.84,26.7
2021-03-29,0.0,21.65,65.82,1023.42,4.39,8.0,7.61,26.7,0.0,0.0,0.0,26.7,23.35,25.18,24.63
2021-03-30,0.0,20.18,73.79,1012.56,11.68,8.0,5.8,24.63,0.0,0.0,0.0,24.63,26.7,23.35,18.15
2021-03-31,0.0,24.19,69.3,1016.07,4.69,8.0,7.29,18.15,0.0,0.0,0.0,18.15,24.63,26.7,17.51
2021-04-01,20.24,20.18,69.72,1009.11,6.74,8.0,7.46,17.51,0.0,0.0,0.0,17.51,18.15,24.63,22.5
2021-04-02,0.0,21.14,79.65,1012.07,14.26,8.0,8.16,22.5,20.24,0.0,0.0,22.5,17.51,18.15,22.62
2021-04-03,0.0,23.31,65.79,1011.01,14.13,8.0,6.78,22.62,0.0,20.24,0.0,22.62,22.5,17.51,21.68
2021-04-04,0.0,18.39,83.91,1015.79,11.31,8.0,6.21,21.68,0.0,0.0,20.24,21.68,22.62,22.5,17.8
2021-04-05,0.0,24.11,66.36,1017.75,10.96,8.0,7.9,17.8,0.0,0.0,0.0,17.8,21.68,22.62,11.13
2021-04-06,0.0,16.27,71.89,1011.09,8.14,8.0,5.31,11.13,0.0,0.0,0.0,11.13,17.8,21.68,10.13
2021-04-07,0.0,24.06,69.49,1019.23,7.29,8.0,9.54,10.13,0.0,0.0,0.0,10.13,11.13,17.8,15.0
2021-04-08,0.0,18.94,72.52,1019.13,8.73,8.0,8.07,15.0,0.0,0.0,0.0,15.0,10.13,11.13,16.01
2021-04-09,0.0,19.15,74.96,1015.63,4.7,8.0,5.61,16.01,0.0,0.0,0.0,16.01,15.0,10.13,9.92
2021-04-10,18.36,14.91,75.08,1008.73,10.88,8.0,7.6,9.92,0.0,0.0,0.0,9.92,16.01,15.0,7.59
2021-04-11,37.12,18.39,66.97,1008.17,10.17,8.0,7.75,7.59,18.36,0.0,0.0,7.59,9.92,16.01,27.09
2021-04-12,0.0,16.81,64.57,1007.09,6.73,8.0,6.25,27.09,37.12,18.36,0.0,27.09,7.59,9.92,35.49
2021-04-13,0.0,17.78,90.15,1015.82,15.49,8.0,8.62,35.49,0.0,37.12,18.36,35.49,27.09,7.59,37.7
2021-04-14,0.0,18.85,69.43,1004.94,12.12,8.0,5.88,37.7,0.0,0.0,37.12,37.7,35.49,27.09,33.57
2021-04-15,0.0,21.48,77.9,1014.3,12.42,8.0,7.56,33.57,0.0,0.0,0.0,33.57,37.7,35.49,25.92
2021-04-16,0.0,19.49,61.94,1005.43,8.29,8.0,6.66,25.92,0.0,0.0,0.0,25.92,33.57,37.7,28.63
2021-04-17,0.0,19.63,71.42,1014.88,10.0,8.0,8.74,28.63,0.0,0.0,0.0,28.63,25.92,33.57,24.75
2021-04-18,0.0,16.02,72.67,1010.77,12.2,8.0,6.46,24.75,0.0,0.0,0.0,24.75,28.63,25.92,19.97
2021-04-19,4.33,16.45,77.05,1017.28,10.53,8.0,7.55,19.97,0.0,0.0,0.0,19.97,24.75,28.63,21.12
2021-04-20,17.78,23.04,54.86,1016.24,15.61,8.0,8.05,21.12,4.33,0.0,0.0,21.12,19.97,24.75,25.15
2021-04-21,0.0,16.6,75.26,1017.63,9.29,8.0,7.69,25.15,17.78,4.33,0.0,25.15,21.12,19.97,22.24
2021-04-22,15.68,22.48,66.23,1017.69,8.23,8.0,7.03,22.24,0.0,17.78,4.33,22.24,25.15,21.12,26.59
2021-04-23,6.23,17.63,76.72,1011.03,12.22,8.0,6.42,26.59,15.68,0.0,17.78,26.59,22.24,25.15,30.0
2021-04-24,0.0,18.14,67.37,1004.45,5.57,8.0,6.47,30.0,6.23,15.68,0.0,30.0,26.59,22.24,34.1
2021-04-25,19.31,20.71,68.81,1004.91,13.24,8.0,8.59,34.1,0.0,6.23,15.68,34.1,30.0,26.59,32.55
2021-04-26,0.0,21.12,73.05,999.66,5.45,8.0,7.19,32.55,19.31,0.0,6.23,32.55,34.1,30.0,33.99
2021-04-27,2.34,17.56,67.77,1004.61,12.24,8.0,6.23,33.99,0.0,19.31,0.0,33.99,32.55,34.1,36.16
2021-04-28,0.0,16.77,71.97,1010.3,7.73,8.0,5.37,36.16,2.34,0.0,19.31,36.16,33.99,32.55,33.71
2021-04-29,29.74,17.51,67.11,1007.09,11.67,8.0,6.83,33.71,0.0,2.34,0.0,33.71,36.16,33.99,44.66
2021-04-30,0.0,18.4,62.79,1008.92,13.18,8.0,6.9,44.66,29.74,0.0,2.34,44.66,33.71,36.16,50.19
2021-05-01,0.0,19.69,82.9,1012.22,10.54,8.0,6.61,50.19,0.0,29.74,0.0,50.19,44.66,33.71,51.03
2021-05-02,0.0,17.38,66.86,1008.17,5.8,8.0,6.08,51.03,0.0,0.0,29.74,51.03,50.19,44.66,43.52
2021-05-03,0.0,18.83,74.84,1004.02,6.86,8.0,7.2,43.52,0.0,0.0,0.0,43.52,51.03,50.19,41.65
2021-05-04,28.75,21.29,81.51,1009.3,7.45,8.0,6.83,41.65,0.0,0.0,0.0,41.65,43.52,51.03,49.29
2021-05-05,0.0,18.06,72.08,1005.01,3.37,8.0,5.18,49.29,28.75,0.0,0.0,49.29,41.65,43.52,51.87
2021-05-06,0.0,17.8,70.76,1008.09,13.95,8.0,6.96,51.87,0.0,28.75,0.0,51.87,49.29,41.65,44.72
2021-05-07,0.0,13.14,78.26,1016.1,10.39,8.0,6.97,44.72,0.0,0.0,28.75,44.72,51.87,49.29,38.75
2021-05-08,0.0,10.28,84.65,1007.97,6.03,8.0,5.52,38.75,0.0,0.0,0.0,38.75,44.72,51.87,36.21
2021-05-09,10.7,17.74,68.77,1018.12,15.09,8.0,7.3,36.21,0.0,0.0,0.0,36.21,38.75,44.72,35.92
2021-05-10,36.9,16.46,76.04,1016.37,7.55,8.0,7.07,35.92,10.7,0.0,0.0,35.92,36.21,38.75,51.11
2021-05-11,15.14,15.33,65.1,1006.26,10.88,8.0,7.64,51.11,36.9,10.7,0.0,51.11,35.92,36.21,64.7
2021-05-12,0.0,17.15,74.61,1003.54,7.11,8.0,7.19,64.7,15.14,36.9,10.7,64.7,51.11,35.92,63.44
2021-05-13,0.0,16.32,77.73,1008.78,2.94,8.0,5.77,63.44,0.0,15.14,36.9,63.44,64.7,51.11,60.74
2021-05-14,19.42,19.21,71.63,1014.76,5.22,8.0,5.82,60.74,0.0,0.0,15.14,60.74,63.44,64.7,58.01
2021-05-15,31.03,16.54,74.53,1006.49,8.43,8.0,6.53,58.01,19.42,0.0,0.0,58.01,60.74,63.44,70.62
2021-05-16,9.05,14.38,68.0,1013.43,13.14,8.0,6.65,70.62,31.03,19.42,0.0,70.62,58.01,60.74,68.77
2021-05-17,14.36,18.66,78.51,1014.89,11.21,8.0,5.24,68.77,9.05,31.03,19.42,68.77,70.62,58.01,72.77
2021-05-18,0.0,15.58,85.47,1004.93,10.49,8.0,6.67,72.77,14.36,9.05,31.03,72.77,68.77,70.62,68.57
2021-05-19,0.0,17.37,70.51,1005.37,2.96,8.0,4.28,68.57,0.0,14.36,9.05,68.57,72.77,68.77,68.09
2021-05-20,0.0,14.8,73.94,1012.27,14.45,8.0,6.84,68.09,0.0,0.0,14.36,68.09,68.57,72.77,58.22
2021-05-21,0.0,14.31,81.92,1009.42,10.78,8.0,6.32,58.22,0.0,0.0,0.0,58.22,68.09,68.57,44.25
2021-05-22,0.0,16.08,86.99,1005.19,9.58,8.0,8.01,44.25,0.0,0.0,0.0,44.25,58.22,68.09,40.77
2021-05-23,0.0,15.85,68.15,1006.82,13.96,8.0,6.55,40.77,0.0,0.0,0.0,40.77,44.25,58.22,32.34
2021-05-24,0.0,16.96,77.52,1008.19,14.37,8.0,7.82,32.34,0.0,0.0,0.0,32.34,40.77,44.25,28.67
2021-05-25,0.0,15.03,80.77,1000.68,14.04,8.0,7.1,28.67,0.0,0.0,0.0,28.67,32.34,40.77,22.92
2021-05-26,21.09,11.06,78.17,1012.29,9.14,8.0,6.56,22.92,0.0,0.0,0.0,22.92,28.67,32.34,28.3
2021-05-27,8.77,14.52,61.63,1006.04,6.49,8.0,5.73,28.3,21.09,0.0,0.0,28.3,22.92,28.67,25.3
2021-05-28,0.0,17.54,82.56,994.48,13.46,8.0,6.27,25.3,8.77,21.09,0.0,25.3,28.3,22.92,20.49
2021-05-29,0.0,14.77,89.76,1008.24,5.22,8.0,6.04,20.49,0.0,8.77,21.09,20.49,25.3,28.3,20.42
2021-05-30,0.0,14.85,80.02,1004.62,16.82,8.0,7.77,20.42,0.0,0.0,8.77,20.42,20.49,25.3,17.46
2021-05-31,0.0,17.89,72.06,1016.75,10.1,8.0,7.27,17.46,0.0,0.0,0.0,17.46,20.42,20.49,11.36
2021-06-01,31.47,13.6,75.75,1005.35,6.29,8.0,5.82,11.36,0.0,0.0,0.0,11.36,17.46,20.42,21.28
2021-06-02,0.0,11.49,91.8,1002.76,5.69,8.0,5.37,21.28,31.47,0.0,0.0,21.28,11.36,17.46,26.74
2021-06-03,0.0,14.91,85.84,1010.76,5.53,8.0,6.68,26.74,0.0,31.47,0.0,26.74,21.28,11.36,26.34
2021-06-04,0.0,14.06,84.01,1004.89,10.49,8.0,7.27,26.34,0.0,0.0,31.47,26.34,26.74,21.28,24.7
2021-06-05,0.0,12.83,82.08,1004.28,9.98,8.0,5.85,24.7,0.0,0.0,0.0,24.7,26.34,26.74,18.67
2021-06-06,0.0,14.77,75.01,1010.7,5.67,8.0,5.98,18.67,0.0,0.0,0.0,18.67,24.7,26.34,18.35
2021-06-07,7.45,16.41,78.28,1002.93,8.75,8.0,5.77,18.35,0.0,0.0,0.0,18.35,18.67,24.7,18.44
2021-06-08,47.0,15.13,79.19,1000.83,5.21,8.0,6.5,18.44,7.45,0.0,0.0,18.44,18.35,18.67,38.8
2021-06-09,0.0,15.9,83.62,1016.72,12.06,8.0,7.51,38.8,47.0,7.45,0.0,38.8,18.44,18.35,45.46
2021-06-10,0.0,19.64,90.37,1010.98,9.81,8.0,8.31,45.46,0.0,47.0,7.45,45.46,38.8,18.44,44.23
2021-06-11,13.74,14.23,87.67,1006.74,8.68,8.0,7.02,44.23,0.0,0.0,47.0,44.23,45.46,38.8,43.45
2021-06-12,0.0,15.77,69.94,1008.03,5.49,8.0,6.35,43.45,13.74,0.0,0.0,43.45,44.23,45.46,40.46
2021-06-13,0.0,13.78,81.47,1010.57,8.95,8.0,8.51,40.46,0.0,13.74,0.0,40.46,43.45,44.23,39.64
2021-06-14,39.56,12.93,85.09,1012.9,8.55,8.0,6.56,39.64,0.0,0.0,13.74,39.64,40.46,43.45,57.55
2021-06-15,16.46,13.57,84.28,1004.24,11.11,8.0,7.18,57.55,39.56,0.0,0.0,57.55,39.64,40.46,62.7
2021-06-16,16.07,13.82,75.56,1009.84,10.58,8.0,5.28,62.7,16.46,39.56,0.0,62.7,57.55,39.64,73.35
2021-06-17,22.98,15.91,98.0,1005.47,12.77,8.0,7.83,73.35,16.07,16.46,39.56,73.35,62.7,57.55,78.47
2021-06-18,8.39,20.88,71.05,1007.06,8.3,8.0,9.12,78.47,22.98,16.07,16.46,78.47,73.35,62.7,78.73
2021-06-19,2.54,13.21,72.41,1008.8,3.49,8.0,5.84,78.73,8.39,22.98,16.07,78.73,78.47,73.35,75.78
2021-06-20,20.17,13.96,81.63,1007.97,13.47,8.0,7.77,75.78,2.54,8.39,22.98,75.78,78.73,78.47,75.09
2021-06-21,0.0,14.84,94.82,1011.68,6.72,8.0,7.05,75.09,20.17,2.54,8.39,75.09,75.78,78.73,69.17
2021-06-22,0.0,15.99,74.14,1010.44,6.13,8.0,7.75,69.17,0.0,20.17,2.54,69.17,75.09,75.78,69.84
2021-06-23,0.0,15.67,78.13,1000.46,9.85,8.0,7.3,69.84,0.0,0.0,20.17,69.84,69.17,75.09,61.75
2021-06-24,0.0,18.22,87.52,1001.22,11.06,8.0,5.96,61.75,0.0,0.0,0.0,61.75,69.84,69.17,56.08
2021-06-25,0.0,8.96,79.84,1006.17,8.14,8.0,5.99,56.08,0.0,0.0,0.0,56.08,61.75,69.84,55.72
2021-06-26,0.0,9.07,77.6,1017.17,8.11,8.0,6.45,55.72,0.0,0.0,0.0,55.72,56.08,61.75,55.29
2021-06-27,0.0,13.81,83.88,1003.78,8.63,8.0,6.95,55.29,0.0,0.0,0.0,55.29,55.72,56.08,48.04
2021-06-28,0.0,17.8,81.8,1007.0,14.96,8.0,7.67,48.04,0.0,0.0,0.0,48.04,55.29,55.72,39.56
2021-06-29,0.0,11.16,87.08,1005.37,9.99,8.0,6.0,39.56,0.0,0.0,0.0,39.56,48.04,55.29,31.05
2021-06-30,0.0,7.58,88.87,1005.3,6.61,8.0,5.09,31.05,0.0,0.0,0.0,31.05,39.56,48.04,23.21
2021-07-01,24.89,16.55,81.95,1008.98,6.65,8.0,6.29,23.21,0.0,0.0,0.0,23.21,31.05,39.56,29.38
2021-07-02,9.96,15.75,81.8,1015.1,9.12,8.0,6.8,29.38,24.89,0.0,0.0,29.38,23.21,31.05,31.16
2021-07-03,0.0,12.44,81.21,1010.4,10.83,8.0,7.02,31.16,9.96,24.89,0.0,31.16,29.38,23.21,32.18
2021-07-04,17.32,12.73,83.09,1004.12,11.69,8.0,7.04,32.18,0.0,9.96,24.89,32.18,31.16,29.38,34.28
2021-07-05,14.71,12.8,80.01,1021.92,10.43,8.0,6.23,34.28,17.32,0.0,9.96,34.28,32.18,31.16,38.63
2021-07-06,0.0,15.53,79.56,1008.57,7.05,8.0,5.42,38.63,14.71,17.32,0.0,38.63,34.28,32.18,38.66
2021-07-07,0.0,13.72,87.89,1005.32,8.52,8.0,6.65,38.66,0.0,14.71,17.32,38.66,38.63,34.28,34.67
2021-07-08,0.0,16.56,90.06,1015.29,12.57,8.0,7.02,34.67,0.0,0.0,14.71,34.67,38.66,38.63,26.83
2021-07-09,0.0,8.22,68.83,1005.91,5.99,8.0,6.74,26.83,0.0,0.0,0.0,26.83,34.67,38.66,24.85
2021-07-10,0.0,13.26,79.39,1016.6,8.37,8.0,7.05,24.85,0.0,0.0,0.0,24.85,26.83,34.67,26.18
2021-07-11,30.52,12.62,74.43,1003.96,12.09,8.0,7.1,26.18,0.0,0.0,0.0,26.18,24.85,26.83,40.08
2021-07-12,0.0,14.84,77.0,1015.49,13.06,8.0,6.6,40.08,30.52,0.0,0.0,40.08,26.18,24.85,44.37
2021-07-13,0.0,14.18,81.92,1009.38,9.32,8.0,5.47,44.37,0.0,30.52,0.0,44.37,40.08,26.18,41.76
2021-07-14,0.0,17.57,83.7,1014.86,8.56,8.0,6.8,41.76,0.0,0.0,30.52,41.76,44.37,40.08,34.54
2021-07-15,0.0,10.97,78.15,1017.95,5.37,8.0,5.74,34.54,0.0,0.0,0.0,34.54,41.76,44.37,32.86
2021-07-16,0.0,15.79,65.45,1002.82,11.84,8.0,5.8,32.86,0.0,0.0,0.0,32.86,34.54,41.76,30.06
2021-07-17,0.0,17.12,72.0,1014.9,14.62,8.0,8.09,30.06,0.0,0.0,0.0,30.06,32.86,34.54,28.93
2021-07-18,0.0,20.42,84.94,1001.51,18.98,8.0,8.71,28.93,0.0,0.0,0.0,28.93,30.06,32.86,31.92
2021-07-19,0.0,14.63,59.39,1003.36,11.35,8.0,4.88,31.92,0.0,0.0,0.0,31.92,28.93,30.06,28.01
2021-07-20,6.92,16.7,86.78,1004.62,9.82,8.0,6.19,28.01,0.0,0.0,0.0,28.01,31.92,28.93,24.91
2021-07-21,0.0,11.44,82.02,1011.2,6.78,8.0,5.23,24.91,6.92,0.0,0.0,24.91,28.01,31.92,21.45
2021-07-22,0.0,10.03,87.47,1008.89,3.42,8.0,4.2,21.45,0.0,6.92,0.0,21.45,24.91,28.01,20.2
2021-07-23,0.0,18.19,76.76,1007.93,10.62,8.0,7.52,20.2,0.0,0.0,6.92,20.2,21.45,24.91,15.78
2021-07-24,0.0,16.13,63.61,1009.55,18.23,8.0,9.62,15.78,0.0,0.0,0.0,15.78,20.2,21.45,16.5
2021-07-25,18.71,19.16,80.94,1011.82,14.45,8.0,8.24,16.5,0.0,0.0,0.0,16.5,15.78,20.2,24.83
2021-07-26,0.0,12.84,86.73,1012.25,13.91,8.0,7.57,24.83,18.71,0.0,0.0,24.83,16.5,15.78,30.1
2021-07-27,0.0,17.65,84.16,1014.43,10.86,8.0,6.53,30.1,0.0,18.71,0.0,30.1,24.83,16.5,33.27
2021-07-28,0.0,21.09,72.93,1018.11,11.26,8.0,8.05,33.27,0.0,0.0,18.71,33.27,30.1,24.83,20.45
2021-07-29,10.82,17.54,78.05,1008.96,1.52,8.0,5.62,20.45,0.0,0.0,0.0,20.45,33.27,30.1,19.79
2021-07-30,18.82,17.26,73.58,1006.52,12.67,8.0,7.43,19.79,10.82,0.0,0.0,19.79,20.45,33.27,27.87
2021-07-31,0.0,16.67,71.44,1012.24,7.97,8.0,6.19,27.87,18.82,10.82,0.0,27.87,19.79,20.45,25.67
2021-08-01,0.0,12.8,83.73,1003.51,7.54,8.0,4.86,25.67,0.0,18.82,10.82,25.67,27.87,19.79,24.65
2021-08-02,0.0,20.19,68.52,1005.9,8.87,8.0,7.94,24.65,0.0,0.0,18.82,24.65,25.67,27.87,18.98
2021-08-03,0.0,15.36,70.51,1014.34,8.75,8.0,6.78,18.98,0.0,0.0,0.0,18.98,24.65,25.67,15.25
2021-08-04,0.0,18.23,68.9,1008.79,7.49,8.0,6.6,15.25,0.0,0.0,0.0,15.25,18.98,24.65,19.28
2021-08-05,6.31,13.15,66.05,1003.43,10.05,8.0,8.08,19.28,0.0,0.0,0.0,19.28,15.25,18.98,23.92
2021-08-06,0.0,14.19,77.36,1002.08,8.05,8.0,5.58,23.92,6.31,0.0,0.0,23.92,19.28,15.25,22.42
2021-08-07,27.61,20.81,84.31,1009.83,10.35,8.0,7.93,22.42,0.0,6.31,0.0,22.42,23.92,19.28,29.01
2021-08-08,0.0,16.45,74.74,1015.36,4.79,8.0,7.8,29.01,27.61,0.0,6.31,29.01,22.42,23.92,32.26
2021-08-09,0.0,21.04,65.34,1015.36,9.25,8.0,7.71,32.26,0.0,27.61,0.0,32.26,29.01,22.42,24.22
2021-08-10,0.0,17.3,81.6,1010.34,6.16,8.0,5.49,24.22,0.0,0.0,27.61,24.22,32.26,29.01,23.68
2021-08-11,0.0,12.98,87.36,1019.89,7.75,8.0,6.94,23.68,0.0,0.0,0.0,23.68,24.22,32.26,22.89
2021-08-12,0.0,19.91,70.88,1009.39,10.5,8.0,6.98,22.89,0.0,0.0,0.0,22.89,23.68,24.22,16.09
2021-08-13,0.0,16.3,71.89,1009.29,4.39,8.0,5.6,16.09,0.0,0.0,0.0,16.09,22.89,23.68,18.91
2021-08-14,31.47,19.62,78.68,997.22,7.12,8.0,6.11,18.91,0.0,0.0,0.0,18.91,16.09,22.89,27.84
2021-08-15,0.0,18.04,86.26,1007.89,11.99,8.0,8.65,27.84,31.47,0.0,0.0,27.84,18.91,16.09,27.66
2021-08-16,27.72,14.21,71.09,1014.45,5.05,8.0,5.64,27.66,0.0,31.47,0.0,27.66,27.84,18.91,40.44
2021-08-17,0.0,18.58,65.23,1018.09,16.22,8.0,7.42,40.44,27.72,0.0,31.47,40.44,27.66,27.84,36.59
2021-08-18,17.48,23.76,78.81,1006.19,14.22,8.0,9.35,36.59,0.0,27.72,0.0,36.59,40.44,27.66,39.92
2021-08-19,61.85,19.61,79.8,1012.72,8.27,8.0,5.73,39.92,17.48,0.0,27.72,39.92,36.59,40.44,65.89
2021-08-20,0.0,18.34,74.08,1015.72,7.24,8.0,6.78,65.89,61.85,17.48,0.0,65.89,39.92,36.59,70.94
2021-08-21,18.3,21.27,69.95,1010.62,10.71,8.0,7.05,70.94,0.0,61.85,17.48,70.94,65.89,39.92,82.55
2021-08-22,10.66,19.22,80.63,999.22,4.93,8.0,6.94,82.55,18.3,0.0,61.85,82.55,70.94,65.89,75.4
2021-08-23,0.0,19.32,77.19,1011.95,2.99,8.0,5.85,75.4,10.66,18.3,0.0,75.4,82.55,70.94,71.08
2021-08-24,0.0,16.18,67.93,1014.6,8.39,8.0,5.57,71.08,0.0,10.66,18.3,71.08,75.4,82.55,67.4
2021-08-25,10.77,19.6,73.46,1006.13,9.53,8.0,7.33,67.4,0.0,0.0,10.66,67.4,71.08,75.4,66.68
2021-08-26,0.0,21.71,63.47,1009.67,10.33,8.0,7.25,66.68,10.77,0.0,0.0,66.68,67.4,71.08,58.46
2021-08-27,0.0,17.14,77.54,1005.25,7.85,8.0,7.35,58.46,0.0,10.77,0.0,58.46,66.68,67.4,59.19
2021-08-28,0.0,22.91,70.72,998.25,14.46,8.0,8.39,59.19,0.0,0.0,10.77,59.19,58.46,66.68,45.59
2021-08-29,0.0,19.23,69.31,1016.32,4.77,8.0,8.2,45.59,0.0,0.0,0.0,45.59,59.19,58.46,40.04
2021-08-30,10.51,17.35,71.94,1011.24,6.02,8.0,6.01,40.04,0.0,0.0,0.0,40.04,45.59,59.19,42.91
2021-08-31,0.0,22.18,72.26,1019.33,11.7,8.0,8.77,42.91,10.51,0.0,0.0,42.91,40.04,45.59,44.16
2021-09-01,11.81,19.08,78.04,1015.71,5.93,8.0,6.32,44.16,0.0,10.51,0.0,44.16,42.91,40.04,41.96
2021-09-02,23.43,21.81,75.72,1009.74,5.8,8.0,6.79,41.96,11.81,0.0,10.51,41.96,44.16,42.91,49.67
2021-09-03,0.0,19.3,70.29,1011.17,10.43,8.0,7.94,49.67,23.43,11.81,0.0,49.67,41.96,44.16,52.62
2021-09-04,0.0,19.99,76.53,1014.5,6.31,8.0,6.01,52.62,0.0,23.43,11.81,52.62,49.67,41.96,48.54
2021-09-05,0.0,21.49,73.79,1016.59,9.53,8.0,8.38,48.54,0.0,0.0,23.43,48.54,52.62,49.67,38.56
2021-09-06,0.0,21.1,67.8,1013.45,7.55,8.0,7.67,38.56,0.0,0.0,0.0,38.56,48.54,52.62,27.93
2021-09-07,0.0,15.5,69.71,1017.45,6.98,8.0,7.04,27.93,0.0,0.0,0.0,27.93,38.56,48.54,22.3
2021-09-08,1.52,17.81,69.35,1010.52,2.64,8.0,6.76,22.3,0.0,0.0,0.0,22.3,27.93,38.56,18.34
2021-09-09,3.35,23.05,73.72,1007.11,10.49,8.0,8.2,18.34,1.52,0.0,0.0,18.34,22.3,27.93,15.2
2021-09-10,0.0,20.52,67.41,1011.85,5.63,8.0,7.31,15.2,3.35,1.52,0.0,15.2,18.34,22.3,20.75
2021-09-11,9.99,19.66,67.04,1013.29,9.41,8.0,8.29,20.75,0.0,3.35,1.52,20.75,15.2,18.34,24.81
2021-09-12,0.0,17.69,83.35,1006.34,8.21,8.0,6.76,24.81,9.99,0.0,3.35,24.81,20.75,15.2,22.83
2021-09-13,0.0,18.5,75.94,1005.75,9.28,8.0,6.9,22.83,0.0,9.99,0.0,22.83,24.81,20.75,20.52
2021-09-14,0.0,16.27,63.84,1014.75,9.48,8.0,7.28,20.52,0.0,0.0,9.99,20.52,22.83,24.81,17.5
2021-09-15,0.0,21.19,72.95,1010.57,10.68,8.0,7.65,17.5,0.0,0.0,0.0,17.5,20.52,22.83,17.48
2021-09-16,0.0,20.07,69.58,1011.86,7.45,8.0,7.73,17.48,0.0,0.0,0.0,17.48,17.5,20.52,11.61
2021-09-17,0.0,19.27,71.28,1010.98,14.35,8.0,9.41,11.61,0.0,0.0,0.0,11.61,17.48,17.5,6.87
2021-09-18,36.65,21.63,69.3,1020.46,3.53,8.0,5.81,6.87,0.0,0.0,0.0,6.87,11.61,17.48,21.35
2021-09-19,29.95,22.83,76.46,1019.26,9.21,8.0,7.59,21.35,36.65,0.0,0.0,21.35,6.87,11.61,29.05
2021-09-20,0.0,27.28,70.34,1006.85,12.93,8.0,7.74,29.05,29.95,36.65,0.0,29.05,21.35,6.87,32.9
2021-09-21,22.65,18.39,67.28,1010.45,11.67,8.0,7.27,32.9,0.0,29.95,36.65,32.9,29.05,21.35,45.2
2021-09-22,0.0,25.18,74.81,1017.45,6.59,8.0,7.27,45.2,22.65,0.0,29.95,45.2,32.9,29.05,47.05
2021-09-23,0.0,24.84,68.94,1016.3,7.17,8.0,7.15,47.05,0.0,22.65,0.0,47.05,45.2,32.9,38.49
2021-09-24,39.23,20.58,67.95,1013.17,6.48,8.0,7.62,38.49,0.0,0.0,22.65,38.49,47.05,45.2,49.96
2021-09-25,13.65,23.15,69.09,1007.77,12.1,8.0,8.3,49.96,39.23,0.0,0.0,49.96,38.49,47.05,52.91
2021-09-26,0.0,21.62,66.03,1010.13,7.41,8.0,6.68,52.91,13.65,39.23,0.0,52.91,49.96,38.49,51.33
2021-09-27,13.63,23.35,66.55,1011.05,10.89,8.0,8.59,51.33,0.0,13.65,39.23,51.33,52.91,49.96,50.33
2021-09-28,11.36,26.78,62.17,1015.1,10.93,8.0,8.18,50.33,13.63,0.0,13.65,50.33,51.33,52.91,53.9
2021-09-29,0.0,24.64,60.81,1022.32,18.29,8.0,8.72,53.9,11.36,13.63,0.0,53.9,50.33,51.33,54.61
2021-09-30,0.0,24.51,58.88,1010.45,11.1,8.0,7.25,54.61,0.0,11.36,13.63,54.61,53.9,50.33,47.63
2021-10-01,0.0,22.29,55.92,1008.84,7.16,8.0,6.07,47.63,0.0,0.0,11.36,47.63,54.61,53.9,36.62
2021-10-02,0.0,19.77,59.31,1013.51,4.89,8.0,6.24,36.62,0.0,0.0,0.0,36.62,47.63,54.61,25.9
2021-10-03,18.88,23.08,64.04,1019.3,9.03,8.0,7.62,25.9,0.0,0.0,0.0,25.9,36.62,47.63,34.67
2021-10-04,22.05,26.73,65.78,1006.99,9.58,8.0,8.79,34.67,18.88,0.0,0.0,34.67,25.9,36.62,42.37
2021-10-05,0.0,20.01,62.96,1021.58,2.26,8.0,4.59,42.37,22.05,18.88,0.0,42.37,34.67,25.9,43.2
2021-10-06,0.0,21.31,48.17,1013.53,7.5,8.0,8.72,43.2,0.0,22.05,18.88,43.2,42.37,34.67,36.61
2021-10-07,0.0,24.38,75.49,1010.8,11.04,8.0,7.34,36.61,0.0,0.0,22.05,36.61,43.2,42.37,35.41
2021-10-08,25.41,21.71,71.88,1006.55,8.14,8.0,6.94,35.41,0.0,0.0,0.0,35.41,36.61,43.2,43.94
2021-10-09,0.0,22.31,67.19,1018.17,13.39,8.0,7.85,43.94,25.41,0.0,0.0,43.94,35.41,36.61,42.21
2021-10-10,0.0,23.34,77.23,1013.86,4.55,8.0,6.36,42.21,0.0,25.41,0.0,42.21,43.94,35.41,36.91
2021-10-11,0.0,21.1,56.84,1015.65,12.37,8.0,7.65,36.91,0.0,0.0,25.41,36.91,42.21,43.94,33.09
2021-10-12,10.48,22.19,76.71,1010.37,13.2,8.0,7.85,33.09,0.0,0.0,0.0,33.09,36.91,42.21,27.0
2021-10-13,0.0,26.5,56.55,1013.36,13.35,8.0,8.51,27.0,10.48,0.0,0.0,27.0,33.09,36.91,27.39
2021-10-14,0.0,21.58,64.79,1012.6,4.52,8.0,8.0,27.39,0.0,10.48,0.0,27.39,27.0,33.09,24.26
2021-10-15,25.39,20.96,54.01,1014.61,11.1,8.0,7.11,24.26,0.0,0.0,10.48,24.26,27.39,27.0,32.63
2021-10-16,0.0,23.49,62.84,1011.84,7.66,8.0,8.89,32.63,25.39,0.0,0.0,32.63,24.26,27.39,33.64
2021-10-17,7.16,27.01,65.26,1007.6,5.08,8.0,7.84,33.64,0.0,25.39,0.0,33.64,32.63,24.26,38.4
2021-10-18,0.0,24.79,61.29,1028.99,8.55,8.0,6.46,38.4,7.16,0.0,25.39,38.4,33.64,32.63,38.4
2021-10-19,0.0,24.23,67.19,1008.6,6.83,8.0,6.69,38.4,0.0,7.16,0.0,38.4,38.4,33.64,38.28
2021-10-20,0.0,25.6,62.7,1016.4,13.22,8.0,7.73,38.28,0.0,0.0,7.16,38.28,38.4,38.4,33.97
2021-10-21,0.0,21.23,58.18,1006.71,11.8,8.0,7.8,33.97,0.0,0.0,0.0,33.97,38.28,38.4,29.6
2021-10-22,4.87,26.94,57.69,1005.66,5.97,8.0,8.63,29.6,0.0,0.0,0.0,29.6,33.97,38.28,25.53
2021-10-23,0.0,26.76,67.16,1016.2,7.47,8.0,8.38,25.53,4.87,0.0,0.0,25.53,29.6,33.97,21.21
2021-10-24,0.0,24.88,56.73,1016.66,8.67,8.0,6.94,21.21,0.0,4.87,0.0,21.21,25.53,29.6,20.47
2021-10-25,0.0,28.52,67.55,1022.17,9.75,8.0,9.23,20.47,0.0,0.0,4.87,20.47,21.21,25.53,17.71
2021-10-26,0.0,23.28,69.53,1017.93,13.52,8.0,7.41,17.71,0.0,0.0,0.0,17.71,20.47,21.21,19.84
2021-10-27,0.0,29.02,49.12,1015.25,12.42,8.0,8.1,19.84,0.0,0.0,0.0,19.84,17.71,20.47,16.23
2021-10-28,0.0,26.68,68.57,1011.32,10.18,8.0,8.96,16.23,0.0,0.0,0.0,16.23,19.84,17.71,9.08
2021-10-29,11.76,25.55,74.9,1023.63,9.09,8.0,8.62,9.08,0.0,0.0,0.0,9.08,16.23,19.84,13.39
2021-10-30,0.0,26.43,62.08,1020.84,3.79,8.0,7.82,13.39,11.76,0.0,0.0,13.39,9.08,16.23,17.23
2021-10-31,0.0,26.3,64.36,1010.03,14.52,8.0,8.77,17.23,0.0,11.76,0.0,17.23,13.39,9.08,18.24
2021-11-01,0.0,29.71,67.27,1016.52,8.44,8.0,8.14,18.24,0.0,0.0,11.76,18.24,17.23,13.39,17.23
2021-11-02,0.0,24.06,57.93,1017.11,15.44,8.0,7.74,17.23,0.0,0.0,0.0,17.23,18.24,17.23,18.69
2021-11-03,6.78,24.93,60.98,1014.73,10.69,8.0,8.03,18.69,0.0,0.0,0.0,18.69,17.23,18.24,20.03
2021-11-04,0.0,29.52,50.36,1020.38,17.09,8.0,9.02,20.03,6.78,0.0,0.0,20.03,18.69,17.23,12.77
2021-11-05,0.0,25.52,60.38,1020.74,12.12,8.0,8.18,12.77,0.0,6.78,0.0,12.77,20.03,18.69,14.95
2021-11-06,94.88,29.35,62.75,1015.69,4.99,8.0,9.5,14.95,0.0,0.0,6.78,14.95,12.77,20.03,53.55
2021-11-07,0.0,31.42,62.74,1015.29,7.85,8.0,8.58,53.55,94.88,0.0,0.0,53.55,14.95,12.77,65.01
2021-11-08,0.0,26.25,66.45,1024.25,9.41,8.0,7.08,65.01,0.0,94.88,0.0,65.01,53.55,14.95,64.18
2021-11-09,0.0,29.04,53.43,1021.47,6.94,8.0,8.96,64.18,0.0,0.0,94.88,64.18,65.01,53.55,53.28
2021-11-10,0.0,24.53,54.99,1017.23,8.68,8.0,8.8,53.28,0.0,0.0,0.0,53.28,64.18,65.01,40.42
2021-11-11,0.0,29.37,71.86,1008.77,5.22,8.0,8.8,40.42,0.0,0.0,0.0,40.42,53.28,64.18,33.25
2021-11-12,0.0,28.06,57.41,1018.69,10.02,8.0,7.92,33.25,0.0,0.0,0.0,33.25,40.42,53.28,26.84
2021-11-13,0.86,28.82,59.74,1020.51,10.83,8.0,8.41,26.84,0.0,0.0,0.0,26.84,33.25,40.42,23.17
2021-11-14,7.71,26.09,57.75,1003.3,6.49,8.0,6.54,23.17,0.86,0.0,0.0,23.17,26.84,33.25,29.15
2021-11-15,0.0,23.62,52.35,1018.38,16.79,8.0,10.1,29.15,7.71,0.86,0.0,29.15,23.17,26.84,30.65
2021-11-16,0.0,29.1,69.35,1015.09,10.22,8.0,8.49,30.65,0.0,7.71,0.86,30.65,29.15,23.17,27.6
2021-11-17,0.0,22.75,54.18,1016.11,7.14,8.0,6.21,27.6,0.0,0.0,7.71,27.6,30.65,29.15,21.64
2021-11-18,0.0,27.18,49.87,1012.73,4.3,8.0,8.71,21.64,0.0,0.0,0.0,21.64,27.6,30.65,14.8
2021-11-19,0.0,30.38,54.5,1016.57,10.21,8.0,8.06,14.8,0.0,0.0,0.0,14.8,21.64,27.6,16.22
2021-11-20,0.0,28.57,43.54,1024.31,9.09,8.0,7.97,16.22,0.0,0.0,0.0,16.22,14.8,21.64,9.42
2021-11-21,0.0,33.02,52.9,1015.16,12.74,8.0,8.44,9.42,0.0,0.0,0.0,9.42,16.22,14.8,5.0
2021-11-22,0.0,30.77,50.58,1022.26,9.5,8.0,7.59,5.0,0.0,0.0,0.0,5.0,9.42,16.22,12.8
2021-11-23,0.0,26.63,61.59,1013.44,5.82,8.0,7.81,12.8,0.0,0.0,0.0,12.8,5.0,9.42,10.41
2021-11-24,0.0,28.38,52.46,1021.3,15.85,8.0,8.68,10.41,0.0,0.0,0.0,10.41,12.8,5.0,16.08
2021-11-25,0.0,28.25,63.3,1017.56,11.52,8.0,7.3,16.08,0.0,0.0,0.0,16.08,10.41,12.8,12.59
2021-11-26,0.0,24.46,66.79,1019.34,9.11,8.0,8.52,12.59,0.0,0.0,0.0,12.59,16.08,10.41,15.44
2021-11-27,0.0,26.11,62.39,1017.65,10.58,8.0,8.55,15.44,0.0,0.0,0.0,15.44,12.59,16.08,14.41
2021-11-28,0.0,27.11,55.34,1020.86,11.66,8.0,9.88,14.41,0.0,0.0,0.0,14.41,15.44,12.59,10.03
2021-11-29,42.46,23.46,57.76,1004.84,5.0,8.0,6.74,10.03,0.0,0.0,0.0,10.03,14.41,15.44,23.53
2021-11-30,0.0,28.71,46.02,1010.61,10.55,8.0,8.54,23.53,42.46,0.0,0.0,23.53,10.03,14.41,21.04
2021-12-01,0.0,28.01,55.69,1019.82,8.42,8.0,8.24,21.04,0.0,42.46,0.0,21.04,23.53,10.03,19.81
2021-12-02,0.0,24.49,50.54,1007.55,11.78,8.0,8.32,19.81,0.0,0.0,42.46,19.81,21.04,23.53,19.84
2021-12-03,0.0,29.72,61.37,1015.14,7.41,8.0,8.27,19.84,0.0,0.0,0.0,19.84,19.81,21.04,16.72
2021-12-04,0.0,30.53,74.46,1017.54,7.88,8.0,7.91,16.72,0.0,0.0,0.0,16.72,19.84,19.81,12.16
2021-12-05,0.0,29.34,59.89,1013.7,15.82,8.0,7.86,12.16,0.0,0.0,0.0,12.16,16.72,19.84,9.85
2021-12-06,0.0,27.99,42.41,1014.4,14.31,8.0,9.24,9.85,0.0,0.0,0.0,9.85,12.16,16.72,11.69
2021-12-07,0.0,30.31,53.77,1019.23,0.5,8.0,7.6,11.69,0.0,0.0,0.0,11.69,9.85,12.16,5.0
2021-12-08,0.0,30.55,57.11,1022.94,14.05,8.0,8.91,5.0,0.0,0.0,0.0,5.0,11.69,9.85,5.04
2021-12-09,8.0,29.64,56.82,1013.12,9.74,8.0,10.43,5.04,0.0,0.0,0.0,5.04,5.0,11.69,5.0
2021-12-10,52.67,26.84,51.06,1015.05,7.52,8.0,7.44,5.0,8.0,0.0,0.0,5.0,5.04,5.0,18.18
2021-12-11,19.25,29.61,57.86,1014.28,6.47,8.0,7.44,18.18,52.67,8.0,0.0,18.18,5.0,5.04,32.95
2021-12-12,0.0,31.92,47.41,1005.85,6.68,8.0,8.63,32.95,19.25,52.67,8.0,32.95,18.18,5.0,36.76
2021-12-13,30.75,27.46,49.47,1018.67,7.62,8.0,8.1,36.76,0.0,19.25,52.67,36.76,32.95,18.18,46.16
2021-12-14,0.0,34.21,60.58,1022.65,6.06,8.0,7.11,46.16,30.75,0.0,19.25,46.16,36.76,32.95,45.47
2021-12-15,0.0,27.66,48.93,1023.07,5.26,8.0,8.22,45.47,0.0,30.75,0.0,45.47,46.16,36.76,45.26
2021-12-16,0.0,29.06,59.79,1013.63,6.36,8.0,7.49,45.26,0.0,0.0,30.75,45.26,45.47,46.16,36.8
2021-12-17,25.99,27.31,46.43,1011.74,11.13,8.0,9.43,36.8,0.0,0.0,0.0,36.8,45.26,45.47,38.36
2021-12-18,0.0,29.55,68.36,1018.11,10.18,8.0,8.76,38.36,25.99,0.0,0.0,38.36,36.8,45.26,42.25
2021-12-19,0.0,24.64,,1022.15,11.95,8.0,8.06,42.25,0.0,25.99,0.0,42.25,38.36,36.8,44.7
2021-12-20,0.0,27.63,54.43,1018.77,9.77,8.0,9.25,44.7,0.0,0.0,25.99,44.7,42.25,38.36,39.76
2021-12-21,56.93,26.27,58.32,1019.45,5.43,8.0,6.97,39.76,0.0,0.0,0.0,39.76,44.7,42.25,60.34
2021-12-22,0.0,29.33,52.05,1023.71,11.73,8.0,7.66,60.34,56.93,0.0,0.0,60.34,39.76,44.7,67.51
2021-12-23,0.0,31.48,57.02,1014.3,6.48,8.0,7.06,67.51,0.0,56.93,0.0,67.51,60.34,39.76,69.08
2021-12-24,0.0,30.6,60.06,1016.89,12.26,8.0,9.1,69.08,0.0,0.0,56.93,69.08,67.51,60.34,55.97
2021-12-25,0.0,23.04,62.77,1026.15,5.92,8.0,8.57,55.97,0.0,0.0,0.0,55.97,69.08,67.51,48.4
2021-12-26,0.0,34.07,61.61,1016.99,7.59,8.0,8.46,48.4,0.0,0.0,0.0,48.4,55.97,69.08,35.83
2021-12-27,0.0,29.69,54.89,1011.63,8.74,8.0,8.91,35.83,0.0,0.0,0.0,35.83,48.4,55.97,31.99
2021-12-28,0.0,26.99,55.09,1014.61,12.36,8.0,8.8,31.99,0.0,0.0,0.0,31.99,35.83,48.4,30.02
2021-12-29,0.0,29.31,72.59,1013.25,10.62,8.0,8.12,30.02,0.0,0.0,0.0,30.02,31.99,35.83,21.15
2021-12-30,11.76,29.34,62.83,1019.71,10.07,8.0,7.1,21.15,0.0,0.0,0.0,21.15,30.02,31.99,25.39
2021-12-31,0.0,27.21,49.76,1013.43,16.6,8.0,9.37,25.39,11.76,0.0,0.0,25.39,21.15,30.02,27.78
2022-01-01,0.0,29.34,56.97,1019.24,3.57,8.0,8.12,27.78,0.0,11.76,0.0,27.78,25.39,21.15,30.64
2022-01-02,29.63,27.3,53.97,1014.19,6.37,8.0,8.05,30.64,0.0,0.0,11.76,30.64,27.78,25.39,38.62
2022-01-03,0.0,27.78,55.41,1007.23,6.22,8.0,7.44,38.62,29.63,0.0,0.0,38.62,30.64,27.78,41.29
2022-01-04,0.0,27.04,47.81,1019.36,3.8,8.0,6.88,41.29,0.0,29.63,0.0,41.29,38.62,30.64,44.3
2022-01-05,18.67,25.14,53.59,1018.55,7.48,8.0,7.11,44.3,0.0,0.0,29.63,44.3,41.29,38.62,42.66
2022-01-06,0.0,29.06,69.21,1020.37,12.41,8.0,8.18,42.66,18.67,0.0,0.0,42.66,44.3,41.29,40.37
2022-01-07,0.0,30.12,60.64,1014.39,7.93,8.0,8.24,40.37,0.0,18.67,0.0,40.37,42.66,44.3,32.74
2022-01-08,0.0,29.9,39.22,1013.83,8.83,8.0,8.29,32.74,0.0,0.0,18.67,32.74,40.37,42.66,28.47
2022-01-09,38.37,30.63,65.24,1019.71,3.97,8.0,8.04,28.47,0.0,0.0,0.0,28.47,32.74,40.37,39.8
2022-01-10,0.0,29.35,64.42,1025.26,7.21,8.0,7.21,39.8,38.37,0.0,0.0,39.8,28.47,32.74,40.02
2022-01-11,11.46,27.16,54.36,1017.69,8.38,8.0,7.95,40.02,0.0,38.37,0.0,40.02,39.8,28.47,46.57
2022-01-12,0.0,30.54,61.97,1019.73,12.25,8.0,8.86,46.57,11.46,0.0,38.37,46.57,40.02,39.8,40.05
2022-01-13,0.0,25.0,51.02,1015.96,4.14,8.0,6.71,40.05,0.0,11.46,0.0,40.05,46.57,40.02,35.23
2022-01-14,0.0,26.1,53.83,1009.82,8.41,8.0,8.11,35.23,0.0,0.0,11.46,35.23,40.05,46.57,34.8
2022-01-15,85.43,25.88,67.7,1022.33,13.8,8.0,7.87,34.8,0.0,0.0,0.0,34.8,35.23,40.05,73.48
2022-01-16,7.97,30.94,55.4,1022.0,8.44,8.0,9.35,73.48,85.43,0.0,0.0,73.48,34.8,35.23,89.51
2022-01-17,0.0,30.54,44.31,1020.97,2.6,8.0,7.87,89.51,7.97,85.43,0.0,89.51,73.48,34.8,90.98
2022-01-18,0.0,29.35,57.05,1016.47,14.48,8.0,9.55,90.98,0.0,7.97,85.43,90.98,89.51,73.48,83.15
2022-01-19,0.0,30.75,57.04,1020.32,12.57,8.0,8.93,83.15,0.0,0.0,7.97,83.15,90.98,89.51,73.63
2022-01-20,0.0,25.81,66.09,1021.76,13.04,8.0,8.2,73.63,0.0,0.0,0.0,73.63,83.15,90.98,57.63
2022-01-21,0.0,28.82,57.91,1025.35,3.9,8.0,6.89,57.63,0.0,0.0,0.0,57.63,73.63,83.15,44.67
2022-01-22,0.0,27.57,54.97,1022.14,15.29,8.0,8.39,44.67,0.0,0.0,0.0,44.67,57.63,73.63,38.05
2022-01-23,0.0,29.93,65.35,1017.47,7.29,8.0,6.84,38.05,0.0,0.0,0.0,38.05,44.67,57.63,39.72
2022-01-24,0.0,27.46,58.99,1010.56,8.22,8.0,8.03,39.72,0.0,0.0,0.0,39.72,38.05,44.67,30.54
2022-01-25,11.78,26.72,53.02,1017.83,7.54,8.0,8.36,30.54,0.0,0.0,0.0,30.54,39.72,38.05,34.2
2022-01-26,0.0,28.96,66.47,1018.29,13.31,8.0,7.87,34.2,11.78,0.0,0.0,34.2,30.54,39.72,27.69
2022-01-27,0.0,29.72,59.87,1020.5,9.37,8.0,9.43,27.69,0.0,11.78,0.0,27.69,34.2,30.54,28.5
2022-01-28,0.0,25.79,58.66,1023.67,11.69,8.0,7.04,28.5,0.0,0.0,11.78,28.5,27.69,34.2,26.95
2022-01-29,0.0,27.23,60.02,1016.37,10.27,8.0,8.92,26.95,0.0,0.0,0.0,26.95,28.5,27.69,19.07
2022-01-30,0.0,24.66,51.41,1027.29,9.67,8.0,7.23,19.07,0.0,0.0,0.0,19.07,26.95,28.5,17.19
2022-01-31,0.0,20.98,55.35,1007.94,6.69,8.0,7.9,17.19,0.0,0.0,0.0,17.19,19.07,26.95,17.42
2022-02-01,0.0,27.65,59.2,1018.77,16.34,8.0,9.81,17.42,0.0,0.0,0.0,17.42,17.19,19.07,15.87
2022-02-02,0.0,28.59,57.96,1012.62,4.88,8.0,9.71,15.87,0.0,0.0,0.0,15.87,17.42,17.19,17.79
2022-02-03,0.0,27.63,68.37,1007.02,11.44,8.0,7.92,17.79,0.0,0.0,0.0,17.79,15.87,17.42,17.9
2022-02-04,0.0,22.02,61.13,1015.49,11.32,8.0,6.02,17.9,0.0,0.0,0.0,17.9,17.79,15.87,22.22
2022-02-05,0.0,25.93,65.74,1009.15,14.04,8.0,7.12,22.22,0.0,0.0,0.0,22.22,17.9,17.79,25.0
2022-02-06,0.0,21.17,59.98,1015.56,14.86,8.0,8.09,25.0,0.0,0.0,0.0,25.0,22.22,17.9,23.75
2022-02-07,0.0,30.05,67.46,1016.48,9.52,8.0,8.53,23.75,0.0,0.0,0.0,23.75,25.0,22.22,23.28
2022-02-08,0.0,23.82,63.0,1021.83,11.86,8.0,7.51,23.28,0.0,0.0,0.0,23.28,23.75,25.0,19.75
2022-02-09,15.74,29.58,60.47,1008.64,16.18,8.0,9.67,19.75,0.0,0.0,0.0,19.75,23.28,23.75,24.98
2022-02-10,0.0,28.72,60.45,1020.65,9.77,8.0,9.04,24.98,15.74,0.0,0.0,24.98,19.75,23.28,27.11
2022-02-11,0.0,24.01,54.02,1016.53,6.27,8.0,7.78,27.11,0.0,15.74,0.0,27.11,24.98,19.75,23.84
2022-02-12,0.0,23.33,64.42,1021.12,8.65,8.0,7.51,23.84,0.0,0.0,15.74,23.84,27.11,24.98,26.34
2022-02-13,0.0,26.94,60.75,1013.74,5.43,8.0,6.8,26.34,0.0,0.0,0.0,26.34,23.84,27.11,21.65
2022-02-14,0.0,23.85,57.69,1009.17,11.3,8.0,8.7,21.65,0.0,0.0,0.0,21.65,26.34,23.84,20.12
2022-02-15,0.0,26.12,69.12,1009.67,13.73,8.0,9.69,20.12,0.0,0.0,0.0,20.12,21.65,26.34,16.96
2022-02-16,0.0,24.56,52.8,1009.23,9.58,8.0,7.39,16.96,0.0,0.0,0.0,16.96,20.12,21.65,20.07
2022-02-17,0.0,21.21,58.77,1018.0,4.33,8.0,5.75,20.07,0.0,0.0,0.0,20.07,16.96,20.12,12.84
2022-02-18,0.0,19.98,69.09,1022.93,13.58,8.0,8.81,12.84,0.0,0.0,0.0,12.84,20.07,16.96,6.82
2022-02-19,3.35,26.02,64.29,1012.64,3.78,8.0,7.37,6.82,0.0,0.0,0.0,6.82,12.84,20.07,5.23
2022-02-20,0.0,23.95,61.92,1018.54,4.59,8.0,7.25,5.23,3.35,0.0,0.0,5.23,6.82,12.84,5.0
2022-02-21,0.0,23.86,64.2,1007.7,9.38,8.0,9.09,5.0,0.0,3.35,0.0,5.0,5.23,6.82,5.0
2022-02-22,0.0,26.88,63.88,1016.14,10.88,8.0,6.83,5.0,0.0,0.0,3.35,5.0,5.0,5.23,5.0
2022-02-23,0.0,27.96,52.19,1018.51,11.48,8.0,8.37,5.0,0.0,0.0,0.0,5.0,5.0,5.0,5.0
2022-02-24,0.0,24.24,60.55,1007.84,9.77,8.0,8.13,5.0,0.0,0.0,0.0,5.0,5.0,5.0,5.0
2022-02-25,0.0,23.96,74.5,1013.99,16.16,8.0,10.3,5.0,0.0,0.0,0.0,5.0,5.0,5.0,5.0
2022-02-26,0.0,25.95,58.76,1018.51,10.23,8.0,8.06,5.0,0.0,0.0,0.0,5.0,5.0,5.0,8.47
2022-02-27,0.0,21.19,61.34,1000.18,13.62,8.0,7.68,8.47,0.0,0.0,0.0,8.47,5.0,5.0,10.46
2022-02-28,28.11,25.03,59.97,1021.44,12.75,8.0,8.54,10.46,0.0,0.0,0.0,10.46,8.47,5.0,19.79
2022-03-01,0.0,25.74,63.34,1016.45,5.47,8.0,7.92,19.79,28.11,0.0,0.0,19.79,10.46,8.47,20.83
2022-03-02,0.0,25.95,60.07,1018.19,9.41,8.0,8.92,20.83,0.0,28.11,0.0,20.83,19.79,10.46,30.6
2022-03-03,0.0,19.29,67.75,1012.46,17.43,8.0,9.57,30.6,0.0,0.0,28.11,30.6,20.83,19.79,29.35
2022-03-04,0.0,22.11,65.92,1005.83,8.23,8.0,5.81,29.35,0.0,0.0,0.0,29.35,30.6,20.83,28.11
2022-03-05,0.0,21.71,70.15,1017.03,7.64,8.0,6.57,28.11,0.0,0.0,0.0,28.11,29.35,30.6,28.28
2022-03-06,0.0,24.04,57.58,1013.86,10.6,8.0,8.64,28.28,0.0,0.0,0.0,28.28,28.11,29.35,26.88
2022-03-07,21.33,,62.76,1014.35,8.36,8.0,7.88,26.88,0.0,0.0,0.0,26.88,28.28,28.11,34.58
2022-03-08,0.0,27.29,63.76,1019.55,7.22,8.0,8.12,34.58,21.33,0.0,0.0,34.58,26.88,28.28,35.72
2022-03-09,0.0,22.2,68.73,1017.84,8.31,8.0,6.84,35.72,0.0,21.33,0.0,35.72,34.58,26.88,35.13
2022-03-10,0.0,22.07,60.19,1023.55,15.01,8.0,8.57,35.13,0.0,0.0,21.33,35.13,35.72,34.58,29.95
2022-03-11,22.17,26.07,72.36,1014.63,9.52,8.0,7.75,29.95,0.0,0.0,0.0,29.95,35.13,35.72,35.32
2022-03-12,0.0,23.82,74.45,1010.31,5.35,8.0,7.43,35.32,22.17,0.0,0.0,35.32,29.95,35.13,40.88
2022-03-13,0.0,26.13,59.43,1012.74,4.71,8.0,7.69,40.88,0.0,22.17,0.0,40.88,35.32,29.95,41.53
2022-03-14,0.0,23.56,63.12,1015.68,17.72,8.0,9.19,41.53,0.0,0.0,22.17,41.53,40.88,35.32,33.7
2022-03-15,0.0,19.83,63.04,1018.59,9.22,8.0,7.47,33.7,0.0,0.0,0.0,33.7,41.53,40.88,32.94
2022-03-16,0.0,19.27,85.4,1006.09,11.52,8.0,7.29,32.94,0.0,0.0,0.0,32.94,33.7,41.53,28.77
2022-03-17,0.0,18.6,64.17,1013.39,7.3,8.0,8.09,28.77,0.0,0.0,0.0,28.77,32.94,33.7,22.76
2022-03-18,0.0,24.02,79.12,1021.31,11.12,8.0,8.81,22.76,0.0,0.0,0.0,22.76,28.77,32.94,21.52
2022-03-19,0.0,25.21,58.72,1011.97,15.11,8.0,8.79,21.52,0.0,0.0,0.0,21.52,22.76,28.77,15.96
2022-03-20,0.0,26.74,60.87,1017.74,7.72,8.0,8.48,15.96,0.0,0.0,0.0,15.96,21.52,22.76,10.75
2022-03-21,0.0,24.11,63.19,1015.47,11.61,8.0,9.7,10.75,0.0,0.0,0.0,10.75,15.96,21.52,13.98
2022-03-22,33.74,24.79,62.29,1017.69,5.08,8.0,6.45,13.98,0.0,0.0,0.0,13.98,10.75,15.96,22.24
2022-03-23,0.0,20.31,66.54,1008.78,17.08,8.0,7.9,22.24,33.74,0.0,0.0,22.24,13.98,10.75,27.06
2022-03-24,10.04,18.75,63.66,1008.72,10.94,8.0,7.45,27.06,0.0,33.74,0.0,27.06,22.24,13.98,35.2
2022-03-25,25.96,23.64,63.09,1012.76,8.56,8.0,7.82,35.2,10.04,0.0,33.74,35.2,27.06,22.24,41.05
2022-03-26,0.0,22.44,77.14,1004.91,8.96,8.0,7.0,41.05,25.96,10.04,0.0,41.05,35.2,27.06,46.41
2022-03-27,0.0,21.55,77.8,1011.14,8.21,8.0,7.78,46.41,0.0,25.96,10.04,46.41,41.05,35.2,46.18
2022-03-28,13.91,22.13,76.09,1013.66,8.39,8.0,7.25,46.18,0.0,0.0,25.96,46.18,46.41,41.05,58.57
2022-03-29,0.0,21.85,73.31,1021.24,1.43,8.0,7.13,58.57,13.91,0.0,0.0,58.57,46.18,46.41,54.92
2022-03-30,0.0,24.13,70.5,1014.24,9.66,8.0,7.22,54.92,0.0,13.91,0.0,54.92,58.57,46.18,56.64
2022-03-31,0.0,24.04,66.57,1015.27,9.51,8.0,7.05,56.64,0.0,0.0,13.91,56.64,54.92,58.57,45.71
2022-04-01,0.0,22.04,63.59,1017.88,11.71,8.0,7.71,45.71,0.0,0.0,0.0,45.71,56.64,54.92,37.55
2022-04-02,13.05,22.68,73.0,1007.15,8.17,8.0,7.23,37.55,0.0,0.0,0.0,37.55,45.71,56.64,42.5
2022-04-03,5.58,21.73,62.45,1011.07,7.3,8.0,6.46,42.5,13.05,0.0,0.0,42.5,37.55,45.71,40.5
2022-04-04,10.14,19.18,63.9,1023.93,9.97,8.0,7.37,40.5,5.58,13.05,0.0,40.5,42.5,37.55,41.05
2022-04-05,47.47,22.11,79.13,1011.33,4.36,8.0,6.17,41.05,10.14,5.58,13.05,41.05,40.5,42.5,65.45
2022-04-06,0.0,16.61,84.57,1017.22,10.5,8.0,8.5,65.45,47.47,10.14,5.58,65.45,41.05,40.5,70.78
2022-04-07,0.0,22.62,74.21,1016.38,3.48,8.0,6.59,70.78,0.0,47.47,10.14,70.78,65.45,41.05,70.0
2022-04-08,0.0,16.88,79.4,1004.09,13.92,8.0,7.84,70.0,0.0,0.0,47.47,70.0,70.78,65.45,62.72
2022-04-09,0.0,20.47,70.13,1012.95,12.39,8.0,6.76,62.72,0.0,0.0,0.0,62.72,70.0,70.78,56.65
2022-04-10,0.0,17.53,62.68,1012.05,6.76,8.0,7.07,56.65,0.0,0.0,0.0,56.65,62.72,70.0,43.84
2022-04-11,0.0,20.91,76.53,1012.88,12.31,8.0,7.12,43.84,0.0,0.0,0.0,43.84,56.65,62.72,39.27
2022-04-12,0.0,19.33,76.42,1007.38,10.39,8.0,8.03,39.27,0.0,0.0,0.0,39.27,43.84,56.65,32.23
2022-04-13,0.0,15.32,73.13,1005.49,6.47,8.0,5.06,32.23,0.0,0.0,0.0,32.23,39.27,43.84,32.03
2022-04-14,13.09,20.24,71.12,1008.61,2.92,8.0,6.28,32.03,0.0,0.0,0.0,32.03,32.23,39.27,31.31
2022-04-15,26.96,17.64,79.74,1010.43,11.11,8.0,8.03,31.31,13.09,0.0,0.0,31.31,32.03,32.23,39.65
2022-04-16,0.0,21.18,66.29,1016.76,7.22,8.0,7.22,39.65,26.96,13.09,0.0,39.65,31.31,32.03,37.18
2022-04-17,0.0,18.87,67.96,1019.85,13.83,8.0,7.7,37.18,0.0,26.96,13.09,37.18,39.65,31.31,38.26
2022-04-18,0.0,19.75,66.5,1017.67,10.05,8.0,8.42,38.26,0.0,0.0,26.96,38.26,37.18,39.65,38.76
2022-04-19,0.0,16.26,74.34,1014.91,7.55,8.0,5.89,38.76,0.0,0.0,0.0,38.76,38.26,37.18,31.06
2022-04-20,0.0,17.07,66.31,1005.51,16.29,8.0,7.05,31.06,0.0,0.0,0.0,31.06,38.76,38.26,25.08
2022-04-21,16.79,17.29,69.31,1008.41,12.02,8.0,6.52,25.08,0.0,0.0,0.0,25.08,31.06,38.76,32.7
2022-04-22,0.0,20.48,69.34,1011.43,0.5,8.0,5.18,32.7,16.79,0.0,0.0,32.7,25.08,31.06,31.99
2022-04-23,0.0,22.43,72.63,1007.15,8.3,8.0,7.68,31.99,0.0,16.79,0.0,31.99,32.7,25.08,30.99
2022-04-24,0.0,16.12,64.21,1013.13,5.16,8.0,5.98,30.99,0.0,0.0,16.79,30.99,31.99,32.7,29.18
2022-04-25,0.0,20.73,75.41,1013.77,7.2,8.0,7.77,29.18,0.0,0.0,0.0,29.18,30.99,31.99,24.89
2022-04-26,0.0,12.51,83.7,1012.78,9.49,8.0,6.75,24.89,0.0,0.0,0.0,24.89,29.18,30.99,20.67
2022-04-27,0.0,14.85,76.08,1015.15,11.24,8.0,7.23,20.67,0.0,0.0,0.0,20.67,24.89,29.18,15.0
2022-04-28,0.0,15.35,86.09,1005.44,10.91,8.0,5.51,15.0,0.0,0.0,0.0,15.0,20.67,24.89,9.67
2022-04-29,0.0,14.27,84.8,1014.56,13.77,8.0,7.67,9.67,0.0,0.0,0.0,9.67,15.0,20.67,5.0
2022-04-30,0.0,13.6,81.06,1006.35,12.23,8.0,7.92,5.0,0.0,0.0,0.0,5.0,9.67,15.0,5.0
2022-05-01,63.9,18.49,76.3,1005.05,12.01,8.0,7.54,5.0,0.0,0.0,0.0,5.0,5.0,9.67,31.81
2022-05-02,0.0,16.84,76.09,1012.35,10.71,8.0,6.3,31.81,63.9,0.0,0.0,31.81,5.0,5.0,42.4
2022-05-03,17.14,18.23,81.44,1015.71,14.5,8.0,6.53,42.4,0.0,63.9,0.0,42.4,31.81,5.0,55.29
2022-05-04,0.0,18.92,73.5,1012.01,8.89,8.0,7.84,55.29,17.14,0.0,63.9,55.29,42.4,31.81,52.89
2022-05-05,9.22,17.77,63.21,1009.61,8.98,8.0,7.07,52.89,0.0,17.14,0.0,52.89,55.29,42.4,47.61
2022-05-06,0.0,18.67,79.98,1010.99,3.33,8.0,5.07,47.61,9.22,0.0,17.14,47.61,52.89,55.29,41.34
2022-05-07,0.0,16.76,68.76,1010.07,13.7,8.0,7.86,41.34,0.0,9.22,0.0,41.34,47.61,52.89,34.02
2022-05-08,0.0,13.89,70.09,1003.7,9.73,8.0,6.62,34.02,0.0,0.0,9.22,34.02,41.34,47.61,26.58
2022-05-09,0.0,19.42,76.96,1003.05,20.27,8.0,10.06,26.58,0.0,0.0,0.0,26.58,34.02,41.34,25.37
2022-05-10,0.0,15.22,76.43,1008.82,8.58,8.0,5.94,25.37,0.0,0.0,0.0,25.37,26.58,34.02,22.56
2022-05-11,15.96,14.28,67.34,1009.55,10.31,8.0,7.08,22.56,0.0,0.0,0.0,22.56,25.37,26.58,23.46
2022-05-12,0.0,16.1,78.52,1009.16,11.91,8.0,8.11,23.46,15.96,0.0,0.0,23.46,22.56,25.37,26.4
2022-05-13,0.0,14.18,84.25,1012.43,6.14,8.0,6.43,26.4,0.0,15.96,0.0,26.4,23.46,22.56,24.42
2022-05-14,0.0,15.35,69.71,1007.92,11.25,8.0,6.9,24.42,0.0,0.0,15.96,24.42,26.4,23.46,18.9
2022-05-15,0.0,17.18,86.64,1011.76,10.12,8.0,6.71,18.9,0.0,0.0,0.0,18.9,24.42,26.4,18.08
2022-05-16,0.77,17.12,66.93,1008.17,8.94,8.0,6.64,18.08,0.0,0.0,0.0,18.08,18.9,24.42,21.05
2022-05-17,0.0,13.94,92.79,1017.96,14.1,8.0,6.78,21.05,0.77,0.0,0.0,21.05,18.08,18.9,16.46
2022-05-18,0.0,14.9,75.2,1009.2,6.84,8.0,5.73,16.46,0.0,0.77,0.0,16.46,21.05,18.08,11.29
2022-05-19,54.77,18.74,79.21,1020.46,10.96,8.0,8.22,11.29,0.0,0.0,0.77,11.29,16.46,21.05,34.51
2022-05-20,35.52,17.23,65.06,1010.47,15.09,8.0,8.67,34.51,54.77,0.0,0.0,34.51,11.29,16.46,56.87
2022-05-21,0.0,21.12,77.97,1007.6,7.53,8.0,7.64,56.87,35.52,54.77,0.0,56.87,34.51,11.29,62.22
2022-05-22,29.56,18.82,80.11,1004.13,8.96,8.0,7.19,62.22,0.0,35.52,54.77,62.22,56.87,34.51,69.32
2022-05-23,0.0,18.67,78.0,1001.37,18.21,8.0,8.55,69.32,29.56,0.0,35.52,69.32,62.22,56.87,67.44
2022-05-24,0.0,12.29,74.76,1003.58,11.66,8.0,5.48,67.44,0.0,29.56,0.0,67.44,69.32,62.22,58.82
2022-05-25,0.0,17.61,72.17,1004.11,8.23,8.0,7.37,58.82,0.0,0.0,29.56,58.82,67.44,69.32,50.33
2022-05-26,0.0,15.52,86.79,1010.44,12.81,8.0,7.2,50.33,0.0,0.0,0.0,50.33,58.82,67.44,41.86
2022-05-27,0.0,14.23,79.18,1005.8,8.01,8.0,5.41,41.86,0.0,0.0,0.0,41.86,50.33,58.82,33.63
2022-05-28,0.0,15.98,89.83,1009.33,4.52,8.0,6.83,33.63,0.0,0.0,0.0,33.63,41.86,50.33,30.47
2022-05-29,0.0,17.87,75.44,1014.77,14.8,8.0,7.68,30.47,0.0,0.0,0.0,30.47,33.63,41.86,33.31
2022-05-30,0.0,16.72,76.16,1007.89,6.14,8.0,6.98,33.31,0.0,0.0,0.0,33.31,30.47,33.63,23.89
2022-05-31,69.47,13.23,84.98,1018.7,18.58,8.0,8.17,23.89,0.0,0.0,0.0,23.89,33.31,30.47,53.23
2022-06-01,0.0,17.24,67.98,1002.39,8.29,,6.07,53.23,69.47,0.0,0.0,53.23,23.89,33.31,61.07
2022-06-02,0.0,13.75,70.92,1007.49,17.47,8.0,8.38,61.07,0.0,69.47,0.0,61.07,53.23,23.89,48.27
2022-06-03,16.02,15.85,87.15,1005.52,5.21,8.0,5.55,48.27,0.0,0.0,69.47,48.27,61.07,53.23,47.94
2022-06-04,0.0,14.52,71.33,1012.88,13.59,8.0,5.95,47.94,16.02,0.0,0.0,47.94,48.27,61.07,57.39
2022-06-05,0.0,14.69,66.85,996.97,11.75,8.0,7.64,57.39,0.0,16.02,0.0,57.39,47.94,48.27,45.26
2022-06-06,0.0,17.13,92.72,1000.94,12.93,8.0,7.52,45.26,0.0,0.0,16.02,45.26,57.39,47.94,43.98
2022-06-07,0.0,12.58,69.93,1007.59,13.39,8.0,7.13,43.98,0.0,0.0,0.0,43.98,45.26,57.39,40.17
2022-06-08,0.0,20.02,81.02,1015.87,8.26,8.0,7.64,40.17,0.0,0.0,0.0,40.17,43.98,45.26,32.19
2022-06-09,0.0,10.58,80.26,1009.22,5.42,8.0,4.66,32.19,0.0,0.0,0.0,32.19,40.17,43.98,30.07
2022-06-10,7.29,13.62,60.14,1001.32,9.82,8.0,5.91,30.07,0.0,0.0,0.0,30.07,32.19,40.17,31.01
2022-06-11,0.0,16.02,77.98,1002.08,10.78,8.0,6.1,31.01,7.29,0.0,0.0,31.01,30.07,32.19,28.53
2022-06-12,0.0,16.53,83.02,1016.42,8.35,8.0,6.28,28.53,0.0,7.29,0.0,28.53,31.01,30.07,24.89
2022-06-13,0.0,14.8,82.39,1004.93,10.97,8.0,7.13,24.89,0.0,0.0,7.29,24.89,28.53,31.01,20.53
2022-06-14,0.0,14.9,86.25,1003.31,11.15,8.0,8.51,20.53,0.0,0.0,0.0,20.53,24.89,28.53,19.11
2022-06-15,5.47,16.06,77.24,1015.41,6.81,8.0,6.21,19.11,0.0,0.0,0.0,19.11,20.53,24.89,20.94
2022-06-16,27.65,14.44,84.95,1013.07,11.38,8.0,7.0,20.94,5.47,0.0,0.0,20.94,19.11,20.53,34.56
2022-06-17,0.0,18.49,75.16,1014.38,9.06,8.0,5.88,34.56,27.65,5.47,0.0,34.56,20.94,19.11,36.04
2022-06-18,0.0,17.1,70.12,1003.25,7.55,8.0,6.22,36.04,0.0,27.65,5.47,36.04,34.56,20.94,36.29
2022-06-19,0.0,17.18,70.91,1000.38,12.76,8.0,5.8,36.29,0.0,0.0,27.65,36.29,36.04,34.56,27.42
2022-06-20,0.0,12.58,69.77,1008.67,7.28,8.0,7.95,27.42,0.0,0.0,0.0,27.42,36.29,36.04,18.06
2022-06-21,7.53,14.8,87.07,1009.68,8.4,8.0,4.94,18.06,0.0,0.0,0.0,18.06,27.42,36.29,17.55
2022-06-22,16.24,14.25,69.39,1009.83,10.25,8.0,6.34,17.55,7.53,0.0,0.0,17.55,18.06,27.42,19.71
2022-06-23,11.46,12.49,81.91,1015.4,14.81,8.0,7.07,19.71,16.24,7.53,0.0,19.71,17.55,18.06,26.28
2022-06-24,0.0,15.91,78.11,999.34,10.67,8.0,8.38,26.28,11.46,16.24,7.53,26.28,19.71,17.55,28.81
2022-06-25,31.17,13.68,79.24,1012.31,11.85,8.0,7.06,28.81,0.0,11.46,16.24,28.81,26.28,19.71,40.12
2022-06-26,0.0,16.67,89.49,1002.54,8.96,8.0,5.61,40.12,31.17,0.0,11.46,40.12,28.81,26.28,39.73
2022-06-27,0.0,12.37,76.85,1012.31,9.73,8.0,6.19,39.73,0.0,31.17,0.0,39.73,40.12,28.81,35.73
2022-06-28,0.0,19.36,84.18,1005.67,9.83,8.0,7.23,35.73,0.0,0.0,31.17,35.73,39.73,40.12,33.93
2022-06-29,0.0,12.84,80.13,1003.99,11.03,8.0,6.15,33.93,0.0,0.0,0.0,33.93,35.73,39.73,33.65
2022-06-30,0.0,15.65,78.77,1005.02,8.96,8.0,6.08,33.65,0.0,0.0,0.0,33.65,33.93,35.73,29.64
2022-07-01,0.0,17.1,95.9,1000.86,14.69,8.0,6.95,29.64,0.0,0.0,0.0,29.64,33.65,33.93,23.39
2022-07-02,0.0,13.71,69.67,1008.3,8.69,8.0,5.84,23.39,0.0,0.0,0.0,23.39,29.64,33.65,23.21
2022-07-03,0.0,17.3,88.74,1004.26,4.02,8.0,5.32,23.21,0.0,0.0,0.0,23.21,23.39,29.64,16.06
2022-07-04,0.0,12.12,84.26,1012.07,19.6,8.0,7.13,16.06,0.0,0.0,0.0,16.06,23.21,23.39,10.41
2022-07-05,0.0,18.85,76.26,1011.36,8.85,8.0,6.75,10.41,0.0,0.0,0.0,10.41,16.06,23.21,11.41
2022-07-06,0.0,15.29,90.97,1016.62,14.6,8.0,8.0,11.41,0.0,0.0,0.0,11.41,10.41,16.06,5.0
2022-07-07,0.0,13.8,66.57,1010.04,14.92,8.0,6.39,5.0,0.0,0.0,0.0,5.0,11.41,10.41,5.0
2022-07-08,0.0,14.57,75.8,1010.83,13.31,8.0,6.56,5.0,0.0,0.0,0.0,5.0,5.0,11.41,8.62
2022-07-09,0.0,17.38,70.93,1015.26,9.31,8.0,6.98,8.62,0.0,0.0,0.0,8.62,5.0,5.0,5.0
2022-07-10,0.0,13.94,82.2,1005.15,11.0,8.0,7.18,5.0,0.0,0.0,0.0,5.0,8.62,5.0,5.0
2022-07-11,0.0,13.57,71.46,1000.87,5.54,8.0,7.14,5.0,0.0,0.0,0.0,5.0,5.0,8.62,10.54
2022-07-12,0.0,14.93,82.21,1009.34,16.97,8.0,8.33,10.54,0.0,0.0,0.0,10.54,5.0,5.0,11.36
2022-07-13,11.92,12.58,77.79,1001.26,7.02,8.0,6.16,11.36,0.0,0.0,0.0,11.36,10.54,5.0,11.39
2022-07-14,0.0,20.12,75.66,1020.68,9.11,8.0,7.16,11.39,11.92,0.0,0.0,11.39,11.36,10.54,13.64
2022-07-15,29.54,14.21,81.65,1015.72,10.35,8.0,6.59,13.64,0.0,11.92,0.0,13.64,11.39,11.36,27.33
2022-07-16,31.35,17.75,76.97,1019.3,9.62,8.0,6.06,27.33,29.54,0.0,11.92,27.33,13.64,11.39,39.26
2022-07-17,0.0,16.25,71.14,1008.83,7.7,8.0,6.89,39.26,31.35,29.54,0.0,39.26,27.33,13.64,46.21
2022-07-18,53.16,13.32,98.0,1011.31,14.88,8.0,6.84,46.21,0.0,31.35,29.54,46.21,39.26,27.33,71.39
2022-07-19,0.0,15.82,75.16,1006.3,13.33,8.0,7.47,71.39,53.16,0.0,31.35,71.39,46.21,39.26,78.96
2022-07-20,30.85,17.85,62.95,1013.05,11.13,8.0,6.55,78.96,0.0,53.16,0.0,78.96,71.39,46.21,90.4
2022-07-21,43.3,15.48,72.47,1002.6,8.6,8.0,6.54,90.4,30.85,0.0,53.16,90.4,78.96,71.39,106.76
2022-07-22,0.0,19.0,69.39,996.01,13.72,8.0,7.04,106.76,43.3,30.85,0.0,106.76,90.4,78.96,103.15
2022-07-23,0.0,18.63,83.94,1004.82,8.37,8.0,7.3,103.15,0.0,43.3,30.85,103.15,106.76,90.4,102.01
2022-07-24,0.0,18.44,80.29,1001.54,15.5,8.0,7.73,102.01,0.0,0.0,43.3,102.01,103.15,106.76,86.69
2022-07-25,30.17,15.06,80.72,1016.25,10.39,8.0,6.94,86.69,0.0,0.0,0.0,86.69,102.01,103.15,86.59
2022-07-26,0.0,13.58,,1017.99,14.3,8.0,6.89,86.59,30.17,0.0,0.0,86.59,86.69,102.01,80.77
2022-07-27,19.77,14.81,75.73,1001.95,9.6,8.0,7.22,80.77,0.0,30.17,0.0,80.77,86.59,86.69,81.16
2022-07-28,0.99,16.91,74.97,1015.47,10.25,8.0,7.29,81.16,19.77,0.0,30.17,81.16,80.77,86.59,71.71
2022-07-29,24.14,17.86,76.87,1013.82,14.29,8.0,7.04,71.71,0.99,19.77,0.0,71.71,81.16,80.77,74.82
2022-07-30,0.0,11.14,83.16,1001.27,17.68,8.0,6.71,74.82,24.14,0.99,19.77,74.82,71.71,81.16,76.14
2022-07-31,0.0,16.63,79.53,1007.22,15.46,8.0,8.43,76.14,0.0,24.14,0.99,76.14,74.82,71.71,67.69
2022-08-01,0.0,17.12,80.55,1006.33,13.07,8.0,5.59,67.69,0.0,0.0,24.14,67.69,76.14,74.82,57.53
2022-08-02,0.0,16.11,80.4,1013.03,12.06,8.0,8.26,57.53,0.0,0.0,0.0,57.53,67.69,76.14,55.56
2022-08-03,0.0,20.11,82.96,1003.2,8.23,8.0,6.43,55.56,0.0,0.0,0.0,55.56,57.53,67.69,41.92
2022-08-04,0.0,18.02,78.64,1008.91,11.03,8.0,7.74,41.92,0.0,0.0,0.0,41.92,55.56,57.53,39.74
2022-08-05,23.79,20.33,78.99,1006.04,6.8,8.0,7.14,39.74,0.0,0.0,0.0,39.74,41.92,55.56,44.21
2022-08-06,0.0,16.6,84.66,1011.89,11.32,8.0,6.79,44.21,23.79,0.0,0.0,44.21,39.74,41.92,45.38
2022-08-07,7.14,19.57,71.53,1008.51,11.54,8.0,7.75,45.38,0.0,23.79,0.0,45.38,44.21,39.74,46.85
2022-08-08,0.0,21.4,70.04,1006.98,3.14,8.0,6.5,46.85,7.14,0.0,23.79,46.85,45.38,44.21,47.52
2022-08-09,0.0,20.68,67.58,1008.65,10.14,8.0,8.05,47.52,0.0,7.14,0.0,47.52,46.85,45.38,38.71
2022-08-10,0.0,14.77,77.0,1019.96,11.45,8.0,6.32,38.71,0.0,0.0,7.14,38.71,47.52,46.85,29.37
2022-08-11,0.0,16.96,62.58,1007.77,9.71,8.0,7.52,29.37,0.0,0.0,0.0,29.37,38.71,47.52,27.11
2022-08-12,0.0,16.82,78.63,1004.71,11.25,8.0,5.58,27.11,0.0,0.0,0.0,27.11,29.37,38.71,19.92
2022-08-13,0.0,19.0,74.47,1012.9,5.3,8.0,6.96,19.92,0.0,0.0,0.0,19.92,27.11,29.37,20.38
2022-08-14,0.0,19.59,83.01,1009.34,7.28,8.0,6.81,20.38,0.0,0.0,0.0,20.38,19.92,27.11,19.46
2022-08-15,8.06,15.88,70.2,1003.05,13.62,8.0,7.8,19.46,0.0,0.0,0.0,19.46,20.38,19.92,21.7
2022-08-16,0.0,18.24,73.31,1021.35,10.0,8.0,7.6,21.7,8.06,0.0,0.0,21.7,19.46,20.38,18.35
2022-08-17,0.0,13.12,82.42,1008.5,11.19,8.0,7.85,18.35,0.0,8.06,0.0,18.35,21.7,19.46,17.01
2022-08-18,10.9,21.88,84.07,1008.45,8.09,8.0,7.28,17.01,0.0,0.0,8.06,17.01,18.35,21.7,18.72
2022-08-19,0.0,17.1,69.45,1011.21,10.07,8.0,6.33,18.72,10.9,0.0,0.0,18.72,17.01,18.35,24.6
2022-08-20,7.88,18.62,75.31,1019.14,1.94,8.0,7.39,24.6,0.0,10.9,0.0,24.6,18.72,17.01,25.3
2022-08-21,3.28,17.81,75.92,1002.16,12.96,8.0,7.79,25.3,7.88,0.0,10.9,25.3,24.6,18.72,22.89
2022-08-22,0.0,21.56,76.29,1012.02,16.33,8.0,9.11,22.89,3.28,7.88,0.0,22.89,25.3,24.6,25.32
2022-08-23,0.0,11.7,71.65,1021.15,6.27,8.0,5.54,25.32,0.0,3.28,7.88,25.32,22.89,25.3,19.37
2022-08-24,0.0,18.86,82.28,1011.43,6.71,8.0,6.33,19.37,0.0,0.0,3.28,19.37,25.32,22.89,23.43
2022-08-25,0.0,18.75,59.89,1004.69,11.54,8.0,7.58,23.43,0.0,0.0,0.0,23.43,19.37,25.32,15.05
2022-08-26,13.04,17.99,69.98,1007.85,15.16,8.0,8.33,15.05,0.0,0.0,0.0,15.05,23.43,19.37,24.99
2022-08-27,0.0,23.55,75.88,1012.06,9.99,8.0,7.93,24.99,13.04,0.0,0.0,24.99,15.05,23.43,24.63
2022-08-28,0.0,17.13,75.75,1017.76,5.7,8.0,5.56,24.63,0.0,13.04,0.0,24.63,24.99,15.05,21.81
2022-08-29,0.0,21.39,81.83,1009.49,9.27,8.0,8.55,21.81,0.0,0.0,13.04,21.81,24.63,24.99,25.3
2022-08-30,12.68,20.46,80.56,1015.4,6.4,8.0,5.85,25.3,0.0,0.0,0.0,25.3,21.81,24.63,26.67
2022-08-31,10.13,22.84,69.98,1004.17,7.66,8.0,7.57,26.67,12.68,0.0,0.0,26.67,25.3,21.81,26.65
2022-09-01,0.0,18.13,80.88,1004.21,8.94,8.0,6.95,26.65,10.13,12.68,0.0,26.65,26.67,25.3,26.79
2022-09-02,0.0,18.08,66.58,1009.09,6.75,8.0,8.69,26.79,0.0,10.13,12.68,26.79,26.65,26.67,27.0
2022-09-03,0.0,22.77,77.9,1018.78,7.28,8.0,6.86,27.0,0.0,0.0,10.13,27.0,26.79,26.65,23.49
2022-09-04,30.01,21.2,83.86,1012.02,10.26,8.0,6.47,23.49,0.0,0.0,0.0,23.49,27.0,26.79,32.25
2022-09-05,0.0,16.4,79.49,1013.2,10.75,8.0,7.54,32.25,30.01,0.0,0.0,32.25,23.49,27.0,33.29
2022-09-06,0.0,19.03,71.53,1013.23,5.02,8.0,6.09,33.29,0.0,30.01,0.0,33.29,32.25,23.49,34.93
2022-09-07,0.0,21.46,68.26,1017.47,11.39,8.0,8.58,34.93,0.0,0.0,30.01,34.93,33.29,32.25,26.67
2022-09-08,16.68,22.7,59.68,1008.96,8.66,8.0,8.2,26.67,0.0,0.0,0.0,26.67,34.93,33.29,32.05
2022-09-09,30.58,19.03,72.35,1015.53,12.52,8.0,8.17,32.05,16.68,0.0,0.0,32.05,26.67,34.93,49.72
2022-09-10,0.0,13.56,62.17,1008.02,12.73,8.0,6.47,49.72,30.58,16.68,0.0,49.72,32.05,26.67,56.83
2022-09-11,8.58,22.27,64.22,1022.18,8.09,8.0,8.03,56.83,0.0,30.58,16.68,56.83,49.72,32.05,62.46
2022-09-12,0.0,18.03,61.23,1008.34,12.15,8.0,9.34,62.46,8.58,0.0,30.58,62.46,56.83,49.72,53.65
2022-09-13,0.0,16.16,66.14,1008.02,7.07,8.0,6.2,53.65,0.0,8.58,0.0,53.65,62.46,56.83,54.1
2022-09-14,0.0,14.24,68.96,1015.27,14.63,8.0,7.26,54.1,0.0,0.0,8.58,54.1,53.65,62.46,47.1
2022-09-15,0.0,23.48,70.87,1013.0,7.2,8.0,7.2,47.1,0.0,0.0,0.0,47.1,54.1,53.65,42.89
2022-09-16,0.0,21.89,64.54,1014.32,11.23,8.0,7.53,42.89,0.0,0.0,0.0,42.89,47.1,54.1,37.79
2022-09-17,21.89,21.12,76.03,1013.91,9.34,8.0,7.45,37.79,0.0,0.0,0.0,37.79,42.89,47.1,40.2
2022-09-18,8.85,25.28,66.88,1007.41,6.44,8.0,7.43,40.2,21.89,0.0,0.0,40.2,37.79,42.89,44.0
2022-09-19,0.0,23.52,62.61,1021.01,13.15,8.0,8.2,44.0,8.85,21.89,0.0,44.0,40.2,37.79,45.88
2022-09-20,16.19,26.09,69.51,1017.5,7.85,8.0,6.99,45.88,0.0,8.85,21.89,45.88,44.0,40.2,50.12
2022-09-21,57.47,18.68,81.46,1019.91,4.05,8.0,7.21,50.12,16.19,0.0,8.85,50.12,45.88,44.0,72.88
2022-09-22,0.0,22.2,69.86,1010.56,0.5,8.0,6.47,72.88,57.47,16.19,0.0,72.88,50.12,45.88,74.72
2022-09-23,0.0,18.36,64.76,1015.37,6.94,8.0,7.51,74.72,0.0,57.47,16.19,74.72,72.88,50.12,72.11
2022-09-24,0.0,21.95,56.41,1014.36,14.82,8.0,8.83,72.11,0.0,0.0,57.47,72.11,74.72,72.88,64.36
2022-09-25,0.0,22.02,65.36,1019.1,14.4,8.0,6.13,64.36,0.0,0.0,0.0,64.36,72.11,74.72,51.04
2022-09-26,50.58,24.33,68.33,1019.35,7.48,8.0,8.18,51.04,0.0,0.0,0.0,51.04,64.36,72.11,68.27
2022-09-27,25.79,23.0,63.77,1014.6,8.69,8.0,8.16,68.27,50.58,0.0,0.0,68.27,51.04,64.36,82.5
2022-09-28,0.0,24.56,54.62,1006.13,8.37,8.0,7.88,82.5,25.79,50.58,0.0,82.5,68.27,51.04,88.85
2022-09-29,15.33,24.88,60.12,1022.7,5.33,8.0,8.97,88.85,0.0,25.79,50.58,88.85,82.5,68.27,86.2
2022-09-30,17.38,28.63,76.05,1016.67,6.68,8.0,8.61,86.2,15.33,0.0,25.79,86.2,88.85,82.5,85.63
2022-10-01,0.0,22.57,75.7,1010.93,13.43,8.0,8.93,85.63,17.38,15.33,0.0,85.63,86.2,88.85,80.65
2022-10-02,0.0,21.13,59.26,1016.09,11.76,8.0,6.43,80.65,0.0,17.38,15.33,80.65,85.63,86.2,75.45
2022-10-03,0.0,24.21,69.97,1006.58,10.96,8.0,9.03,75.45,0.0,0.0,17.38,75.45,80.65,85.63,64.85
2022-10-04,0.0,21.71,56.81,1019.5,5.33,8.0,7.44,64.85,0.0,0.0,0.0,64.85,75.45,80.65,61.43
2022-10-05,0.0,27.53,74.69,1006.95,10.35,8.0,7.14,61.43,0.0,0.0,0.0,61.43,64.85,75.45,53.02
2022-10-06,0.0,23.24,66.38,1013.29,1.94,8.0,6.77,53.02,0.0,0.0,0.0,53.02,61.43,64.85,47.46
2022-10-07,5.06,22.65,71.11,1015.69,12.95,8.0,6.73,47.46,0.0,0.0,0.0,47.46,53.02,61.43,41.39
2022-10-08,0.0,23.0,52.26,1019.75,10.91,8.0,8.45,41.39,5.06,0.0,0.0,41.39,47.46,53.02,33.41
2022-10-09,0.0,26.09,68.82,1015.17,5.29,8.0,7.46,33.41,0.0,5.06,0.0,33.41,41.39,47.46,29.49
2022-10-10,0.0,24.01,63.83,1017.89,15.66,8.0,8.19,29.49,0.0,0.0,5.06,29.49,33.41,41.39,22.96
2022-10-11,0.0,22.91,69.65,1014.66,3.71,8.0,7.29,22.96,0.0,0.0,0.0,22.96,29.49,33.41,16.64
2022-10-12,0.0,28.79,69.9,1014.72,11.86,8.0,7.99,16.64,0.0,0.0,0.0,16.64,22.96,29.49,14.13
2022-10-13,0.0,22.6,63.76,1015.38,11.94,8.0,8.05,14.13,0.0,0.0,0.0,14.13,16.64,22.96,7.75
2022-10-14,0.0,24.94,58.91,1014.09,5.66,8.0,8.18,7.75,0.0,0.0,0.0,7.75,14.13,16.64,5.69
2022-10-15,0.0,26.59,68.38,1006.68,9.87,8.0,7.79,5.69,0.0,0.0,0.0,5.69,7.75,14.13,5.0
2022-10-16,0.0,20.99,62.32,1011.35,4.27,8.0,5.88,5.0,0.0,0.0,0.0,5.0,5.69,7.75,8.15
2022-10-17,0.0,26.38,56.45,1016.49,0.5,8.0,7.57,8.15,0.0,0.0,0.0,8.15,5.0,5.69,6.55
2022-10-18,20.13,22.64,55.93,1014.1,6.26,8.0,7.24,6.55,0.0,0.0,0.0,6.55,8.15,5.0,15.59
2022-10-19,10.14,27.45,51.85,1014.64,7.84,8.0,9.54,15.59,20.13,0.0,0.0,15.59,6.55,8.15,17.31
2022-10-20,0.0,23.09,58.44,1013.88,12.25,8.0,8.5,17.31,10.14,20.13,0.0,17.31,15.59,6.55,15.31
2022-10-21,0.0,27.33,69.55,1011.25,10.24,8.0,8.8,15.31,0.0,10.14,20.13,15.31,17.31,15.59,17.47
2022-10-22,0.0,28.46,62.9,1013.18,10.33,8.0,8.66,17.47,0.0,0.0,10.14,17.47,15.31,17.31,12.57
2022-10-23,0.0,27.96,57.77,1014.18,6.45,8.0,8.2,12.57,0.0,0.0,0.0,12.57,17.47,15.31,7.31
2022-10-24,25.43,26.53,66.94,1015.81,8.14,8.0,8.29,7.31,0.0,0.0,0.0,7.31,12.57,17.47,13.42
2022-10-25,0.0,25.42,55.31,1017.83,6.75,8.0,8.07,13.42,25.43,0.0,0.0,13.42,7.31,12.57,15.66
2022-10-26,0.0,24.66,61.64,1015.03,5.71,8.0,6.37,15.66,0.0,25.43,0.0,15.66,13.42,7.31,19.06
2022-10-27,49.17,29.87,59.55,1010.85,7.92,8.0,7.49,19.06,0.0,0.0,25.43,19.06,15.66,13.42,29.3
2022-10-28,0.0,24.54,66.1,1009.08,10.26,8.0,8.44,29.3,49.17,0.0,0.0,29.3,19.06,15.66,44.82
2022-10-29,0.0,23.79,49.44,1029.12,8.0,8.0,7.64,44.82,0.0,49.17,0.0,44.82,29.3,19.06,45.57
2022-10-30,4.63,28.14,54.37,1010.55,8.87,8.0,7.54,45.57,0.0,0.0,49.17,45.57,44.82,29.3,38.69
2022-10-31,0.0,24.58,48.69,1013.67,12.43,8.0,8.57,38.69,4.63,0.0,0.0,38.69,45.57,44.82,34.39
2022-11-01,0.0,24.29,58.19,1018.92,8.25,8.0,8.91,34.39,0.0,4.63,0.0,34.39,38.69,45.57,27.42
2022-11-02,0.0,23.14,68.33,1018.2,5.33,8.0,7.16,27.42,0.0,0.0,4.63,27.42,34.39,38.69,24.74
2022-11-03,29.02,25.63,56.17,1019.06,11.97,8.0,8.67,24.74,0.0,0.0,0.0,24.74,27.42,34.39,31.07
2022-11-04,0.0,26.72,55.98,1014.3,10.93,8.0,8.66,31.07,29.02,0.0,0.0,31.07,24.74,27.42,33.46
2022-11-05,0.0,27.62,65.51,1017.77,11.15,8.0,7.89,33.46,0.0,29.02,0.0,33.46,31.07,24.74,30.96
2022-11-06,0.0,29.47,66.75,1016.95,12.19,8.0,8.7,30.96,0.0,0.0,29.02,30.96,33.46,31.07,28.86
2022-11-07,0.0,28.49,58.51,1015.14,11.6,8.0,6.91,28.86,0.0,0.0,0.0,28.86,30.96,33.46,31.06
2022-11-08,0.0,26.78,63.78,1017.98,10.1,8.0,7.39,31.06,0.0,0.0,0.0,31.06,28.86,30.96,24.67
2022-11-09,0.0,26.84,51.32,1022.09,18.37,8.0,9.39,24.67,0.0,0.0,0.0,24.67,31.06,28.86,21.35
2022-11-10,10.45,28.69,68.37,1016.75,5.5,8.0,6.69,21.35,0.0,0.0,0.0,21.35,24.67,31.06,25.13
2022-11-11,43.93,30.67,73.63,1016.84,7.95,8.0,8.18,25.13,10.45,0.0,0.0,25.13,21.35,24.67,46.36
2022-11-12,0.0,27.88,62.11,1022.31,13.39,8.0,8.53,46.36,43.93,10.45,0.0,46.36,25.13,21.35,51.87
2022-11-13,16.75,26.46,43.75,1021.83,10.5,8.0,9.33,51.87,0.0,43.93,10.45,51.87,46.36,25.13,55.18
2022-11-14,0.0,25.22,54.31,1024.99,12.65,8.0,10.02,55.18,16.75,0.0,43.93,55.18,51.87,46.36,47.67
2022-11-15,0.0,24.16,62.39,1008.34,10.59,8.0,7.89,47.67,0.0,16.75,0.0,47.67,55.18,51.87,44.9
2022-11-16,0.0,29.51,55.04,1021.7,14.81,8.0,9.49,44.9,0.0,0.0,16.75,44.9,47.67,55.18,41.42
2022-11-17,0.0,29.35,66.78,1020.23,6.47,8.0,8.83,41.42,0.0,0.0,0.0,41.42,44.9,47.67,37.83
2022-11-18,0.0,29.41,61.88,1012.84,14.7,8.0,9.13,37.83,0.0,0.0,0.0,37.83,41.42,44.9,35.12
2022-11-19,0.0,27.71,52.71,1018.57,14.1,8.0,9.24,35.12,0.0,0.0,0.0,35.12,37.83,41.42,26.17
2022-11-20,0.0,31.61,57.78,1022.61,5.76,8.0,6.94,26.17,0.0,0.0,0.0,26.17,35.12,37.83,20.37
2022-11-21,4.19,26.94,51.2,1013.25,12.21,8.0,8.95,20.37,0.0,0.0,0.0,20.37,26.17,35.12,18.94
2022-11-22,0.0,30.6,56.08,1019.65,9.85,8.0,9.58,18.94,4.19,0.0,0.0,18.94,20.37,26.17,17.81
2022-11-23,13.85,28.16,53.38,1021.83,7.88,8.0,7.12,17.81,0.0,4.19,0.0,17.81,18.94,20.37,22.64
2022-11-24,0.0,26.79,65.4,1012.16,3.39,8.0,5.8,22.64,13.85,0.0,4.19,22.64,17.81,18.94,23.71
2022-11-25,0.0,29.85,71.9,1016.84,6.46,8.0,8.93,23.71,0.0,13.85,0.0,23.71,22.64,17.81,15.16
2022-11-26,35.61,29.44,46.98,1019.09,12.48,8.0,8.62,15.16,0.0,0.0,13.85,15.16,23.71,22.64,23.22
2022-11-27,3.05,29.35,43.46,1013.64,12.85,8.0,8.31,23.22,35.61,0.0,0.0,23.22,15.16,23.71,28.58
2022-11-28,0.0,28.71,55.13,1013.25,9.26,8.0,8.35,28.58,3.05,35.61,0.0,28.58,23.22,15.16,30.2
2022-11-29,0.0,28.46,46.14,1017.0,12.86,8.0,8.39,30.2,0.0,3.05,35.61,30.2,28.58,23.22,26.05
2022-11-30,0.0,34.56,57.02,1021.72,13.31,8.0,8.69,26.05,0.0,0.0,3.05,26.05,30.2,28.58,23.38
2022-12-01,23.55,31.59,61.87,1020.96,10.54,8.0,7.53,23.38,0.0,0.0,0.0,23.38,26.05,30.2,32.1
2022-12-02,0.0,30.48,67.03,1013.46,7.47,8.0,9.58,32.1,23.55,0.0,0.0,32.1,23.38,26.05,28.53
2022-12-03,0.0,28.98,57.92,1021.05,11.54,8.0,9.96,28.53,0.0,23.55,0.0,28.53,32.1,23.38,21.48
2022-12-04,0.0,31.26,55.1,1013.63,11.7,8.0,8.72,21.48,0.0,0.0,23.55,21.48,28.53,32.1,16.89
2022-12-05,0.0,30.07,42.55,1009.78,12.36,8.0,11.04,16.89,0.0,0.0,0.0,16.89,21.48,28.53,16.69
2022-12-06,0.0,,56.53,1016.02,13.03,8.0,9.91,16.69,0.0,0.0,0.0,16.69,16.89,21.48,15.2
2022-12-07,0.0,28.07,56.79,1023.49,5.23,8.0,7.55,15.2,0.0,0.0,0.0,15.2,16.69,16.89,12.08
2022-12-08,0.0,28.65,60.72,1021.17,8.22,8.0,9.9,12.08,0.0,0.0,0.0,12.08,15.2,16.69,14.57
2022-12-09,0.0,20.95,51.25,1017.9,3.35,8.0,4.92,14.57,0.0,0.0,0.0,14.57,12.08,15.2,20.26
2022-12-10,0.0,29.42,53.13,1015.84,12.61,8.0,8.7,20.26,0.0,0.0,0.0,20.26,14.57,12.08,19.94
2022-12-11,21.85,27.7,45.8,1015.99,9.26,8.0,9.61,19.94,0.0,0.0,0.0,19.94,20.26,14.57,31.97
2022-12-12,0.0,32.92,40.07,1018.5,11.51,8.0,8.87,31.97,21.85,0.0,0.0,31.97,19.94,20.26,26.46
2022-12-13,0.0,29.0,48.33,1012.62,4.84,8.0,8.61,26.46,0.0,21.85,0.0,26.46,31.97,19.94,25.95
2022-12-14,0.0,25.99,45.07,1016.23,14.9,8.0,8.08,25.95,0.0,0.0,21.85,25.95,26.46,31.97,20.89
2022-12-15,0.0,28.85,58.4,1016.9,5.82,8.0,7.23,20.89,0.0,0.0,0.0,20.89,25.95,26.46,20.44
2022-12-16,50.16,26.37,52.4,1011.23,12.71,8.0,8.86,20.44,0.0,0.0,0.0,20.44,20.89,25.95,34.61
2022-12-17,0.0,30.17,52.25,1013.8,10.41,8.0,9.15,34.61,50.16,0.0,0.0,34.61,20.44,20.89,39.84
2022-12-18,0.0,29.72,49.12,1020.05,9.34,8.0,8.59,39.84,0.0,50.16,0.0,39.84,34.61,20.44,38.4
2022-12-19,0.0,31.39,33.37,1018.05,9.05,8.0,8.31,38.4,0.0,0.0,50.16,38.4,39.84,34.61,35.97
2022-12-20,18.27,27.02,66.56,1016.46,7.77,8.0,7.06,35.97,0.0,0.0,0.0,35.97,38.4,39.84,37.38
2022-12-21,0.0,29.08,49.0,1013.44,14.53,8.0,11.02,37.38,18.27,0.0,0.0,37.38,35.97,38.4,30.69
2022-12-22,7.34,25.58,53.12,1025.88,10.04,8.0,8.34,30.69,0.0,18.27,0.0,30.69,37.38,35.97,33.86
2022-12-23,0.0,30.74,45.83,1013.8,5.56,8.0,8.87,33.86,7.34,0.0,18.27,33.86,30.69,37.38,33.7
2022-12-24,13.61,30.28,62.83,1019.25,8.66,8.0,9.11,33.7,0.0,7.34,0.0,33.7,33.86,30.69,32.61
2022-12-25,0.0,30.21,57.05,1015.54,10.45,8.0,8.23,32.61,13.61,0.0,7.34,32.61,33.7,33.86,33.25
2022-12-26,0.0,28.97,50.28,1018.15,13.14,8.0,8.95,33.25,0.0,13.61,0.0,33.25,32.61,33.7,30.86
2022-12-27,0.0,29.99,53.34,1020.25,7.88,8.0,7.6,30.86,0.0,0.0,13.61,30.86,33.25,32.61,27.0
2022-12-28,0.0,32.94,67.86,1011.1,8.12,8.0,9.12,27.0,0.0,0.0,0.0,27.0,30.86,33.25,15.34
2022-12-29,0.0,28.2,55.63,1017.91,10.08,8.0,8.21,15.34,0.0,0.0,0.0,15.34,27.0,30.86,17.2
2022-12-30,0.0,29.24,54.91,1023.88,13.06,8.0,10.2,17.2,0.0,0.0,0.0,17.2,15.34,27.0,15.95
2022-12-31,0.0,26.16,49.63,1026.72,5.21,8.0,6.12,15.95,0.0,0.0,0.0,15.95,17.2,15.34,14.89
2023-01-01,0.0,26.67,43.01,1017.24,11.77,8.0,8.89,14.89,0.0,0.0,0.0,14.89,15.95,17.2,14.4
2023-01-02,0.0,29.06,55.19,1018.08,8.38,8.0,10.21,14.4,0.0,0.0,0.0,14.4,14.89,15.95,13.12
2023-01-03,0.0,,58.64,1028.91,8.86,8.0,7.92,13.12,0.0,0.0,0.0,13.12,14.4,14.89,16.1
2023-01-04,0.0,28.12,64.11,1023.5,17.01,8.0,9.45,16.1,0.0,0.0,0.0,16.1,13.12,14.4,17.71
2023-01-05,0.0,28.14,40.73,1014.72,9.31,8.0,8.01,17.71,0.0,0.0,0.0,17.71,16.1,13.12,13.7
2023-01-06,0.0,27.67,48.65,1014.68,12.64,8.0,9.42,13.7,0.0,0.0,0.0,13.7,17.71,16.1,21.37
2023-01-07,0.0,27.32,52.53,1022.54,12.52,8.0,7.02,21.37,0.0,0.0,0.0,21.37,13.7,17.71,21.27
2023-01-08,0.0,29.35,56.63,1012.67,5.87,8.0,6.87,21.27,0.0,0.0,0.0,21.27,21.37,13.7,25.11
2023-01-09,0.0,24.83,55.71,1023.14,3.54,8.0,6.19,25.11,0.0,0.0,0.0,25.11,21.27,21.37,22.88
2023-01-10,0.0,31.74,55.95,1019.34,12.87,8.0,9.85,22.88,0.0,0.0,0.0,22.88,25.11,21.27,19.88
2023-01-11,0.0,26.83,59.73,1020.22,6.21,8.0,7.44,19.88,0.0,0.0,0.0,19.88,22.88,25.11,12.97
2023-01-12,0.0,30.25,50.63,1016.32,4.18,8.0,7.19,12.97,0.0,0.0,0.0,12.97,19.88,22.88,5.0
2023-01-13,0.0,25.22,63.57,1014.42,13.59,8.0,8.82,5.0,0.0,0.0,0.0,5.0,12.97,19.88,5.0
2023-01-14,0.0,30.02,60.15,1024.84,6.43,8.0,8.15,5.0,0.0,0.0,0.0,5.0,5.0,12.97,5.0
2023-01-15,0.0,29.97,54.97,1016.26,7.3,8.0,7.96,5.0,0.0,0.0,0.0,5.0,5.0,5.0,5.31
2023-01-16,0.0,29.2,68.51,1015.4,16.91,8.0,9.01,5.31,0.0,0.0,0.0,5.31,5.0,5.0,5.0
2023-01-17,0.0,25.7,68.29,1017.02,4.19,8.0,6.39,5.0,0.0,0.0,0.0,5.0,5.31,5.0,6.86
2023-01-18,0.0,28.75,64.02,1018.34,5.6,8.0,8.83,6.86,0.0,0.0,0.0,6.86,5.0,5.31,8.83
2023-01-19,0.0,25.11,36.46,1012.18,8.39,8.0,9.04,8.83,0.0,0.0,0.0,8.83,6.86,5.0,13.84
2023-01-20,0.0,27.38,68.75,1014.47,9.16,8.0,6.99,13.84,0.0,0.0,0.0,13.84,8.83,6.86,20.23
2023-01-21,37.9,30.52,63.37,1014.16,6.87,8.0,7.76,20.23,0.0,0.0,0.0,20.23,13.84,8.83,35.81
2023-01-22,0.0,29.87,71.96,1021.43,5.94,8.0,8.18,35.81,37.9,0.0,0.0,35.81,20.23,13.84,45.67
2023-01-23,0.0,27.85,,1012.72,15.28,8.0,8.3,45.67,0.0,37.9,0.0,45.67,35.81,20.23,45.99
2023-01-24,0.0,25.31,69.2,1008.33,10.92,8.0,8.67,45.99,0.0,0.0,37.9,45.99,45.67,35.81,41.42
2023-01-25,0.0,29.29,64.42,1007.22,12.05,8.0,8.88,41.42,0.0,0.0,0.0,41.42,45.99,45.67,32.57
2023-01-26,0.0,27.66,67.83,1009.65,9.52,8.0,8.8,32.57,0.0,0.0,0.0,32.57,41.42,45.99,28.71
2023-01-27,0.0,21.73,72.47,1023.76,11.01,8.0,9.54,28.71,0.0,0.0,0.0,28.71,32.57,41.42,24.15
2023-01-28,0.0,29.42,60.16,1016.98,13.27,8.0,7.59,24.15,0.0,0.0,0.0,24.15,28.71,32.57,17.49
2023-01-29,0.0,27.32,47.77,1019.35,6.51,8.0,8.92,17.49,0.0,0.0,0.0,17.49,24.15,28.71,9.75
2023-01-30,0.0,30.31,56.75,1019.47,10.93,8.0,8.27,9.75,0.0,0.0,0.0,9.75,17.49,24.15,7.98
2023-01-31,0.0,24.49,61.77,1017.01,12.44,8.0,8.81,7.98,0.0,0.0,0.0,7.98,9.75,17.49,5.0
2023-02-01,0.0,19.2,59.7,1016.3,15.41,8.0,8.57,5.0,0.0,0.0,0.0,5.0,7.98,9.75,5.0
2023-02-02,0.0,27.76,50.59,1021.84,16.82,8.0,10.46,5.0,0.0,0.0,0.0,5.0,5.0,7.98,6.93
2023-02-03,0.0,27.71,48.05,1017.29,10.24,8.0,8.43,6.93,0.0,0.0,0.0,6.93,5.0,5.0,5.0
2023-02-04,0.0,22.67,54.42,1023.49,13.99,8.0,7.7,5.0,0.0,0.0,0.0,5.0,6.93,5.0,5.0
2023-02-05,0.0,24.36,65.41,1019.54,0.65,8.0,6.68,5.0,0.0,0.0,0.0,5.0,5.0,6.93,5.0
2023-02-06,3.39,33.61,70.97,1013.28,15.43,8.0,11.04,5.0,0.0,0.0,0.0,5.0,5.0,5.0,5.0
2023-02-07,0.0,25.86,66.48,1013.82,7.46,8.0,7.95,5.0,3.39,0.0,0.0,5.0,5.0,5.0,5.0
2023-02-08,0.0,28.37,67.62,1012.6,9.16,8.0,7.74,5.0,0.0,3.39,0.0,5.0,5.0,5.0,5.0
2023-02-09,0.0,24.82,59.81,1022.26,11.54,8.0,8.08,5.0,0.0,0.0,3.39,5.0,5.0,5.0,7.71
2023-02-10,0.0,21.13,48.35,1014.08,9.46,8.0,7.74,7.71,0.0,0.0,0.0,7.71,5.0,5.0,8.77
2023-02-11,0.0,25.83,57.52,1012.05,10.69,8.0,8.29,8.77,0.0,0.0,0.0,8.77,7.71,5.0,5.0
2023-02-12,24.44,25.5,59.06,1017.57,15.56,8.0,8.87,5.0,0.0,0.0,0.0,5.0,8.77,7.71,10.91
2023-02-13,5.69,25.06,57.56,1015.42,8.66,8.0,8.59,10.91,24.44,0.0,0.0,10.91,5.0,8.77,19.83
2023-02-14,0.0,25.68,61.59,1017.3,6.2,8.0,9.11,19.83,5.69,24.44,0.0,19.83,10.91,5.0,16.87
2023-02-15,11.3,26.53,64.46,1025.21,16.35,8.0,9.85,16.87,0.0,5.69,24.44,16.87,19.83,10.91,16.78
2023-02-16,0.0,25.39,67.52,1020.25,11.84,8.0,8.77,16.78,11.3,0.0,5.69,16.78,16.87,19.83,16.25
2023-02-17,0.0,22.5,59.78,1015.75,16.73,8.0,9.55,16.25,0.0,11.3,0.0,16.25,16.78,16.87,12.99
2023-02-18,0.0,26.77,48.57,1008.5,13.02,8.0,9.21,12.99,0.0,0.0,11.3,12.99,16.25,16.78,18.58
2023-02-19,0.0,20.58,58.7,1012.97,5.37,8.0,6.93,18.58,0.0,0.0,0.0,18.58,12.99,16.25,17.93
2023-02-20,0.0,20.22,62.56,1018.95,12.26,8.0,7.33,17.93,0.0,0.0,0.0,17.93,18.58,12.99,16.74
2023-02-21,0.0,27.09,71.0,1009.46,6.56,8.0,7.18,16.74,0.0,0.0,0.0,16.74,17.93,18.58,14.35
2023-02-22,19.79,26.4,58.65,1025.94,10.03,8.0,8.15,14.35,0.0,0.0,0.0,14.35,16.74,17.93,23.83
2023-02-23,0.0,24.88,66.4,1015.23,9.73,8.0,8.14,23.83,19.79,0.0,0.0,23.83,14.35,16.74,25.91
2023-02-24,9.36,21.43,65.03,1015.33,4.34,8.0,7.63,25.91,0.0,19.79,0.0,25.91,23.83,14.35,27.39
2023-02-25,3.9,23.04,63.49,1011.67,7.16,8.0,7.24,27.39,9.36,0.0,19.79,27.39,25.91,23.83,21.87
2023-02-26,0.0,24.04,69.89,1017.41,17.72,8.0,8.71,21.87,3.9,9.36,0.0,21.87,27.39,25.91,18.93
2023-02-27,0.0,20.6,58.94,1009.06,10.83,8.0,7.85,18.93,0.0,3.9,9.36,18.93,21.87,27.39,15.95
2023-02-28,0.0,22.63,59.73,1025.59,9.39,8.0,7.98,15.95,0.0,0.0,3.9,15.95,18.93,21.87,15.7
2023-03-01,0.0,25.99,63.87,1021.27,16.35,8.0,8.57,15.7,0.0,0.0,0.0,15.7,15.95,18.93,16.98
2023-03-02,29.28,27.82,59.67,1019.53,8.61,8.0,7.52,16.98,0.0,0.0,0.0,16.98,15.7,15.95,26.96
2023-03-03,0.0,23.08,67.9,1007.57,9.68,8.0,8.21,26.96,29.28,0.0,0.0,26.96,16.98,15.7,29.87
2023-03-04,4.58,25.91,59.55,1015.47,13.47,8.0,8.51,29.87,0.0,29.28,0.0,29.87,26.96,16.98,27.44
2023-03-05,31.28,19.12,66.32,1020.4,8.6,8.0,8.04,27.44,4.58,0.0,29.28,27.44,29.87,26.96,35.2
2023-03-06,0.0,25.43,64.24,1017.24,7.39,8.0,7.85,35.2,31.28,4.58,0.0,35.2,27.44,29.87,31.41
2023-03-07,0.0,21.66,66.64,1009.18,2.11,8.0,6.35,31.41,0.0,31.28,4.58,31.41,35.2,27.44,29.24
2023-03-08,0.0,24.32,62.12,1010.86,6.72,8.0,6.47,29.24,0.0,0.0,31.28,29.24,31.41,35.2,26.88
2023-03-09,0.0,22.82,63.17,1011.77,6.69,8.0,7.24,26.88,0.0,0.0,0.0,26.88,29.24,31.41,25.95
2023-03-10,0.0,26.62,66.41,1010.92,10.55,8.0,7.43,25.95,0.0,0.0,0.0,25.95,26.88,29.24,20.32
2023-03-11,0.0,21.01,67.36,1021.5,7.86,8.0,6.17,20.32,0.0,0.0,0.0,20.32,25.95,26.88,21.61
2023-03-12,0.0,24.65,66.12,1004.17,17.55,8.0,10.26,21.61,0.0,0.0,0.0,21.61,20.32,25.95,24.16
2023-03-13,0.0,22.26,78.29,1016.97,6.3,8.0,6.65,24.16,0.0,0.0,0.0,24.16,21.61,20.32,24.3
2023-03-14,0.0,22.45,59.62,1007.14,14.9,8.0,9.16,24.3,0.0,0.0,0.0,24.3,24.16,21.61,25.55
2023-03-15,0.0,22.26,66.31,1008.71,10.77,8.0,6.89,25.55,0.0,0.0,0.0,25.55,24.3,24.16,19.26
2023-03-16,0.0,20.49,55.95,1003.38,12.82,8.0,7.37,19.26,0.0,0.0,0.0,19.26,25.55,24.3,11.91
2023-03-17,0.0,22.45,69.78,1010.6,12.61,8.0,7.41,11.91,0.0,0.0,0.0,11.91,19.26,25.55,13.69
2023-03-18,0.0,22.2,59.57,1020.81,2.24,8.0,7.07,13.69,0.0,0.0,0.0,13.69,11.91,19.26,16.88
2023-03-19,0.0,22.84,65.64,1014.5,9.96,8.0,8.08,16.88,0.0,0.0,0.0,16.88,13.69,11.91,20.68
2023-03-20,0.0,22.33,65.19,1007.09,9.08,8.0,6.47,20.68,0.0,0.0,0.0,20.68,16.88,13.69,12.35
2023-03-21,0.0,23.99,69.97,1018.09,6.03,8.0,6.1,12.35,0.0,0.0,0.0,12.35,20.68,16.88,11.05
2023-03-22,0.0,24.19,64.34,1019.07,11.61,8.0,8.51,11.05,0.0,0.0,0.0,11.05,12.35,20.68,5.76
2023-03-23,2.68,19.13,64.25,1013.35,16.01,8.0,9.27,5.76,0.0,0.0,0.0,5.76,11.05,12.35,5.58
2023-03-24,0.0,23.81,78.67,1022.92,0.64,8.0,7.37,5.58,2.68,0.0,0.0,5.58,5.76,11.05,8.42
2023-03-25,0.0,18.55,70.82,1016.76,8.13,8.0,6.33,8.42,0.0,2.68,0.0,8.42,5.58,5.76,9.04
2023-03-26,92.2,22.87,65.1,1015.98,5.64,8.0,6.73,9.04,0.0,0.0,2.68,9.04,8.42,5.58,41.54
2023-03-27,0.0,22.83,67.48,1008.47,10.25,8.0,8.13,41.54,92.2,0.0,0.0,41.54,9.04,8.42,54.34
2023-03-28,0.0,16.38,80.96,1015.54,8.86,8.0,7.2,54.34,0.0,92.2,0.0,54.34,41.54,9.04,57.05
2023-03-29,26.24,21.27,68.0,1013.4,7.88,8.0,7.38,57.05,0.0,0.0,92.2,57.05,54.34,41.54,64.45
2023-03-30,40.19,19.75,65.03,1014.83,12.41,8.0,7.42,64.45,26.24,0.0,0.0,64.45,57.05,54.34,76.29
2023-03-31,0.0,18.9,65.26,1008.72,15.73,8.0,8.49,76.29,40.19,26.24,0.0,76.29,64.45,57.05,78.88
2023-04-01,0.0,24.06,66.41,1012.7,19.31,8.0,9.34,78.88,0.0,40.19,26.24,78.88,76.29,64.45,73.12
2023-04-02,20.7,18.93,66.3,1007.89,7.41,8.0,7.02,73.12,0.0,0.0,40.19,73.12,78.88,76.29,79.25
2023-04-03,0.0,18.43,61.7,1001.16,3.63,8.0,6.98,79.25,20.7,0.0,0.0,79.25,73.12,78.88,76.31
2023-04-04,0.0,20.52,62.99,1016.8,11.96,8.0,8.63,76.31,0.0,20.7,0.0,76.31,79.25,73.12,69.21
2023-04-05,0.0,21.93,65.26,1004.21,15.64,8.0,8.71,69.21,0.0,0.0,20.7,69.21,76.31,79.25,59.62
2023-04-06,0.0,19.74,75.4,1012.18,12.85,,7.96,59.62,0.0,0.0,0.0,59.62,69.21,76.31,52.44
2023-04-07,3.51,22.9,68.79,1013.22,15.62,8.0,8.39,52.44,0.0,0.0,0.0,52.44,59.62,69.21,55.29
2023-04-08,0.0,21.19,70.21,1013.11,9.21,8.0,7.47,55.29,3.51,0.0,0.0,55.29,52.44,59.62,51.41
2023-04-09,0.0,14.31,80.74,1009.98,7.87,8.0,6.96,51.41,0.0,3.51,0.0,51.41,55.29,52.44,46.76
2023-04-10,0.0,18.32,81.11,1012.67,10.4,8.0,7.57,46.76,0.0,0.0,3.51,46.76,51.41,55.29,43.56
2023-04-11,0.0,18.12,70.27,1013.59,8.84,8.0,6.53,43.56,0.0,0.0,0.0,43.56,46.76,51.41,40.35
2023-04-12,15.66,20.61,68.02,1014.83,12.32,8.0,7.3,40.35,0.0,0.0,0.0,40.35,43.56,46.76,44.41
2023-04-13,7.87,12.74,66.57,1019.74,13.39,8.0,6.58,44.41,15.66,0.0,0.0,44.41,40.35,43.56,47.92
2023-04-14,20.62,25.56,77.66,1012.16,13.67,8.0,9.39,47.92,7.87,15.66,0.0,47.92,44.41,40.35,50.8
2023-04-15,49.75,20.41,71.57,1011.24,11.79,8.0,6.33,50.8,20.62,7.87,15.66,50.8,47.92,44.41,66.13
2023-04-16,0.0,19.34,70.48,1006.3,10.86,8.0,6.32,66.13,49.75,20.62,7.87,66.13,50.8,47.92,73.06
2023-04-17,0.0,21.82,67.68,1012.94,12.78,8.0,7.49,73.06,0.0,49.75,20.62,73.06,66.13,50.8,71.55
2023-04-18,5.39,24.62,68.17,1014.02,3.13,8.0,7.44,71.55,0.0,0.0,49.75,71.55,73.06,66.13,63.32
2023-04-19,20.33,20.83,75.98,1009.65,10.74,8.0,7.31,63.32,5.39,0.0,0.0,63.32,71.55,73.06,62.94
2023-04-20,9.65,,64.71,1013.26,10.18,8.0,6.84,62.94,20.33,5.39,0.0,62.94,63.32,71.55,65.95
2023-04-21,0.0,18.77,81.06,1009.0,10.75,8.0,7.56,65.95,9.65,20.33,5.39,65.95,62.94,63.32,64.19
2023-04-22,0.0,17.98,70.54,1013.74,9.69,8.0,7.4,64.19,0.0,9.65,20.33,64.19,65.95,62.94,52.39
2023-04-23,0.0,17.05,73.4,1014.87,11.51,8.0,7.86,52.39,0.0,0.0,9.65,52.39,64.19,65.95,46.26
2023-04-24,18.5,16.07,65.27,1014.73,7.99,8.0,7.73,46.26,0.0,0.0,0.0,46.26,52.39,64.19,48.04
2023-04-25,0.0,16.32,74.71,1010.76,13.95,8.0,8.5,48.04,18.5,0.0,0.0,48.04,46.26,52.39,45.05
2023-04-26,30.64,14.56,72.67,1004.9,11.66,8.0,7.43,45.05,0.0,18.5,0.0,45.05,48.04,46.26,50.93
2023-04-27,0.0,17.65,74.78,1006.97,10.53,8.0,7.08,50.93,30.64,0.0,18.5,50.93,45.05,48.04,48.52
2023-04-28,0.0,13.53,85.6,1012.94,7.56,8.0,6.54,48.52,0.0,30.64,0.0,48.52,50.93,45.05,45.27
2023-04-29,0.0,18.13,76.7,1022.14,12.85,8.0,7.21,45.27,0.0,0.0,30.64,45.27,48.52,50.93,33.33
2023-04-30,0.0,17.46,70.06,1008.12,10.72,,7.89,33.33,0.0,0.0,0.0,33.33,45.27,48.52,33.03
2023-05-01,0.0,17.83,70.8,1012.04,7.36,8.0,6.31,33.03,0.0,0.0,0.0,33.03,33.33,45.27,28.82
2023-05-02,34.62,16.07,80.1,1006.91,9.8,8.0,6.23,28.82,0.0,0.0,0.0,28.82,33.03,33.33,37.88
2023-05-03,21.67,24.97,85.18,1004.76,12.2,8.0,8.91,37.88,34.62,0.0,0.0,37.88,28.82,33.03,45.8
2023-05-04,0.0,20.59,78.21,1006.19,11.93,8.0,6.51,45.8,21.67,34.62,0.0,45.8,37.88,28.82,49.66
2023-05-05,41.1,14.0,81.21,999.09,11.7,8.0,6.41,49.66,0.0,21.67,34.62,49.66,45.8,37.88,57.66
2023-05-06,38.57,17.6,80.8,1016.21,10.32,8.0,7.56,57.66,41.1,0.0,21.67,57.66,49.66,45.8,77.69
2023-05-07,0.0,15.42,86.61,998.23,13.59,8.0,7.23,77.69,38.57,41.1,0.0,77.69,57.66,49.66,83.85
2023-05-08,0.0,14.32,63.17,1008.01,14.33,8.0,7.31,83.85,0.0,38.57,41.1,83.85,77.69,57.66,76.11
2023-05-09,0.0,13.42,81.63,1003.38,12.58,8.0,6.12,76.11,0.0,0.0,38.57,76.11,83.85,77.69,59.04
2023-05-10,33.1,17.78,83.98,1004.79,7.94,8.0,5.95,59.04,0.0,0.0,0.0,59.04,76.11,83.85,63.76
2023-05-11,3.95,14.91,67.86,1016.04,6.3,8.0,6.1,63.76,33.1,0.0,0.0,63.76,59.04,76.11,63.3
2023-05-12,0.0,18.96,71.16,1010.11,8.1,8.0,5.74,63.3,3.95,33.1,0.0,63.3,63.76,59.04,60.02
2023-05-13,0.0,18.95,71.53,1004.22,16.84,8.0,8.25,60.02,0.0,3.95,33.1,60.02,63.3,63.76,59.54
2023-05-14,0.0,19.83,72.51,1006.05,10.99,8.0,8.38,59.54,0.0,0.0,3.95,59.54,60.02,63.3,53.58
2023-05-15,0.0,14.19,74.36,1005.12,17.44,8.0,8.64,53.58,0.0,0.0,0.0,53.58,59.54,60.02,53.1
2023-05-16,0.0,17.44,79.55,1008.68,9.58,8.0,7.38,53.1,0.0,0.0,0.0,53.1,53.58,59.54,49.5
2023-05-17,3.18,17.77,84.03,1009.71,9.09,8.0,7.05,49.5,0.0,0.0,0.0,49.5,53.1,53.58,46.28
2023-05-18,28.17,14.93,85.65,1018.28,9.74,8.0,6.61,46.28,3.18,0.0,0.0,46.28,49.5,53.1,53.64
2023-05-19,31.67,14.12,72.33,999.17,9.68,8.0,6.69,53.64,28.17,3.18,0.0,53.64,46.28,49.5,59.63
2023-05-20,0.0,20.01,72.39,1008.53,7.29,8.0,6.25,59.63,31.67,28.17,3.18,59.63,53.64,46.28,54.97
2023-05-21,2.86,16.5,87.62,1007.09,5.98,8.0,5.82,54.97,0.0,31.67,28.17,54.97,59.63,53.64,56.01
2023-05-22,0.0,17.46,83.03,1013.36,11.75,8.0,6.06,56.01,2.86,0.0,31.67,56.01,54.97,59.63,49.6
2023-05-23,0.0,13.76,79.18,1010.36,13.69,8.0,7.84,49.6,0.0,2.86,0.0,49.6,56.01,54.97,47.61
2023-05-24,8.01,12.71,82.01,1011.49,18.56,8.0,7.69,47.61,0.0,0.0,2.86,47.61,49.6,56.01,39.78
2023-05-25,0.0,14.28,78.58,1010.23,8.48,8.0,7.89,39.78,8.01,0.0,0.0,39.78,47.61,49.6,37.74
2023-05-26,0.0,15.34,82.55,1003.81,8.77,8.0,6.16,37.74,0.0,8.01,0.0,37.74,39.78,47.61,35.78
2023-05-27,0.0,12.94,76.61,1014.49,7.3,8.0,6.13,35.78,0.0,0.0,8.01,35.78,37.74,39.78,29.26
2023-05-28,0.0,15.53,80.93,1012.39,13.94,8.0,7.9,29.26,0.0,0.0,0.0,29.26,35.78,37.74,22.02
2023-05-29,49.78,11.29,68.55,1012.94,12.85,8.0,7.13,22.02,0.0,0.0,0.0,22.02,29.26,35.78,36.65
2023-05-30,0.0,12.67,74.39,1014.65,6.93,8.0,6.0,36.65,49.78,0.0,0.0,36.65,22.02,29.26,39.73
2023-05-31,13.73,17.1,74.54,1010.39,6.84,8.0,7.81,39.73,0.0,49.78,0.0,39.73,36.65,22.02,44.97
2023-06-01,0.0,16.89,76.72,1015.68,13.33,8.0,6.81,44.97,13.73,0.0,49.78,44.97,39.73,36.65,40.16
2023-06-02,0.0,14.36,72.92,1010.13,11.34,8.0,7.37,40.16,0.0,13.73,0.0,40.16,44.97,39.73,38.09
2023-06-03,0.0,12.76,75.74,1007.12,12.65,8.0,6.61,38.09,0.0,0.0,13.73,38.09,40.16,44.97,32.99
2023-06-04,7.64,12.71,68.93,1008.16,6.91,8.0,5.99,32.99,0.0,0.0,0.0,32.99,38.09,40.16,27.86
2023-06-05,0.0,14.31,83.43,1008.05,3.43,8.0,5.86,27.86,7.64,0.0,0.0,27.86,32.99,38.09,27.96
2023-06-06,0.0,16.82,79.06,1005.55,6.94,8.0,6.41,27.96,0.0,7.64,0.0,27.96,27.86,32.99,21.37
2023-06-07,0.0,17.5,67.75,1016.29,12.41,8.0,7.33,21.37,0.0,0.0,7.64,21.37,27.96,27.86,17.58
2023-06-08,8.37,13.92,73.89,1009.59,17.39,8.0,6.66,17.58,0.0,0.0,0.0,17.58,21.37,27.96,15.39
2023-06-09,0.0,12.25,82.13,1008.57,8.5,8.0,6.86,15.39,8.37,0.0,0.0,15.39,17.58,21.37,12.8
2023-06-10,18.75,,76.01,1010.02,17.97,8.0,6.94,12.8,0.0,8.37,0.0,12.8,15.39,17.58,18.36
2023-06-11,12.38,13.03,74.97,1022.96,12.9,8.0,8.02,18.36,18.75,0.0,8.37,18.36,12.8,15.39,23.49
2023-06-12,8.35,13.78,79.36,1002.39,5.12,8.0,5.81,23.49,12.38,18.75,0.0,23.49,18.36,12.8,28.09
2023-06-13,11.8,18.37,82.31,1003.81,10.75,8.0,7.89,28.09,8.35,12.38,18.75,28.09,23.49,18.36,32.68
2023-06-14,0.0,17.11,69.87,1001.13,13.02,8.0,5.74,32.68,11.8,8.35,12.38,32.68,28.09,23.49,35.75
2023-06-15,17.81,15.42,83.8,1006.86,1.51,8.0,5.48,35.75,0.0,11.8,8.35,35.75,32.68,28.09,36.73
2023-06-16,0.0,11.84,74.36,1009.24,12.26,8.0,6.76,36.73,17.81,0.0,11.8,36.73,35.75,32.68,25.77
2023-06-17,39.93,15.54,79.86,1005.68,14.1,8.0,6.79,25.77,0.0,17.81,0.0,25.77,36.73,35.75,37.8
2023-06-18,23.5,17.66,79.74,1005.31,11.4,8.0,7.87,37.8,39.93,0.0,17.81,37.8,25.77,36.73,54.9
2023-06-19,3.26,14.06,76.31,1008.71,9.78,8.0,6.19,54.9,23.5,39.93,0.0,54.9,37.8,25.77,61.4
2023-06-20,28.02,18.38,72.83,1005.49,9.39,8.0,6.43,61.4,3.26,23.5,39.93,61.4,54.9,37.8,66.46
2023-06-21,52.67,18.23,78.0,1009.55,9.19,8.0,6.74,66.46,28.02,3.26,23.5,66.46,61.4,54.9,85.28
2023-06-22,0.0,19.16,91.37,1013.57,5.88,8.0,7.22,85.28,52.67,28.02,3.26,85.28,66.46,61.4,81.91
2023-06-23,0.0,15.77,70.46,1011.39,7.59,8.0,6.72,81.91,0.0,52.67,28.02,81.91,85.28,66.46,75.33
2023-06-24,15.03,16.48,91.82,1012.42,8.54,8.0,6.92,75.33,0.0,0.0,52.67,75.33,81.91,85.28,69.8
2023-06-25,2.89,18.56,78.14,1013.45,10.4,8.0,7.75,69.8,15.03,0.0,0.0,69.8,75.33,81.91,68.26
2023-06-26,26.81,16.15,80.19,1009.44,8.05,8.0,6.43,68.26,2.89,15.03,0.0,68.26,69.8,75.33,73.08
2023-06-27,0.0,13.79,72.31,1007.24,6.96,8.0,6.94,73.08,26.81,2.89,15.03,73.08,68.26,69.8,66.17
2023-06-28,0.0,13.94,74.5,1004.18,12.66,8.0,7.33,66.17,0.0,26.81,2.89,66.17,73.08,68.26,56.47
2023-06-29,0.0,15.67,76.35,1006.1,11.3,8.0,7.64,56.47,0.0,0.0,26.81,56.47,66.17,73.08,52.6
2023-06-30,3.35,11.87,72.51,1005.45,8.11,8.0,5.6,52.6,0.0,0.0,0.0,52.6,56.47,66.17,47.16
2023-07-01,3.81,14.76,78.34,1011.74,11.77,8.0,7.07,47.16,3.35,0.0,0.0,47.16,52.6,56.47,40.33
2023-07-02,5.26,17.88,76.91,1009.83,8.41,8.0,7.53,40.33,3.81,3.35,0.0,40.33,47.16,52.6,42.24
2023-07-03,0.0,9.69,92.67,1011.6,10.22,8.0,7.45,42.24,5.26,3.81,3.35,42.24,40.33,47.16,41.22
2023-07-04,10.18,19.03,71.51,1002.34,13.41,8.0,8.5,41.22,0.0,5.26,3.81,41.22,42.24,40.33,39.37
2023-07-05,0.0,18.03,80.34,1015.32,7.89,8.0,7.55,39.37,10.18,0.0,5.26,39.37,41.22,42.24,32.41
2023-07-06,0.0,14.1,81.3,1006.05,5.9,8.0,4.91,32.41,0.0,10.18,0.0,32.41,39.37,41.22,34.79
2023-07-07,0.0,16.64,72.02,1002.7,9.49,8.0,6.68,34.79,0.0,0.0,10.18,34.79,32.41,39.37,32.72
2023-07-08,24.82,15.33,84.26,1006.03,5.23,8.0,6.5,32.72,0.0,0.0,0.0,32.72,34.79,32.41,38.67
2023-07-09,0.0,18.43,76.6,1020.67,9.03,8.0,6.01,38.67,24.82,0.0,0.0,38.67,32.72,34.79,34.61
2023-07-10,18.38,17.85,61.87,1006.35,9.02,8.0,7.33,34.61,0.0,24.82,0.0,34.61,38.67,32.72,42.62
2023-07-11,0.0,11.94,83.87,1006.69,1.38,8.0,4.84,42.62,18.38,0.0,24.82,42.62,34.61,38.67,37.49
2023-07-12,5.29,16.95,71.36,1007.38,11.86,8.0,7.06,37.49,0.0,18.38,0.0,37.49,42.62,34.61,39.52
2023-07-13,45.7,15.01,71.76,1007.63,9.36,8.0,6.75,39.52,5.29,0.0,18.38,39.52,37.49,42.62,56.74
2023-07-14,28.08,,83.83,1004.5,14.14,8.0,7.72,56.74,45.7,5.29,0.0,56.74,39.52,37.49,68.97
2023-07-15,0.0,13.8,76.5,1009.16,10.75,8.0,7.33,68.97,28.08,45.7,5.29,68.97,56.74,39.52,73.52
2023-07-16,17.81,20.04,85.27,1013.86,12.57,8.0,6.8,73.52,0.0,28.08,45.7,73.52,68.97,56.74,73.8
2023-07-17,0.0,18.32,87.23,1010.09,14.17,8.0,8.46,73.8,17.81,0.0,28.08,73.8,73.52,68.97,71.97
2023-07-18,32.45,13.93,74.15,1003.0,9.54,8.0,7.1,71.97,0.0,17.81,0.0,71.97,73.8,73.52,77.34
2023-07-19,15.23,12.5,84.12,1006.87,10.0,8.0,6.25,77.34,32.45,0.0,17.81,77.34,71.97,73.8,83.32
2023-07-20,0.0,14.93,73.18,1005.88,4.49,8.0,6.71,83.32,15.23,32.45,0.0,83.32,77.34,71.97,89.29
2023-07-21,25.71,17.04,94.0,1008.95,14.34,8.0,6.22,89.29,0.0,15.23,32.45,89.29,83.32,77.34,88.33
2023-07-22,0.0,16.61,73.41,1015.38,9.49,8.0,7.02,88.33,25.71,0.0,15.23,88.33,89.29,83.32,78.01
2023-07-23,0.0,19.21,85.33,1008.03,6.48,8.0,6.21,78.01,0.0,25.71,0.0,78.01,88.33,89.29,71.92
2023-07-24,0.0,18.12,83.95,1008.38,12.59,8.0,6.63,71.92,0.0,0.0,25.71,71.92,78.01,88.33,64.99
2023-07-25,13.68,18.63,80.14,1017.75,2.37,8.0,4.82,64.99,0.0,0.0,0.0,64.99,71.92,78.01,59.84
2023-07-26,0.0,17.1,73.12,1013.29,8.5,8.0,7.29,59.84,13.68,0.0,0.0,59.84,64.99,71.92,54.98
2023-07-27,0.0,12.88,76.63,1011.83,13.18,8.0,7.42,54.98,0.0,13.68,0.0,54.98,59.84,64.99,47.19
2023-07-28,0.0,15.93,62.49,1018.81,8.47,8.0,7.67,47.19,0.0,0.0,13.68,47.19,54.98,59.84,36.09
2023-07-29,18.22,19.14,79.01,1011.52,7.49,8.0,7.37,36.09,0.0,0.0,0.0,36.09,47.19,54.98,40.23
2023-07-30,0.0,16.44,79.76,999.19,8.54,8.0,6.46,40.23,18.22,0.0,0.0,40.23,36.09,47.19,38.95
2023-07-31,0.0,17.9,78.11,1013.34,2.97,8.0,8.19,38.95,0.0,18.22,0.0,38.95,40.23,36.09,32.64
2023-08-01,0.0,15.93,56.23,1001.27,12.5,8.0,8.16,32.64,0.0,0.0,18.22,32.64,38.95,40.23,25.59
2023-08-02,0.0,14.23,68.05,1011.55,9.57,8.0,5.74,25.59,0.0,0.0,0.0,25.59,32.64,38.95,21.13
2023-08-03,0.0,16.58,71.53,1000.78,9.05,8.0,6.72,21.13,0.0,0.0,0.0,21.13,25.59,32.64,18.08
2023-08-04,11.03,17.74,78.67,1007.07,9.06,8.0,7.1,18.08,0.0,0.0,0.0,18.08,21.13,25.59,15.42
2023-08-05,9.88,15.41,78.51,1007.65,10.05,8.0,6.6,15.42,11.03,0.0,0.0,15.42,18.08,21.13,17.48
2023-08-06,10.84,16.55,75.14,1005.68,12.29,8.0,8.93,17.48,9.88,11.03,0.0,17.48,15.42,18.08,27.1
2023-08-07,6.12,14.88,80.63,1007.85,9.82,8.0,6.47,27.1,10.84,9.88,11.03,27.1,17.48,15.42,31.77
2023-08-08,0.0,20.11,68.85,1014.82,5.23,8.0,6.34,31.77,6.12,10.84,9.88,31.77,27.1,17.48,29.19
2023-08-09,0.0,16.67,80.15,1006.15,12.01,8.0,7.83,29.19,0.0,6.12,10.84,29.19,31.77,27.1,30.19
2023-08-10,0.0,21.13,79.04,1012.51,11.74,8.0,7.79,30.19,0.0,0.0,6.12,30.19,29.19,31.77,25.81
2023-08-11,0.0,21.41,78.2,1005.02,10.72,8.0,7.39,25.81,0.0,0.0,0.0,25.81,30.19,29.19,21.34
2023-08-12,0.0,17.48,74.13,1008.97,13.76,8.0,9.35,21.34,0.0,0.0,0.0,21.34,25.81,30.19,19.59
2023-08-13,18.4,15.26,88.05,1011.6,10.11,8.0,7.98,19.59,0.0,0.0,0.0,19.59,21.34,25.81,25.57
2023-08-14,0.0,12.66,78.52,1005.07,13.89,8.0,5.96,25.57,18.4,0.0,0.0,25.57,19.59,21.34,30.88
2023-08-15,0.0,14.29,68.12,1003.57,14.93,8.0,8.97,30.88,0.0,18.4,0.0,30.88,25.57,19.59,25.61
2023-08-16,0.0,14.64,76.47,1012.65,12.04,8.0,6.89,25.61,0.0,0.0,18.4,25.61,30.88,25.57,24.92
2023-08-17,0.0,21.62,79.83,1015.88,7.38,8.0,7.99,24.92,0.0,0.0,0.0,24.92,25.61,30.88,20.96
2023-08-18,0.0,18.56,70.27,1009.94,9.54,8.0,8.71,20.96,0.0,0.0,0.0,20.96,24.92,25.61,13.81
2023-08-19,0.0,19.35,81.84,1008.13,14.34,8.0,8.52,13.81,0.0,0.0,0.0,13.81,20.96,24.92,13.24
2023-08-20,0.0,12.93,76.71,1011.26,4.76,8.0,7.58,13.24,0.0,0.0,0.0,13.24,13.81,20.96,10.08
2023-08-21,5.79,15.59,57.46,1010.84,8.63,8.0,7.4,10.08,0.0,0.0,0.0,10.08,13.24,13.81,15.77
2023-08-22,11.05,20.91,75.77,1011.85,8.8,8.0,7.74,15.77,5.79,0.0,0.0,15.77,10.08,13.24,16.7
2023-08-23,0.0,19.51,70.65,998.07,6.97,8.0,7.65,16.7,11.05,5.79,0.0,16.7,15.77,10.08,15.36
2023-08-24,0.0,18.54,77.07,1005.44,13.06,8.0,6.62,15.36,0.0,11.05,5.79,15.36,16.7,15.77,15.19
2023-08-25,63.63,20.43,79.73,1006.64,11.32,8.0,7.38,15.19,0.0,0.0,11.05,15.19,15.36,16.7,33.93
2023-08-26,0.0,23.21,74.3,1011.7,7.51,8.0,6.45,33.93,63.63,0.0,0.0,33.93,15.19,15.36,46.04
2023-08-27,0.0,18.68,84.4,1011.95,12.12,8.0,7.31,46.04,0.0,63.63,0.0,46.04,33.93,15.19,52.03
2023-08-28,0.0,19.52,71.3,1014.28,9.45,8.0,7.57,52.03,0.0,0.0,63.63,52.03,46.04,33.93,48.12
2023-08-29,0.0,19.94,76.74,1012.47,6.88,8.0,6.72,48.12,0.0,0.0,0.0,48.12,52.03,46.04,42.75
2023-08-30,0.0,25.55,77.8,1004.76,7.5,8.0,7.43,42.75,0.0,0.0,0.0,42.75,48.12,52.03,39.67
2023-08-31,0.0,14.43,71.29,1018.58,11.53,8.0,5.87,39.67,0.0,0.0,0.0,39.67,42.75,48.12,35.77
2023-09-01,15.45,21.5,77.23,1017.78,13.29,8.0,7.55,35.77,0.0,0.0,0.0,35.77,39.67,42.75,40.92
2023-09-02,0.0,19.62,67.42,1005.22,8.3,8.0,8.4,40.92,15.45,0.0,0.0,40.92,35.77,39.67,45.25
2023-09-03,22.54,21.44,68.43,1013.25,11.91,8.0,7.36,45.25,0.0,15.45,0.0,45.25,40.92,35.77,50.71
2023-09-04,13.75,18.5,62.0,1008.7,15.54,8.0,7.78,50.71,22.54,0.0,15.45,50.71,45.25,40.92,53.94
2023-09-05,0.0,20.14,72.68,1012.45,5.59,8.0,6.88,53.94,13.75,22.54,0.0,53.94,50.71,45.25,52.24
2023-09-06,0.0,22.15,73.06,1017.11,11.24,8.0,8.06,52.24,0.0,13.75,22.54,52.24,53.94,50.71,43.41
2023-09-07,0.0,28.27,78.84,1022.57,12.91,8.0,8.54,43.41,0.0,0.0,13.75,43.41,52.24,53.94,38.19
2023-09-08,6.92,22.63,75.92,1015.76,9.67,8.0,6.44,38.19,0.0,0.0,0.0,38.19,43.41,52.24,30.85
2023-09-09,0.0,18.61,68.19,1013.57,14.33,8.0,8.29,30.85,6.92,0.0,0.0,30.85,38.19,43.41,32.72
2023-09-10,14.17,19.79,61.73,1010.48,17.7,8.0,10.06,32.72,0.0,6.92,0.0,32.72,30.85,38.19,40.07
2023-09-11,51.44,19.83,72.8,1013.17,11.2,8.0,8.97,40.07,14.17,0.0,6.92,40.07,32.72,30.85,56.67
2023-09-12,0.0,16.6,77.34,1019.14,9.18,8.0,6.24,56.67,51.44,14.17,0.0,56.67,40.07,32.72,58.1
2023-09-13,0.0,20.38,74.65,1012.21,13.42,8.0,8.2,58.1,0.0,51.44,14.17,58.1,56.67,40.07,60.37
2023-09-14,0.0,23.16,76.75,1008.09,12.95,8.0,10.13,60.37,0.0,0.0,51.44,60.37,58.1,56.67,47.73
2023-09-15,0.0,18.26,67.47,1004.5,1.18,8.0,5.85,47.73,0.0,0.0,0.0,47.73,60.37,58.1,38.8
2023-09-16,0.0,24.18,65.48,1015.25,9.99,8.0,8.04,38.8,0.0,0.0,0.0,38.8,47.73,60.37,30.4
2023-09-17,0.0,22.9,63.38,1014.01,8.62,8.0,6.3,30.4,0.0,0.0,0.0,30.4,38.8,47.73,27.99
2023-09-18,13.91,19.97,67.94,1009.63,11.39,8.0,8.4,27.99,0.0,0.0,0.0,27.99,30.4,38.8,31.77
2023-09-19,0.0,21.57,67.58,1018.08,9.32,8.0,7.66,31.77,13.91,0.0,0.0,31.77,27.99,30.4,31.41
2023-09-20,0.0,26.04,69.37,1010.92,9.7,8.0,7.26,31.41,0.0,13.91,0.0,31.41,31.77,27.99,28.61
2023-09-21,0.0,24.0,66.81,1012.45,6.98,8.0,7.91,28.61,0.0,0.0,13.91,28.61,31.41,31.77,27.23
2023-09-22,1.85,22.31,66.57,1013.12,12.57,8.0,8.79,27.23,0.0,0.0,0.0,27.23,28.61,31.41,24.65
2023-09-23,0.0,21.81,61.87,1011.54,15.79,8.0,7.9,24.65,1.85,0.0,0.0,24.65,27.23,28.61,27.13
2023-09-24,29.54,22.72,73.69,1014.56,7.03,8.0,5.86,27.13,0.0,1.85,0.0,27.13,24.65,27.23,39.71
2023-09-25,0.0,21.37,67.43,1019.22,5.11,,6.89,39.71,29.54,0.0,1.85,39.71,27.13,24.65,37.86
2023-09-26,0.0,17.5,65.47,1007.83,10.07,8.0,7.66,37.86,0.0,29.54,0.0,37.86,39.71,27.13,35.33
2023-09-27,22.04,27.99,61.25,1016.08,9.9,8.0,8.47,35.33,0.0,0.0,29.54,35.33,37.86,39.71,39.04
2023-09-28,0.0,23.39,56.95,1014.58,14.1,8.0,9.33,39.04,22.04,0.0,0.0,39.04,35.33,37.86,35.1
2023-09-29,0.0,24.12,75.23,1014.57,5.7,8.0,5.76,35.1,0.0,22.04,0.0,35.1,39.04,35.33,37.06
2023-09-30,0.0,23.1,69.75,1018.25,8.12,8.0,6.6,37.06,0.0,0.0,22.04,37.06,35.1,39.04,35.08
2023-10-01,0.0,21.52,54.3,1014.22,2.48,8.0,6.65,35.08,0.0,0.0,0.0,35.08,37.06,35.1,29.61
2023-10-02,0.0,23.01,70.81,1016.46,14.81,8.0,7.15,29.61,0.0,0.0,0.0,29.61,35.08,37.06,27.39
2023-10-03,0.0,19.6,71.72,1017.72,10.88,8.0,6.82,27.39,0.0,0.0,0.0,27.39,29.61,35.08,22.27
2023-10-04,0.0,29.41,65.93,1011.7,8.38,8.0,7.74,22.27,0.0,0.0,0.0,22.27,27.39,29.61,22.17
2023-10-05,8.0,20.74,76.05,1015.8,5.37,8.0,7.52,22.17,0.0,0.0,0.0,22.17,22.27,27.39,22.0
2023-10-06,26.7,21.37,66.18,1013.14,5.69,8.0,7.92,22.0,8.0,0.0,0.0,22.0,22.17,22.27,24.94
2023-10-07,7.1,22.96,54.55,1013.81,11.45,8.0,8.55,24.94,26.7,8.0,0.0,24.94,22.0,22.17,26.49
2023-10-08,0.0,27.4,66.83,1012.94,6.12,8.0,9.1,26.49,7.1,26.7,8.0,26.49,24.94,22.0,31.87
2023-10-09,0.0,24.33,65.79,1016.99,10.36,8.0,9.02,31.87,0.0,7.1,26.7,31.87,26.49,24.94,28.03
2023-10-10,0.0,21.31,59.66,1015.13,17.15,8.0,9.25,28.03,0.0,0.0,7.1,28.03,31.87,26.49,25.71
2023-10-11,8.22,27.65,67.7,1016.77,8.78,8.0,8.63,25.71,0.0,0.0,0.0,25.71,28.03,31.87,25.01
2023-10-12,0.0,26.46,51.82,1014.79,6.63,8.0,7.18,25.01,8.22,0.0,0.0,25.01,25.71,28.03,18.25
2023-10-13,0.0,26.09,70.24,1006.94,11.34,8.0,7.1,18.25,0.0,8.22,0.0,18.25,25.01,25.71,12.88
2023-10-14,3.94,26.64,56.97,1015.19,5.71,8.0,6.93,12.88,0.0,0.0,8.22,12.88,18.25,25.01,16.35
2023-10-15,0.0,30.95,56.03,1015.43,16.02,8.0,10.2,16.35,3.94,0.0,0.0,16.35,12.88,18.25,17.95
2023-10-16,0.0,30.53,61.94,1016.4,14.91,8.0,9.03,17.95,0.0,3.94,0.0,17.95,16.35,12.88,10.68
2023-10-17,0.0,23.46,65.59,1012.3,9.43,8.0,8.16,10.68,0.0,0.0,3.94,10.68,17.95,16.35,13.36
2023-10-18,0.0,29.34,63.52,1009.37,6.86,8.0,6.48,13.36,0.0,0.0,0.0,13.36,10.68,17.95,9.34
2023-10-19,0.0,26.35,56.99,1018.54,8.51,8.0,8.31,9.34,0.0,0.0,0.0,9.34,13.36,10.68,8.57
2023-10-20,0.0,26.74,58.47,1014.13,8.97,8.0,7.31,8.57,0.0,0.0,0.0,8.57,9.34,13.36,7.16
2023-10-21,15.39,21.37,53.9,1016.43,11.34,8.0,7.2,7.16,0.0,0.0,0.0,7.16,8.57,9.34,14.83
2023-10-22,0.0,25.27,60.08,1014.24,13.64,8.0,9.86,14.83,15.39,0.0,0.0,14.83,7.16,8.57,18.84
2023-10-23,0.0,23.77,69.01,1015.69,6.37,8.0,8.95,18.84,0.0,15.39,0.0,18.84,14.83,7.16,16.94
2023-10-24,0.0,27.97,61.28,1013.54,13.54,8.0,7.94,16.94,0.0,0.0,15.39,16.94,18.84,14.83,18.29
2023-10-25,0.0,28.68,67.16,1011.02,12.16,8.0,8.46,18.29,0.0,0.0,0.0,18.29,16.94,18.84,20.42
2023-10-26,0.0,20.91,71.16,1018.3,8.22,8.0,7.08,20.42,0.0,0.0,0.0,20.42,18.29,16.94,19.15
2023-10-27,0.0,26.14,56.69,1012.98,6.2,8.0,8.11,19.15,0.0,0.0,0.0,19.15,20.42,18.29,12.99
2023-10-28,53.75,29.1,59.34,1016.89,10.41,8.0,8.09,12.99,0.0,0.0,0.0,12.99,19.15,20.42,35.1
2023-10-29,0.0,25.92,75.68,1018.19,6.29,8.0,6.77,35.1,53.75,0.0,0.0,35.1,12.99,19.15,39.72
2023-10-30,0.0,28.3,70.43,1013.27,13.58,8.0,9.03,39.72,0.0,53.75,0.0,39.72,35.1,12.99,39.8
2023-10-31,0.0,27.45,48.46,1010.25,6.07,8.0,7.75,39.8,0.0,0.0,53.75,39.8,39.72,35.1,31.49
2023-11-01,0.0,27.52,62.72,1028.46,11.92,8.0,9.19,31.49,0.0,0.0,0.0,31.49,39.8,39.72,32.35
2023-11-02,3.84,26.07,59.86,1013.76,9.72,8.0,7.48,32.35,0.0,0.0,0.0,32.35,31.49,39.8,29.6
2023-11-03,0.0,23.8,65.49,1019.57,8.04,8.0,7.33,29.6,3.84,0.0,0.0,29.6,32.35,31.49,31.5
2023-11-04,0.0,24.12,54.34,1026.22,9.64,8.0,8.45,31.5,0.0,3.84,0.0,31.5,29.6,32.35,30.69
2023-11-05,0.0,28.78,53.53,1020.53,13.78,8.0,8.92,30.69,0.0,0.0,3.84,30.69,31.5,29.6,23.84
2023-11-06,0.0,27.14,54.54,1015.14,5.83,8.0,6.24,23.84,0.0,0.0,0.0,23.84,30.69,31.5,18.04
2023-11-07,0.0,26.83,55.12,1016.36,8.56,8.0,9.26,18.04,0.0,0.0,0.0,18.04,23.84,30.69,15.08
2023-11-08,0.0,26.2,64.7,1012.59,7.37,8.0,7.6,15.08,0.0,0.0,0.0,15.08,18.04,23.84,13.0
2023-11-09,0.0,26.57,50.59,1021.22,9.86,8.0,8.1,13.0,0.0,0.0,0.0,13.0,15.08,18.04,9.78
2023-11-10,0.0,30.03,54.36,1019.7,7.6,8.0,10.19,9.78,0.0,0.0,0.0,9.78,13.0,15.08,11.91
2023-11-11,0.0,26.65,46.07,1014.35,3.81,8.0,8.96,11.91,0.0,0.0,0.0,11.91,9.78,13.0,10.61
2023-11-12,0.0,24.21,65.52,1011.76,6.31,8.0,8.04,10.61,0.0,0.0,0.0,10.61,11.91,9.78,10.28
2023-11-13,0.0,29.49,67.24,1010.42,15.73,8.0,8.4,10.28,0.0,0.0,0.0,10.28,10.61,11.91,5.0
2023-11-14,0.0,27.19,55.93,1022.01,10.86,8.0,9.44,5.0,0.0,0.0,0.0,5.0,10.28,10.61,5.0
2023-11-15,0.0,27.85,56.02,1017.73,10.74,8.0,6.98,5.0,0.0,0.0,0.0,5.0,5.0,10.28,7.15
2023-11-16,0.0,31.86,61.16,1018.25,9.01,8.0,8.66,7.15,0.0,0.0,0.0,7.15,5.0,5.0,5.0
2023-11-17,0.0,27.85,68.2,1013.1,9.82,8.0,7.82,5.0,0.0,0.0,0.0,5.0,7.15,5.0,5.0
2023-11-18,0.0,28.69,60.63,1009.95,8.5,8.0,7.57,5.0,0.0,0.0,0.0,5.0,5.0,7.15,5.0
2023-11-19,9.57,25.08,52.78,1022.12,11.84,8.0,8.46,5.0,0.0,0.0,0.0,5.0,5.0,5.0,8.85
2023-11-20,2.82,27.54,46.22,1017.56,10.35,8.0,8.84,8.85,9.57,0.0,0.0,8.85,5.0,5.0,8.89
2023-11-21,0.0,29.67,49.65,1021.93,5.9,8.0,8.53,8.89,2.82,9.57,0.0,8.89,8.85,5.0,6.16
2023-11-22,0.0,24.32,57.87,1015.5,10.89,8.0,7.95,6.16,0.0,2.82,9.57,6.16,8.89,8.85,5.0
2023-11-23,0.0,28.76,52.68,1016.29,1.39,8.0,6.94,5.0,0.0,0.0,2.82,5.0,6.16,8.89,5.0
2023-11-24,0.0,28.57,58.54,1021.08,11.45,8.0,9.25,5.0,0.0,0.0,0.0,5.0,5.0,6.16,5.47
2023-11-25,0.0,28.47,53.22,1021.21,5.07,8.0,8.33,5.47,0.0,0.0,0.0,5.47,5.0,5.0,6.28
2023-11-26,75.96,31.01,49.6,1021.57,9.66,8.0,8.72,6.28,0.0,0.0,0.0,6.28,5.47,5.0,38.26
2023-11-27,28.96,29.3,48.68,1016.14,5.82,8.0,7.16,38.26,75.96,0.0,0.0,38.26,6.28,5.47,60.94
2023-11-28,0.0,32.2,67.78,1020.72,10.01,8.0,7.35,60.94,28.96,75.96,0.0,60.94,38.26,6.28,71.57
2023-11-29,0.0,26.07,62.99,1023.22,12.02,8.0,8.88,71.57,0.0,28.96,75.96,71.57,60.94,38.26,70.48
2023-11-30,0.0,28.93,68.81,1017.18,15.26,8.0,9.91,70.48,0.0,0.0,28.96,70.48,71.57,60.94,65.23
2023-12-01,0.0,28.84,60.41,1015.17,4.61,8.0,7.4,65.23,0.0,0.0,0.0,65.23,70.48,71.57,56.78
2023-12-02,0.0,26.0,53.56,1024.48,13.41,8.0,8.9,56.78,0.0,0.0,0.0,56.78,65.23,70.48,49.37
2023-12-03,29.83,31.1,65.77,1014.52,10.46,8.0,9.72,49.37,0.0,0.0,0.0,49.37,56.78,65.23,55.58
2023-12-04,0.0,34.55,56.22,1020.96,8.42,8.0,10.39,55.58,29.83,0.0,0.0,55.58,49.37,56.78,51.59
2023-12-05,0.0,28.73,57.94,1017.54,12.66,8.0,8.45,51.59,0.0,29.83,0.0,51.59,55.58,49.37,49.22
2023-12-06,230.39,30.06,56.04,1008.65,9.17,8.0,8.33,49.22,0.0,0.0,29.83,49.22,51.59,55.58,139.76
2023-12-07,0.0,29.04,35.67,1023.52,12.51,8.0,9.26,139.76,230.39,0.0,0.0,139.76,49.22,51.59,171.74
2023-12-08,0.0,27.07,67.49,1004.11,6.53,8.0,6.65,171.74,0.0,230.39,0.0,171.74,139.76,49.22,183.38
2023-12-09,11.91,24.32,59.65,1007.99,7.78,8.0,5.83,183.38,0.0,0.0,230.39,183.38,171.74,139.76,167.3
2023-12-10,0.0,27.13,58.48,1020.56,13.3,8.0,7.62,167.3,11.91,0.0,0.0,167.3,183.38,171.74,151.74
2023-12-11,0.0,25.44,55.71,1020.58,15.2,8.0,8.58,151.74,0.0,11.91,0.0,151.74,167.3,183.38,134.87
2023-12-12,0.0,33.2,57.26,1014.77,9.88,8.0,8.27,134.87,0.0,0.0,11.91,134.87,151.74,167.3,120.54
2023-12-13,0.0,28.66,51.9,1018.7,0.5,8.0,6.32,120.54,0.0,0.0,0.0,120.54,134.87,151.74,108.67
2023-12-14,0.0,28.1,60.38,1005.32,9.3,8.0,8.23,108.67,0.0,0.0,0.0,108.67,120.54,134.87,100.24
2023-12-15,2.97,31.2,46.89,1021.52,10.11,8.0,8.7,100.24,0.0,0.0,0.0,100.24,108.67,120.54,82.12
2023-12-16,0.0,26.18,57.33,1019.24,9.19,8.0,7.37,82.12,2.97,0.0,0.0,82.12,100.24,108.67,74.75
2023-12-17,0.0,27.07,59.95,1017.77,11.18,8.0,7.06,74.75,0.0,2.97,0.0,74.75,82.12,100.24,64.99
2023-12-18,6.49,29.17,54.62,1018.1,8.33,8.0,8.51,64.99,0.0,0.0,2.97,64.99,74.75,82.12,61.15
2023-12-19,0.0,31.57,58.6,1020.47,12.94,8.0,9.96,61.15,6.49,0.0,0.0,61.15,64.99,74.75,56.19
2023-12-20,0.0,30.25,49.06,1017.86,5.92,8.0,7.48,56.19,0.0,6.49,0.0,56.19,61.15,64.99,46.91
2023-12-21,1.31,29.62,49.24,1008.63,14.33,8.0,8.85,46.91,0.0,0.0,6.49,46.91,56.19,61.15,35.51
2023-12-22,0.0,29.19,57.66,1028.98,15.43,8.0,9.89,35.51,1.31,0.0,0.0,35.51,46.91,56.19,32.24
2023-12-23,0.0,29.99,60.77,1024.0,6.8,8.0,8.85,32.24,0.0,1.31,0.0,32.24,35.51,46.91,26.65
2023-12-24,24.67,29.49,42.91,1011.56,6.8,8.0,7.68,26.65,0.0,0.0,1.31,26.65,32.24,35.51,35.76
2023-12-25,7.44,26.4,59.7,1016.26,11.44,8.0,8.24,35.76,24.67,0.0,0.0,35.76,26.65,32.24,38.79
2023-12-26,24.34,29.08,52.26,1016.79,5.84,8.0,8.99,38.79,7.44,24.67,0.0,38.79,35.76,26.65,50.96
2023-12-27,115.89,26.26,54.74,1023.36,8.28,8.0,8.56,50.96,24.34,7.44,24.67,50.96,38.79,35.76,100.32
2023-12-28,0.0,29.14,46.74,1007.16,13.86,8.0,8.14,100.32,115.89,24.34,7.44,100.32,50.96,38.79,109.0
2023-12-29,0.0,27.71,50.18,1015.44,12.58,8.0,7.31,109.0,0.0,115.89,24.34,109.0,100.32,50.96,109.59
2023-12-30,0.0,35.24,62.94,1009.12,16.93,8.0,9.88,109.59,0.0,0.0,115.89,109.59,109.0,100.32,95.41
2023-12-31,0.0,28.77,56.45,1016.48,10.6,8.0,7.7,95.41,0.0,0.0,0.0,95.41,109.59,109.0,82.44
2024-01-01,0.0,25.33,53.59,1015.53,7.86,8.0,8.07,82.44,0.0,0.0,0.0,82.44,95.41,109.59,74.46
2024-01-02,0.0,28.48,55.5,1018.27,10.18,8.0,8.95,74.46,0.0,0.0,0.0,74.46,82.44,95.41,62.1
2024-01-03,0.0,30.09,59.79,1014.82,9.47,8.0,8.64,62.1,0.0,0.0,0.0,62.1,74.46,82.44,59.53
2024-01-04,0.0,32.94,59.5,1014.07,9.52,8.0,8.11,59.53,0.0,0.0,0.0,59.53,62.1,74.46,46.77
2024-01-05,0.0,27.25,55.94,1020.9,9.92,8.0,7.19,46.77,0.0,0.0,0.0,46.77,59.53,62.1,36.01
2024-01-06,0.0,24.74,64.18,1020.05,6.74,8.0,7.94,36.01,0.0,0.0,0.0,36.01,46.77,59.53,33.74
2024-01-07,0.0,30.7,63.38,1020.51,10.99,8.0,9.37,33.74,0.0,0.0,0.0,33.74,36.01,46.77,36.65
2024-01-08,0.0,25.17,59.55,1016.84,5.07,8.0,8.12,36.65,0.0,0.0,0.0,36.65,33.74,36.01,30.06
2024-01-09,24.6,27.49,57.11,1014.84,7.49,8.0,7.63,30.06,0.0,0.0,0.0,30.06,36.65,33.74,38.13
2024-01-10,0.0,27.89,61.4,1017.07,9.58,8.0,8.13,38.13,24.6,0.0,0.0,38.13,30.06,36.65,41.98
2024-01-11,0.0,28.32,59.07,1020.14,2.09,8.0,7.78,41.98,0.0,24.6,0.0,41.98,38.13,30.06,38.78
2024-01-12,0.0,30.17,64.38,1006.72,12.69,8.0,8.91,38.78,0.0,0.0,24.6,38.78,41.98,38.13,31.78
2024-01-13,0.0,26.69,63.33,1019.54,2.81,8.0,6.58,31.78,0.0,0.0,0.0,31.78,38.78,41.98,32.3
2024-01-14,0.0,27.66,49.99,1019.08,12.34,8.0,7.97,32.3,0.0,0.0,0.0,32.3,31.78,38.78,29.35
2024-01-15,0.0,28.26,49.61,1017.81,5.48,8.0,8.26,29.35,0.0,0.0,0.0,29.35,32.3,31.78,27.43
2024-01-16,0.0,28.62,52.39,1016.71,8.58,8.0,7.94,27.43,0.0,0.0,0.0,27.43,29.35,32.3,19.36
2024-01-17,0.0,28.43,64.23,1004.59,11.82,8.0,8.14,19.36,0.0,0.0,0.0,19.36,27.43,29.35,18.25
2024-01-18,0.0,29.22,46.46,1015.18,17.69,8.0,10.0,18.25,0.0,0.0,0.0,18.25,19.36,27.43,18.99
2024-01-19,7.8,30.18,60.36,1026.28,10.41,8.0,8.01,18.99,0.0,0.0,0.0,18.99,18.25,19.36,21.17
2024-01-20,0.0,28.99,60.24,1017.36,3.06,8.0,6.88,21.17,7.8,0.0,0.0,21.17,18.99,18.25,21.64
2024-01-21,0.0,29.08,65.95,1015.71,13.34,8.0,8.9,21.64,0.0,7.8,0.0,21.64,21.17,18.99,25.25
2024-01-22,0.0,23.93,59.18,1017.29,9.19,8.0,7.34,25.25,0.0,0.0,7.8,25.25,21.64,21.17,24.19
2024-01-23,0.0,27.94,48.63,1018.93,10.24,8.0,9.5,24.19,0.0,0.0,0.0,24.19,25.25,21.64,25.16
2024-01-24,21.28,28.95,51.43,1020.4,11.95,8.0,9.15,25.16,0.0,0.0,0.0,25.16,24.19,25.25,33.47
2024-01-25,18.49,29.5,49.99,1015.91,2.21,8.0,7.43,33.47,21.28,0.0,0.0,33.47,25.16,24.19,39.06
2024-01-26,0.0,25.88,54.62,1019.13,10.02,8.0,9.2,39.06,18.49,21.28,0.0,39.06,33.47,25.16,41.44
2024-01-27,22.99,25.89,57.23,1025.34,8.57,8.0,7.91,41.44,0.0,18.49,21.28,41.44,39.06,33.47,50.28
2024-01-28,0.0,26.02,50.48,1021.93,14.28,8.0,9.62,50.28,22.99,0.0,18.49,50.28,41.44,39.06,40.74
2024-01-29,0.0,28.72,69.07,1028.55,12.54,8.0,7.9,40.74,0.0,22.99,0.0,40.74,50.28,41.44,38.9
2024-01-30,0.0,29.89,49.63,1013.51,4.31,8.0,7.18,38.9,0.0,0.0,22.99,38.9,40.74,50.28,37.97
2024-01-31,0.0,26.21,68.46,1025.11,14.42,8.0,7.94,37.97,0.0,0.0,0.0,37.97,38.9,40.74,30.07
2024-02-01,0.0,29.42,67.48,1012.72,11.57,8.0,9.04,30.07,0.0,0.0,0.0,30.07,37.97,38.9,22.18
2024-02-02,0.0,27.37,65.61,1018.38,4.58,8.0,6.13,22.18,0.0,0.0,0.0,22.18,30.07,37.97,20.48
2024-02-03,0.0,26.67,54.61,1020.22,10.2,8.0,8.44,20.48,0.0,0.0,0.0,20.48,22.18,30.07,13.85
2024-02-04,0.0,26.37,62.01,1013.94,13.62,8.0,8.24,13.85,0.0,0.0,0.0,13.85,20.48,22.18,16.01
2024-02-05,0.0,28.67,50.82,1016.87,5.75,8.0,7.87,16.01,0.0,0.0,0.0,16.01,13.85,20.48,11.92
2024-02-06,0.0,27.53,66.29,1020.92,14.82,8.0,8.9,11.92,0.0,0.0,0.0,11.92,16.01,13.85,12.61
2024-02-07,0.0,32.32,59.55,1012.75,4.71,8.0,8.41,12.61,0.0,0.0,0.0,12.61,11.92,16.01,7.17
2024-02-08,0.0,24.41,57.36,1024.59,7.23,8.0,9.27,7.17,0.0,0.0,0.0,7.17,12.61,11.92,13.38
2024-02-09,0.0,27.74,51.81,1009.25,6.7,8.0,9.41,13.38,0.0,0.0,0.0,13.38,7.17,12.61,19.23
2024-02-10,0.0,25.03,43.2,1025.81,14.82,8.0,9.41,19.23,0.0,0.0,0.0,19.23,13.38,7.17,20.86
2024-02-11,0.0,24.08,53.43,1021.05,8.28,8.0,7.35,20.86,0.0,0.0,0.0,20.86,19.23,13.38,15.97
2024-02-12,32.71,26.13,68.66,1015.52,5.93,8.0,7.57,15.97,0.0,0.0,0.0,15.97,20.86,19.23,27.43
2024-02-13,0.0,26.41,58.21,1013.89,11.56,8.0,8.03,27.43,32.71,0.0,0.0,27.43,15.97,20.86,23.62
2024-02-14,0.0,33.26,60.02,1013.3,12.31,8.0,8.62,23.62,0.0,32.71,0.0,23.62,27.43,15.97,28.46
2024-02-15,0.0,25.4,65.96,1015.08,12.34,8.0,6.75,28.46,0.0,0.0,32.71,28.46,23.62,27.43,25.41
2024-02-16,22.2,22.94,74.19,1015.45,9.05,8.0,7.33,25.41,0.0,0.0,0.0,25.41,28.46,23.62,31.38
2024-02-17,0.0,26.34,71.0,1021.89,10.89,8.0,8.4,31.38,22.2,0.0,0.0,31.38,25.41,28.46,28.76
2024-02-18,0.0,,55.09,1025.39,7.72,8.0,7.61,28.76,0.0,22.2,0.0,28.76,31.38,25.41,31.43
2024-02-19,13.56,25.22,48.48,1016.46,15.86,8.0,9.0,31.43,0.0,0.0,22.2,31.43,28.76,31.38,35.22
2024-02-20,0.0,25.39,78.78,1011.16,14.0,8.0,7.94,35.22,13.56,0.0,0.0,35.22,31.43,28.76,33.82
2024-02-21,0.0,27.23,78.32,1012.59,13.79,8.0,8.27,33.82,0.0,13.56,0.0,33.82,35.22,31.43,32.67
2024-02-22,0.0,27.57,63.94,1014.32,12.78,8.0,9.37,32.67,0.0,0.0,13.56,32.67,33.82,35.22,35.26
2024-02-23,0.0,23.77,,1010.01,11.82,8.0,6.75,35.26,0.0,0.0,0.0,35.26,32.67,33.82,27.84
2024-02-24,0.0,24.54,69.74,1009.19,5.64,8.0,6.79,27.84,0.0,0.0,0.0,27.84,35.26,32.67,20.1
2024-02-25,0.0,22.89,62.43,1025.49,12.22,8.0,8.06,20.1,0.0,0.0,0.0,20.1,27.84,35.26,14.95
2024-02-26,14.75,21.88,62.58,1016.44,10.4,8.0,7.33,14.95,0.0,0.0,0.0,14.95,20.1,27.84,23.56
2024-02-27,9.08,25.36,69.83,1010.68,14.42,8.0,7.39,23.56,14.75,0.0,0.0,23.56,14.95,20.1,28.44
2024-02-28,0.0,21.29,66.1,1018.85,12.83,8.0,8.68,28.44,9.08,14.75,0.0,28.44,23.56,14.95,25.91
2024-02-29,20.59,23.32,55.65,1008.79,11.93,8.0,9.01,25.91,0.0,9.08,14.75,25.91,28.44,23.56,34.39
2024-03-01,0.0,21.76,61.87,1009.13,4.11,8.0,5.91,34.39,20.59,0.0,9.08,34.39,25.91,28.44,32.64
2024-03-02,0.0,25.51,68.97,1010.51,9.69,8.0,5.35,32.64,0.0,20.59,0.0,32.64,34.39,25.91,31.75
2024-03-03,0.0,28.52,68.11,1022.71,8.05,8.0,9.6,31.75,0.0,0.0,20.59,31.75,32.64,34.39,29.25
2024-03-04,0.0,20.65,66.57,1013.09,10.88,8.0,7.24,29.25,0.0,0.0,0.0,29.25,31.75,32.64,23.61
2024-03-05,0.0,19.15,71.47,1002.07,8.55,8.0,6.25,23.61,0.0,0.0,0.0,23.61,29.25,31.75,14.42
2024-03-06,0.0,23.36,,1020.24,9.03,8.0,7.52,14.42,0.0,0.0,0.0,14.42,23.61,29.25,13.54
2024-03-07,27.32,23.59,66.59,1012.58,11.61,8.0,8.26,13.54,0.0,0.0,0.0,13.54,14.42,23.61,22.71
2024-03-08,0.0,23.98,,1004.78,8.49,8.0,7.2,22.71,27.32,0.0,0.0,22.71,13.54,14.42,23.28
2024-03-09,0.0,22.2,62.6,1012.36,10.43,8.0,7.8,23.28,0.0,27.32,0.0,23.28,22.71,13.54,24.63
2024-03-10,0.0,22.7,71.29,1016.46,4.68,8.0,6.75,24.63,0.0,0.0,27.32,24.63,23.28,22.71,23.85
2024-03-11,0.0,24.0,63.42,1015.79,7.09,8.0,6.84,23.85,0.0,0.0,0.0,23.85,24.63,23.28,13.36
2024-03-12,0.0,25.56,63.09,1022.68,12.3,8.0,7.03,13.36,0.0,0.0,0.0,13.36,23.85,24.63,12.08
2024-03-13,0.0,17.95,59.27,1009.34,5.69,8.0,7.6,12.08,0.0,0.0,0.0,12.08,13.36,23.85,10.22
2024-03-14,0.0,21.8,73.79,1013.75,14.36,8.0,8.63,10.22,0.0,0.0,0.0,10.22,12.08,13.36,7.68
2024-03-15,0.0,23.14,70.81,1009.93,13.41,8.0,7.59,7.68,0.0,0.0,0.0,7.68,10.22,12.08,9.04
2024-03-16,10.45,20.19,72.95,1005.63,9.06,8.0,7.54,9.04,0.0,0.0,0.0,9.04,7.68,10.22,5.8
2024-03-17,0.0,26.69,55.3,1017.69,20.5,8.0,9.04,5.8,10.45,0.0,0.0,5.8,9.04,7.68,5.0
2024-03-18,12.84,20.65,66.46,1015.49,14.35,8.0,8.06,5.0,0.0,10.45,0.0,5.0,5.8,9.04,5.4
2024-03-19,0.0,22.02,65.83,1014.5,6.68,8.0,7.57,5.4,12.84,0.0,10.45,5.4,5.0,5.8,9.8
2024-03-20,0.0,23.39,66.04,1015.13,12.61,8.0,8.51,9.8,0.0,12.84,0.0,9.8,5.4,5.0,8.49
2024-03-21,0.0,20.4,63.89,1009.49,10.23,8.0,7.13,8.49,0.0,0.0,12.84,8.49,9.8,5.4,6.61
2024-03-22,0.0,17.14,65.99,1007.8,7.28,8.0,7.3,6.61,0.0,0.0,0.0,6.61,8.49,9.8,11.78
2024-03-23,0.0,20.57,74.57,1012.93,6.26,8.0,6.84,11.78,0.0,0.0,0.0,11.78,6.61,8.49,11.88
2024-03-24,0.0,24.09,55.44,1018.46,13.48,8.0,7.97,11.88,0.0,0.0,0.0,11.88,11.78,6.61,14.02
2024-03-25,0.0,20.56,81.47,1020.61,7.91,8.0,8.38,14.02,0.0,0.0,0.0,14.02,11.88,11.78,12.11
2024-03-26,15.38,19.16,72.62,1016.46,9.64,8.0,6.29,12.11,0.0,0.0,0.0,12.11,14.02,11.88,9.57
2024-03-27,0.0,23.47,69.15,1012.55,6.78,8.0,7.57,9.57,15.38,0.0,0.0,9.57,12.11,14.02,10.71
2024-03-28,0.0,20.21,75.99,1013.66,7.38,8.0,8.08,10.71,0.0,15.38,0.0,10.71,9.57,12.11,8.36
2024-03-29,0.0,19.65,59.69,1012.29,9.56,8.0,5.93,8.36,0.0,0.0,15.38,8.36,10.71,9.57,5.0
2024-03-30,0.0,21.18,65.4,1007.01,11.36,8.0,9.02,5.0,0.0,0.0,0.0,5.0,8.36,10.71,5.77
2024-03-31,0.0,22.61,69.41,1012.18,0.94,8.0,7.63,5.77,0.0,0.0,0.0,5.77,5.0,8.36,5.0
2024-04-01,16.31,26.52,80.02,1005.3,10.06,8.0,7.65,5.0,0.0,0.0,0.0,5.0,5.77,5.0,8.66
2024-04-02,8.9,22.52,70.34,1011.27,7.39,8.0,7.46,8.66,16.31,0.0,0.0,8.66,5.0,5.77,13.08
2024-04-03,0.0,23.23,74.01,1019.99,14.91,8.0,7.83,13.08,8.9,16.31,0.0,13.08,8.66,5.0,17.5
2024-04-04,0.0,18.95,66.94,1015.84,20.3,8.0,8.13,17.5,0.0,8.9,16.31,17.5,13.08,8.66,23.75
2024-04-05,9.61,17.53,74.67,1007.03,8.74,8.0,5.96,23.75,0.0,0.0,8.9,23.75,17.5,13.08,17.57
2024-04-06,14.25,20.14,83.2,1011.2,3.97,8.0,7.75,17.57,9.61,0.0,0.0,17.57,23.75,17.5,23.72
2024-04-07,4.63,20.13,78.63,1007.3,10.41,8.0,7.2,23.72,14.25,9.61,0.0,23.72,17.57,23.75,25.62
2024-04-08,30.85,17.06,71.28,1011.08,9.28,8.0,5.8,25.62,4.63,14.25,9.61,25.62,23.72,17.57,39.0
2024-04-09,0.0,19.2,76.78,1016.52,16.9,8.0,9.09,39.0,30.85,4.63,14.25,39.0,25.62,23.72,50.19
2024-04-10,0.0,20.52,76.28,1014.5,15.83,8.0,8.79,50.19,0.0,30.85,4.63,50.19,39.0,25.62,42.95
2024-04-11,36.34,20.31,75.98,1023.57,13.03,8.0,8.11,42.95,0.0,0.0,30.85,42.95,50.19,39.0,50.96
2024-04-12,9.56,20.56,80.41,1017.04,7.95,8.0,6.53,50.96,36.34,0.0,0.0,50.96,42.95,50.19,60.59
2024-04-13,0.0,19.92,80.55,1012.01,12.37,8.0,7.32,60.59,9.56,36.34,0.0,60.59,50.96,42.95,61.14
2024-04-14,25.58,17.81,72.11,1014.3,10.93,8.0,8.9,61.14,0.0,9.56,36.34,61.14,60.59,50.96,68.48
2024-04-15,0.0,17.69,77.68,1009.83,10.84,8.0,7.49,68.48,25.58,0.0,9.56,68.48,61.14,60.59,63.87
2024-04-16,0.0,15.87,70.69,1005.12,4.55,8.0,5.65,63.87,0.0,25.58,0.0,63.87,68.48,61.14,62.67
2024-04-17,0.0,23.22,67.1,1017.21,13.72,8.0,8.87,62.67,0.0,0.0,25.58,62.67,63.87,68.48,58.29
2024-04-18,44.3,18.68,71.85,1015.65,10.38,8.0,7.93,58.29,0.0,0.0,0.0,58.29,62.67,63.87,71.14
2024-04-19,46.74,17.98,73.39,1009.33,9.65,8.0,8.51,71.14,44.3,0.0,0.0,71.14,58.29,62.67,98.02
2024-04-20,0.0,16.12,62.47,1011.83,7.9,8.0,6.7,98.02,46.74,44.3,0.0,98.02,71.14,58.29,101.87
2024-04-21,12.32,25.68,80.3,1016.59,7.22,8.0,8.09,101.87,0.0,46.74,44.3,101.87,98.02,71.14,101.85
2024-04-22,0.0,15.55,55.08,1014.54,11.11,8.0,7.53,101.85,12.32,0.0,46.74,101.85,101.87,98.02,90.55
2024-04-23,0.0,17.06,93.63,1002.92,3.88,8.0,5.42,90.55,0.0,12.32,0.0,90.55,101.85,101.87,82.7
2024-04-24,0.0,19.08,85.31,1011.39,12.76,8.0,6.49,82.7,0.0,0.0,12.32,82.7,90.55,101.85,73.8
2024-04-25,0.0,19.44,73.14,1009.26,6.31,8.0,7.22,73.8,0.0,0.0,0.0,73.8,82.7,90.55,67.29
2024-04-26,25.64,20.23,75.2,1015.59,2.79,8.0,6.82,67.29,0.0,0.0,0.0,67.29,73.8,82.7,71.29
2024-04-27,0.0,22.26,77.42,1015.11,16.38,8.0,6.57,71.29,25.64,0.0,0.0,71.29,67.29,73.8,69.22
2024-04-28,38.14,18.91,71.34,1016.48,7.0,8.0,7.2,69.22,0.0,25.64,0.0,69.22,71.29,67.29,78.55
2024-04-29,17.23,14.91,76.97,1004.24,7.47,8.0,6.31,78.55,38.14,0.0,25.64,78.55,69.22,71.29,86.37
2024-04-30,0.0,16.82,74.77,1005.84,13.97,8.0,7.92,86.37,17.23,38.14,0.0,86.37,78.55,69.22,84.67
2024-05-01,65.21,18.14,75.28,1015.26,16.49,8.0,7.71,84.67,0.0,17.23,38.14,84.67,86.37,78.55,102.83
2024-05-02,10.79,22.45,77.36,1006.67,4.63,8.0,7.94,102.83,65.21,0.0,17.23,102.83,84.67,86.37,105.32
2024-05-03,2.21,13.7,67.05,1001.96,6.65,8.0,6.99,105.32,10.79,65.21,0.0,105.32,102.83,84.67,106.52
2024-05-04,0.0,20.11,76.67,1012.17,6.91,8.0,5.75,106.52,2.21,10.79,65.21,106.52,105.32,102.83,98.39
2024-05-05,0.0,17.47,77.68,1006.71,13.27,8.0,6.74,98.39,0.0,2.21,10.79,98.39,106.52,105.32,86.44
2024-05-06,0.0,19.03,77.58,1018.33,15.74,8.0,8.11,86.44,0.0,0.0,2.21,86.44,98.39,106.52,71.6
2024-05-07,0.0,16.6,75.31,1010.81,6.22,8.0,5.89,71.6,0.0,0.0,0.0,71.6,86.44,98.39,68.23
2024-05-08,0.0,14.67,84.92,1010.07,14.95,8.0,8.3,68.23,0.0,0.0,0.0,68.23,71.6,86.44,64.68
2024-05-09,0.0,18.57,74.62,1007.36,7.52,8.0,5.99,64.68,0.0,0.0,0.0,64.68,68.23,71.6,65.29
2024-05-10,17.18,18.25,78.82,1017.11,11.18,8.0,8.15,65.29,0.0,0.0,0.0,65.29,64.68,68.23,58.1
2024-05-11,0.0,18.97,86.44,1010.89,5.55,8.0,4.55,58.1,17.18,0.0,0.0,58.1,65.29,64.68,53.6
2024-05-12,0.0,16.43,76.93,1007.0,9.57,8.0,6.54,53.6,0.0,17.18,0.0,53.6,58.1,65.29,46.65
2024-05-13,36.67,14.89,79.11,1005.02,9.61,8.0,7.8,46.65,0.0,0.0,17.18,46.65,53.6,58.1,50.2
2024-05-14,15.59,12.42,77.06,1008.58,8.9,8.0,6.27,50.2,36.67,0.0,0.0,50.2,46.65,53.6,58.26
2024-05-15,0.0,18.3,86.51,1004.01,11.35,8.0,7.3,58.26,15.59,36.67,0.0,58.26,50.2,46.65,59.66
2024-05-16,0.0,17.24,76.17,1013.99,6.48,8.0,7.11,59.66,0.0,15.59,36.67,59.66,58.26,50.2,54.11
2024-05-17,0.0,13.7,87.07,999.76,6.91,8.0,6.53,54.11,0.0,0.0,15.59,54.11,59.66,58.26,41.96
2024-05-18,0.0,14.71,77.47,1008.06,11.53,8.0,6.87,41.96,0.0,0.0,0.0,41.96,54.11,59.66,39.07
2024-05-19,0.0,14.82,72.28,1011.76,14.7,8.0,8.53,39.07,0.0,0.0,0.0,39.07,41.96,54.11,30.22
2024-05-20,0.0,12.22,83.16,1010.38,9.92,8.0,6.52,30.22,0.0,0.0,0.0,30.22,39.07,41.96,30.25
2024-05-21,0.0,13.83,76.37,1005.04,11.76,8.0,7.34,30.25,0.0,0.0,0.0,30.25,30.22,39.07,30.1
2024-05-22,0.0,12.98,82.95,1011.88,12.65,8.0,7.67,30.1,0.0,0.0,0.0,30.1,30.25,30.22,27.86
2024-05-23,33.31,14.73,59.59,1004.11,12.91,8.0,5.31,27.86,0.0,0.0,0.0,27.86,30.1,30.25,37.08
2024-05-24,5.71,13.86,78.83,1008.39,6.66,8.0,5.55,37.08,33.31,0.0,0.0,37.08,27.86,30.1,42.19
2024-05-25,0.0,11.59,75.66,1011.73,7.28,8.0,5.52,42.19,5.71,33.31,0.0,42.19,37.08,27.86,40.12
2024-05-26,8.75,20.66,71.52,1010.75,7.58,8.0,7.58,40.12,0.0,5.71,33.31,40.12,42.19,37.08,41.87
2024-05-27,1.91,18.69,75.18,1005.02,16.75,8.0,9.59,41.87,8.75,0.0,5.71,41.87,40.12,42.19,44.34
2024-05-28,0.0,13.56,75.11,1014.35,11.78,8.0,5.39,44.34,1.91,8.75,0.0,44.34,41.87,40.12,45.0
2024-05-29,5.9,16.15,78.87,1008.77,11.62,8.0,6.79,45.0,0.0,1.91,8.75,45.0,44.34,41.87,42.4
2024-05-30,0.0,16.47,69.7,1012.02,11.28,8.0,8.03,42.4,5.9,0.0,1.91,42.4,45.0,44.34,43.43
2024-05-31,5.9,18.36,81.56,1015.92,5.38,8.0,5.03,43.43,0.0,5.9,0.0,43.43,42.4,45.0,42.59
2024-06-01,0.0,13.3,88.97,1013.83,16.78,8.0,7.84,42.59,5.9,0.0,5.9,42.59,43.43,42.4,30.51
2024-06-02,0.0,18.04,81.44,1013.82,11.68,8.0,7.69,30.51,0.0,5.9,0.0,30.51,42.59,43.43,32.11
2024-06-03,0.0,13.9,85.19,1009.16,12.53,8.0,7.41,32.11,0.0,0.0,5.9,32.11,30.51,42.59,28.9
2024-06-04,0.0,11.9,87.25,1012.14,3.82,8.0,4.55,28.9,0.0,0.0,0.0,28.9,32.11,30.51,27.07
2024-06-05,0.0,17.02,88.29,1009.22,12.73,8.0,7.31,27.07,0.0,0.0,0.0,27.07,28.9,32.11,22.43
2024-06-06,0.0,18.41,92.78,1002.08,8.75,8.0,5.91,22.43,0.0,0.0,0.0,22.43,27.07,28.9,24.43
2024-06-07,0.0,21.63,76.24,1009.63,5.37,8.0,7.69,24.43,0.0,0.0,0.0,24.43,22.43,27.07,18.92
2024-06-08,2.26,12.13,74.74,1009.38,6.66,8.0,5.11,18.92,0.0,0.0,0.0,18.92,24.43,22.43,21.97
2024-06-09,5.96,16.86,85.3,1011.0,5.57,8.0,6.29,21.97,2.26,0.0,0.0,21.97,18.92,24.43,18.85
2024-06-10,3.03,14.07,84.8,1007.42,5.51,8.0,7.62,18.85,5.96,2.26,0.0,18.85,21.97,18.92,20.26
2024-06-11,3.78,17.03,85.31,1004.24,10.21,8.0,7.88,20.26,3.03,5.96,2.26,20.26,18.85,21.97,25.57
2024-06-12,31.99,11.38,93.13,1011.32,8.65,8.0,4.67,25.57,3.78,3.03,5.96,25.57,20.26,18.85,42.27
2024-06-13,12.93,11.88,80.01,1001.46,11.17,8.0,6.34,42.27,31.99,3.78,3.03,42.27,25.57,20.26,52.47
2024-06-14,0.0,13.09,82.93,1015.31,15.87,8.0,7.46,52.47,12.93,31.99,3.78,52.47,42.27,25.57,56.51
2024-06-15,0.0,15.22,73.1,1006.86,9.55,8.0,6.59,56.51,0.0,12.93,31.99,56.51,52.47,42.27,54.52
2024-06-16,6.74,13.41,94.93,1009.24,2.14,8.0,5.63,54.52,0.0,0.0,12.93,54.52,56.51,52.47,49.35
2024-06-17,0.0,16.65,77.63,1010.8,9.15,8.0,7.31,49.35,6.74,0.0,0.0,49.35,54.52,56.51,46.6
2024-06-18,0.0,17.57,77.84,1010.95,14.18,8.0,9.14,46.6,0.0,6.74,0.0,46.6,49.35,54.52,42.81
2024-06-19,11.73,16.5,77.57,1000.96,9.7,8.0,6.51,42.81,0.0,0.0,6.74,42.81,46.6,49.35,46.44
2024-06-20,0.0,19.05,75.48,1012.12,15.35,8.0,8.62,46.44,11.73,0.0,0.0,46.44,42.81,46.6,47.28
2024-06-21,12.37,16.04,74.89,1009.52,11.59,8.0,6.98,47.28,0.0,11.73,0.0,47.28,46.44,42.81,48.41
2024-06-22,0.0,11.97,76.32,1004.83,3.57,8.0,6.72,48.41,12.37,0.0,11.73,48.41,47.28,46.44,44.74
2024-06-23,7.45,18.42,70.42,1004.26,10.38,8.0,7.54,44.74,0.0,12.37,0.0,44.74,48.41,47.28,47.66
2024-06-24,0.0,13.51,74.46,1006.35,11.04,8.0,6.8,47.66,7.45,0.0,12.37,47.66,44.74,48.41,42.8
2024-06-25,0.0,17.31,93.59,1001.53,13.78,8.0,7.29,42.8,0.0,7.45,0.0,42.8,47.66,44.74,42.56
2024-06-26,0.0,18.98,85.07,1016.64,16.37,8.0,7.42,42.56,0.0,0.0,7.45,42.56,42.8,47.66,37.95
2024-06-27,0.0,16.2,86.38,1015.47,13.18,8.0,8.02,37.95,0.0,0.0,0.0,37.95,42.56,42.8,31.49
2024-06-28,0.0,11.34,88.11,1010.31,11.54,8.0,5.88,31.49,0.0,0.0,0.0,31.49,37.95,42.56,26.38
2024-06-29,42.37,12.8,92.67,1006.95,12.37,8.0,5.31,26.38,0.0,0.0,0.0,26.38,31.49,37.95,31.1
2024-06-30,0.0,18.42,67.4,1007.1,9.41,8.0,6.33,31.1,42.37,0.0,0.0,31.1,26.38,31.49,35.63
2024-07-01,0.0,14.72,71.15,1011.89,4.88,8.0,6.12,35.63,0.0,42.37,0.0,35.63,31.1,26.38,38.67
2024-07-02,0.0,15.36,74.09,1016.91,10.15,8.0,5.86,38.67,0.0,0.0,42.37,38.67,35.63,31.1,42.97
2024-07-03,0.0,17.09,76.38,1005.29,11.28,8.0,6.55,42.97,0.0,0.0,0.0,42.97,38.67,35.63,35.65
2024-07-04,111.14,16.96,77.52,1002.57,5.79,8.0,4.83,35.65,0.0,0.0,0.0,35.65,42.97,38.67,76.86
2024-07-05,16.68,15.95,76.44,1015.92,14.64,8.0,6.91,76.86,111.14,0.0,0.0,76.86,35.65,42.97,94.53
2024-07-06,0.0,14.76,81.04,999.27,13.52,8.0,8.62,94.53,16.68,111.14,0.0,94.53,76.86,35.65,97.18
2024-07-07,11.16,14.54,79.7,1003.19,5.2,8.0,5.47,97.18,0.0,16.68,111.14,97.18,94.53,76.86,94.24
2024-07-08,3.44,17.5,74.33,1007.02,14.78,8.0,7.68,94.24,11.16,0.0,16.68,94.24,97.18,94.53,85.24
2024-07-09,0.0,16.78,64.09,1000.48,8.92,8.0,8.66,85.24,3.44,11.16,0.0,85.24,94.24,97.18,74.51
2024-07-10,53.56,14.8,72.3,1013.87,7.28,8.0,6.62,74.51,0.0,3.44,11.16,74.51,85.24,94.24,89.89
2024-07-11,1.65,18.19,75.33,1012.63,13.78,8.0,7.92,89.89,53.56,0.0,3.44,89.89,74.51,85.24,92.44
2024-07-12,0.0,15.2,77.37,1005.5,9.82,8.0,6.0,92.44,1.65,53.56,0.0,92.44,89.89,74.51,85.66
2024-07-13,5.61,13.44,71.11,1014.81,16.65,8.0,7.8,85.66,0.0,1.65,53.56,85.66,92.44,89.89,81.75
2024-07-14,18.68,13.72,75.5,1015.69,7.01,8.0,7.57,81.75,5.61,0.0,1.65,81.75,85.66,92.44,86.74
2024-07-15,12.51,13.23,70.93,1007.91,3.94,8.0,4.72,86.74,18.68,5.61,0.0,86.74,81.75,85.66,88.48
2024-07-16,0.0,15.04,77.88,1006.26,9.02,8.0,6.47,88.48,12.51,18.68,5.61,88.48,86.74,81.75,84.5
2024-07-17,0.0,18.86,71.15,1019.85,12.76,8.0,6.69,84.5,0.0,12.51,18.68,84.5,88.48,86.74,67.85
2024-07-18,26.45,13.82,72.63,1012.2,6.75,8.0,7.46,67.85,0.0,0.0,12.51,67.85,84.5,88.48,67.85
2024-07-19,13.39,16.36,69.31,1009.92,5.34,8.0,5.31,67.85,26.45,0.0,0.0,67.85,67.85,84.5,65.79
2024-07-20,0.0,14.31,77.29,1015.5,10.8,8.0,6.24,65.79,13.39,26.45,0.0,65.79,67.85,67.85,67.0
2024-07-21,4.07,15.36,72.2,1010.23,4.88,8.0,5.13,67.0,0.0,13.39,26.45,67.0,65.79,67.85,65.7
2024-07-22,0.0,12.3,84.5,1006.24,11.07,8.0,5.49,65.7,4.07,0.0,13.39,65.7,67.0,65.79,60.18
2024-07-23,0.0,15.59,80.88,1009.22,8.81,8.0,6.71,60.18,0.0,4.07,0.0,60.18,65.7,67.0,52.57
2024-07-24,48.89,15.73,77.44,1014.06,11.73,8.0,6.82,52.57,0.0,0.0,4.07,52.57,60.18,65.7,65.87
2024-07-25,0.0,17.63,72.23,998.95,5.16,8.0,6.63,65.87,48.89,0.0,0.0,65.87,52.57,60.18,81.24
2024-07-26,5.57,16.91,80.35,1007.52,14.54,8.0,8.14,81.24,0.0,48.89,0.0,81.24,65.87,52.57,82.49
2024-07-27,11.93,13.42,82.4,1015.93,9.36,8.0,5.12,82.49,5.57,0.0,48.89,82.49,81.24,65.87,78.39
2024-07-28,39.11,19.2,78.44,1006.51,12.67,8.0,7.86,78.39,11.93,5.57,0.0,78.39,82.49,81.24,90.18
2024-07-29,0.0,17.09,88.54,1016.85,13.36,8.0,6.71,90.18,39.11,11.93,5.57,90.18,78.39,82.49,84.13
2024-07-30,2.46,17.14,80.4,1016.25,5.95,8.0,6.49,84.13,0.0,39.11,11.93,84.13,90.18,78.39,81.77
2024-07-31,0.0,16.7,83.44,1008.9,13.09,8.0,7.65,81.77,2.46,0.0,39.11,81.77,84.13,90.18,71.57
2024-08-01,50.1,15.51,77.84,1006.45,5.01,8.0,5.86,71.57,0.0,2.46,0.0,71.57,81.77,84.13,86.08
2024-08-02,0.0,17.43,81.5,1007.91,5.2,8.0,7.34,86.08,50.1,0.0,2.46,86.08,71.57,81.77,82.46
2024-08-03,38.46,18.16,71.05,1022.73,16.87,8.0,7.03,82.46,0.0,50.1,0.0,82.46,86.08,71.57,101.1
2024-08-04,31.2,12.69,73.27,1018.84,13.89,8.0,6.21,101.1,38.46,0.0,50.1,101.1,82.46,86.08,106.67
2024-08-05,0.0,,78.78,1010.15,17.26,8.0,8.13,106.67,31.2,38.46,0.0,106.67,101.1,82.46,103.53
2024-08-06,0.0,16.59,78.58,1006.55,8.7,8.0,8.43,103.53,0.0,31.2,38.46,103.53,106.67,101.1,90.99
2024-08-07,0.0,17.96,79.58,1010.24,10.36,8.0,6.38,90.99,0.0,0.0,31.2,90.99,103.53,106.67,77.53
2024-08-08,0.0,20.39,83.58,1010.94,11.85,8.0,7.55,77.53,0.0,0.0,0.0,77.53,90.99,103.53,67.74
2024-08-09,0.0,15.57,65.75,1003.57,9.96,8.0,7.83,67.74,0.0,0.0,0.0,67.74,77.53,90.99,59.79
2024-08-10,0.0,16.34,68.74,1010.25,7.39,8.0,7.3,59.79,0.0,0.0,0.0,59.79,67.74,77.53,51.77
2024-08-11,127.46,16.4,77.01,1016.53,6.86,8.0,6.94,51.77,0.0,0.0,0.0,51.77,59.79,67.74,100.87
2024-08-12,0.0,15.78,70.17,1000.99,10.75,8.0,6.42,100.87,127.46,0.0,0.0,100.87,51.77,59.79,122.49
2024-08-13,0.0,17.01,98.0,1014.19,6.27,8.0,6.3,122.49,0.0,127.46,0.0,122.49,100.87,51.77,122.41
2024-08-14,0.0,19.9,78.51,1017.0,6.17,8.0,6.75,122.41,0.0,0.0,127.46,122.41,122.49,100.87,105.97
2024-08-15,0.0,15.44,74.18,1007.39,11.38,8.0,7.87,105.97,0.0,0.0,0.0,105.97,122.41,122.49,98.07
2024-08-16,0.0,19.24,70.95,1018.74,9.67,8.0,7.11,98.07,0.0,0.0,0.0,98.07,105.97,122.41,82.98
2024-08-17,89.48,14.02,71.03,1006.89,13.28,8.0,8.26,82.98,0.0,0.0,0.0,82.98,98.07,105.97,116.38
2024-08-18,0.0,16.97,74.42,1012.62,8.51,8.0,6.73,116.38,89.48,0.0,0.0,116.38,82.98,98.07,113.89
2024-08-19,5.3,17.66,74.82,1008.95,7.97,8.0,6.87,113.89,0.0,89.48,0.0,113.89,116.38,82.98,116.7
2024-08-20,0.0,22.77,70.66,1009.03,11.48,8.0,7.77,116.7,5.3,0.0,89.48,116.7,113.89,116.38,100.44
2024-08-21,16.25,18.0,71.76,1007.55,7.16,8.0,6.55,100.44,0.0,5.3,0.0,100.44,116.7,113.89,92.42
2024-08-22,2.0,13.29,82.9,1014.21,7.7,8.0,6.15,92.42,16.25,0.0,5.3,92.42,100.44,116.7,86.8
2024-08-23,0.0,13.91,83.0,1015.03,7.84,8.0,6.32,86.8,2.0,16.25,0.0,86.8,92.42,100.44,81.93
2024-08-24,0.0,19.1,74.88,1010.54,9.27,8.0,5.82,81.93,0.0,2.0,16.25,81.93,86.8,92.42,74.77
2024-08-25,0.0,20.66,63.54,1004.14,16.2,8.0,8.16,74.77,0.0,0.0,2.0,74.77,81.93,86.8,63.39
2024-08-26,0.0,20.17,76.51,1013.04,5.18,8.0,7.96,63.39,0.0,0.0,0.0,63.39,74.77,81.93,58.81
2024-08-27,0.0,19.76,83.43,1013.21,14.53,8.0,6.49,58.81,0.0,0.0,0.0,58.81,63.39,74.77,48.84
2024-08-28,0.0,22.36,81.95,1010.1,12.58,8.0,7.74,48.84,0.0,0.0,0.0,48.84,58.81,63.39,42.09
2024-08-29,0.0,18.22,77.31,1020.6,15.48,8.0,7.49,42.09,0.0,0.0,0.0,42.09,48.84,58.81,35.02
2024-08-30,0.0,21.92,81.93,1003.52,20.98,8.0,9.41,35.02,0.0,0.0,0.0,35.02,42.09,48.84,30.29
2024-08-31,0.0,15.72,72.15,1000.34,15.01,8.0,8.03,30.29,0.0,0.0,0.0,30.29,35.02,42.09,24.76
2024-09-01,0.0,17.65,75.98,1007.85,13.24,8.0,7.66,24.76,0.0,0.0,0.0,24.76,30.29,35.02,22.42
2024-09-02,0.0,15.51,66.62,1015.14,5.41,8.0,4.57,22.42,0.0,0.0,0.0,22.42,24.76,30.29,14.99
2024-09-03,0.0,19.45,73.23,1006.39,5.85,8.0,5.03,14.99,0.0,0.0,0.0,14.99,22.42,24.76,15.26
2024-09-04,0.0,20.14,80.29,1006.85,11.26,8.0,5.37,15.26,0.0,0.0,0.0,15.26,14.99,22.42,11.67
2024-09-05,0.0,20.66,66.66,1016.59,4.06,8.0,6.44,11.67,0.0,0.0,0.0,11.67,15.26,14.99,6.58
2024-09-06,32.85,20.65,64.56,1014.24,12.15,8.0,6.46,6.58,0.0,0.0,0.0,6.58,11.67,15.26,23.2
2024-09-07,0.0,18.29,71.07,1013.89,2.53,8.0,4.16,23.2,32.85,0.0,0.0,23.2,6.58,11.67,33.5
2024-09-08,0.0,20.25,68.59,1016.0,14.03,8.0,7.25,33.5,0.0,32.85,0.0,33.5,23.2,6.58,35.37
2024-09-09,0.0,17.1,74.52,1010.05,8.87,8.0,6.29,35.37,0.0,0.0,32.85,35.37,33.5,23.2,31.96
2024-09-10,13.67,24.37,66.6,1010.37,10.44,8.0,7.85,31.96,0.0,0.0,0.0,31.96,35.37,33.5,32.51
2024-09-11,0.0,20.33,81.6,1016.39,7.38,8.0,6.94,32.51,13.67,0.0,0.0,32.51,31.96,35.37,26.68
2024-09-12,0.0,19.98,60.34,1005.71,3.36,8.0,6.45,26.68,0.0,13.67,0.0,26.68,32.51,31.96,27.14
2024-09-13,0.0,25.3,77.94,1001.8,14.32,8.0,9.2,27.14,0.0,0.0,13.67,27.14,26.68,32.51,18.37
2024-09-14,27.23,18.34,63.6,1010.44,14.67,8.0,7.67,18.37,0.0,0.0,0.0,18.37,27.14,26.68,29.23
2024-09-15,8.58,18.75,56.18,1017.34,8.77,8.0,7.7,29.23,27.23,0.0,0.0,29.23,18.37,27.14,28.71
2024-09-16,0.0,18.94,70.21,1014.05,12.32,8.0,7.3,28.71,8.58,27.23,0.0,28.71,29.23,18.37,30.96
2024-09-17,38.54,21.63,66.55,1017.15,8.63,8.0,7.02,30.96,0.0,8.58,27.23,30.96,28.71,29.23,48.97
2024-09-18,0.0,23.0,60.36,1002.86,11.01,8.0,7.42,48.97,38.54,0.0,8.58,48.97,30.96,28.71,52.07
2024-09-19,8.0,23.89,56.15,1014.61,12.66,8.0,8.22,52.07,0.0,38.54,0.0,52.07,48.97,30.96,57.69
2024-09-20,0.0,28.6,67.66,1016.39,11.94,8.0,9.13,57.69,8.0,0.0,38.54,57.69,52.07,48.97,57.16
2024-09-21,13.58,16.66,74.34,1006.45,14.69,8.0,8.18,57.16,0.0,8.0,0.0,57.16,57.69,52.07,57.1
2024-09-22,0.0,23.93,71.4,1017.6,11.82,8.0,8.53,57.1,13.58,0.0,8.0,57.1,57.16,57.69,59.45
2024-09-23,0.0,21.13,67.49,1012.82,10.1,8.0,7.75,59.45,0.0,13.58,0.0,59.45,57.1,57.16,52.96
2024-09-24,0.0,21.18,70.24,1028.82,7.34,8.0,6.16,52.96,0.0,0.0,13.58,52.96,59.45,57.1,43.18
2024-09-25,12.86,21.22,66.5,1002.66,8.33,8.0,9.46,43.18,0.0,0.0,0.0,43.18,52.96,59.45,39.94
2024-09-26,0.0,20.61,56.47,1020.48,12.84,8.0,6.84,39.94,12.86,0.0,0.0,39.94,43.18,52.96,41.05
2024-09-27,2.73,27.22,56.33,1011.75,4.74,8.0,7.52,41.05,0.0,12.86,0.0,41.05,39.94,43.18,37.74
2024-09-28,0.0,25.23,64.65,1005.72,13.87,8.0,10.93,37.74,2.73,0.0,12.86,37.74,41.05,39.94,32.21
2024-09-29,0.0,23.3,64.75,1011.25,9.02,8.0,8.3,32.21,0.0,2.73,0.0,32.21,37.74,41.05,31.27
2024-09-30,0.0,26.74,71.62,1015.36,7.13,8.0,7.09,31.27,0.0,0.0,2.73,31.27,32.21,37.74,21.88
2024-10-01,13.45,19.7,70.77,1019.24,6.15,8.0,7.71,21.88,0.0,0.0,0.0,21.88,31.27,32.21,34.09
2024-10-02,0.0,20.27,69.5,1022.75,12.36,8.0,7.89,34.09,13.45,0.0,0.0,34.09,21.88,31.27,28.6
2024-10-03,0.0,18.27,63.1,1021.33,9.95,8.0,6.53,28.6,0.0,13.45,0.0,28.6,34.09,21.88,28.93
2024-10-04,0.0,22.08,55.2,1009.48,15.56,8.0,8.66,28.93,0.0,0.0,13.45,28.93,28.6,34.09,27.36
2024-10-05,0.0,24.35,67.55,1020.04,5.58,8.0,6.89,27.36,0.0,0.0,0.0,27.36,28.93,28.6,23.57
2024-10-06,9.48,24.32,68.14,1016.43,7.98,8.0,7.36,23.57,0.0,0.0,0.0,23.57,27.36,28.93,28.61
2024-10-07,0.0,24.55,47.55,1011.28,9.68,8.0,7.95,28.61,9.48,0.0,0.0,28.61,23.57,27.36,29.96
2024-10-08,0.0,20.76,58.23,1013.58,7.37,8.0,7.66,29.96,0.0,9.48,0.0,29.96,28.61,23.57,27.12
2024-10-09,0.0,26.41,59.04,1011.17,10.02,8.0,8.83,27.12,0.0,0.0,9.48,27.12,29.96,28.61,25.91
2024-10-10,0.0,25.12,64.51,1014.98,11.12,8.0,7.53,25.91,0.0,0.0,0.0,25.91,27.12,29.96,15.08
2024-10-11,0.0,26.46,57.87,1011.23,11.7,8.0,8.66,15.08,0.0,0.0,0.0,15.08,25.91,27.12,11.72
2024-10-12,0.0,20.01,63.04,1009.82,15.27,8.0,7.96,11.72,0.0,0.0,0.0,11.72,15.08,25.91,12.25
2024-10-13,7.25,25.63,61.64,1017.43,5.44,8.0,7.94,12.25,0.0,0.0,0.0,12.25,11.72,15.08,11.45
2024-10-14,109.74,21.99,61.81,1018.26,11.18,8.0,6.97,11.45,7.25,0.0,0.0,11.45,12.25,11.72,57.33
2024-10-15,0.0,24.07,57.73,1014.25,7.74,8.0,7.5,57.33,109.74,7.25,0.0,57.33,11.45,12.25,72.61
2024-10-16,0.0,26.51,58.08,1022.11,11.51,8.0,6.89,72.61,0.0,109.74,7.25,72.61,57.33,11.45,70.94
2024-10-17,10.13,25.51,54.81,1014.04,11.51,8.0,8.82,70.94,0.0,0.0,109.74,70.94,72.61,57.33,69.82
2024-10-18,26.28,23.26,64.85,1013.91,6.55,8.0,8.66,69.82,10.13,0.0,0.0,69.82,70.94,72.61,74.96
2024-10-19,0.0,25.51,66.01,1018.8,6.85,8.0,8.74,74.96,26.28,10.13,0.0,74.96,69.82,70.94,68.26
2024-10-20,61.14,21.77,56.44,1014.91,11.79,8.0,8.55,68.26,0.0,26.28,10.13,68.26,74.96,69.82,95.37
2024-10-21,0.0,28.58,72.3,1016.07,10.08,8.0,8.75,95.37,61.14,0.0,26.28,95.37,68.26,74.96,96.46
2024-10-22,25.03,25.29,59.28,1003.11,9.23,8.0,9.52,96.46,0.0,61.14,0.0,96.46,95.37,68.26,103.54
2024-10-23,2.6,28.7,72.02,1015.87,12.3,8.0,8.2,103.54,25.03,0.0,61.14,103.54,96.46,95.37,96.51
2024-10-24,0.0,24.69,56.65,1006.72,12.56,8.0,8.11,96.51,2.6,25.03,0.0,96.51,103.54,96.46,95.12
2024-10-25,0.0,24.79,46.79,1009.82,8.15,8.0,8.85,95.12,0.0,2.6,25.03,95.12,96.51,103.54,87.28
2024-10-26,0.0,24.29,63.62,1009.32,7.02,8.0,7.29,87.28,0.0,0.0,2.6,87.28,95.12,96.51,74.35
2024-10-27,0.0,28.48,62.38,1010.85,5.58,8.0,6.92,74.35,0.0,0.0,0.0,74.35,87.28,95.12,57.81
2024-10-28,0.0,24.61,60.72,1013.39,10.12,8.0,6.71,57.81,0.0,0.0,0.0,57.81,74.35,87.28,53.25
2024-10-29,0.0,28.09,55.82,1013.77,5.02,8.0,6.89,53.25,0.0,0.0,0.0,53.25,57.81,74.35,46.11
2024-10-30,0.0,25.62,59.92,1019.59,10.35,8.0,9.48,46.11,0.0,0.0,0.0,46.11,53.25,57.81,39.27
2024-10-31,0.0,21.72,56.43,1017.44,14.26,8.0,8.16,39.27,0.0,0.0,0.0,39.27,46.11,53.25,34.03
2024-11-01,0.0,25.33,57.74,1006.89,8.76,8.0,7.2,34.03,0.0,0.0,0.0,34.03,39.27,46.11,23.61
2024-11-02,0.0,23.89,65.6,1016.87,8.12,8.0,7.45,23.61,0.0,0.0,0.0,23.61,34.03,39.27,21.26
2024-11-03,0.0,27.01,60.85,1018.11,16.99,8.0,9.48,21.26,0.0,0.0,0.0,21.26,23.61,34.03,17.63
2024-11-04,0.0,24.03,63.68,1014.94,15.28,8.0,7.13,17.63,0.0,0.0,0.0,17.63,21.26,23.61,13.95
2024-11-05,51.79,29.41,57.64,1016.33,7.32,8.0,7.33,13.95,0.0,0.0,0.0,13.95,17.63,21.26,33.82
2024-11-06,0.0,26.95,56.73,1017.65,10.49,8.0,7.06,33.82,51.79,0.0,0.0,33.82,13.95,17.63,45.39
2024-11-07,0.0,26.81,50.92,1020.58,11.15,8.0,9.54,45.39,0.0,51.79,0.0,45.39,33.82,13.95,44.79
2024-11-08,0.0,28.97,56.26,1008.94,10.71,8.0,8.42,44.79,0.0,0.0,51.79,44.79,45.39,33.82,43.4
2024-11-09,0.0,29.82,35.47,1015.64,16.35,8.0,9.42,43.4,0.0,0.0,0.0,43.4,44.79,45.39,38.28
2024-11-10,15.74,27.44,54.46,1024.46,10.31,8.0,8.15,38.28,0.0,0.0,0.0,38.28,43.4,44.79,44.74
2024-11-11,0.0,25.63,57.89,1024.06,10.83,8.0,7.26,44.74,15.74,0.0,0.0,44.74,38.28,43.4,42.25
2024-11-12,0.0,23.2,62.29,1021.28,12.41,8.0,8.52,42.25,0.0,15.74,0.0,42.25,44.74,38.28,36.01
2024-11-13,0.0,25.99,56.34,1019.76,14.16,8.0,10.17,36.01,0.0,0.0,15.74,36.01,42.25,44.74,39.05
2024-11-14,20.73,,60.54,1025.4,13.28,8.0,8.08,39.05,0.0,0.0,0.0,39.05,36.01,42.25,46.51
2024-11-15,0.0,28.11,42.73,1026.76,11.88,8.0,9.37,46.51,20.73,0.0,0.0,46.51,39.05,36.01,49.77
2024-11-16,0.0,27.04,57.48,1016.57,4.54,8.0,7.28,49.77,0.0,20.73,0.0,49.77,46.51,39.05,48.19
2024-11-17,0.0,29.69,46.01,1012.42,8.29,8.0,7.67,48.19,0.0,0.0,20.73,48.19,49.77,46.51,42.17
2024-11-18,52.77,26.5,49.2,1015.96,12.87,8.0,9.32,42.17,0.0,0.0,0.0,42.17,48.19,49.77,62.59
2024-11-19,0.0,27.95,56.25,1032.83,10.88,8.0,7.13,62.59,52.77,0.0,0.0,62.59,42.17,48.19,67.39
2024-11-20,0.0,31.11,66.39,1009.55,12.89,8.0,7.89,67.39,0.0,52.77,0.0,67.39,62.59,42.17,63.17
2024-11-21,0.0,29.06,59.96,1015.08,16.61,8.0,10.8,63.17,0.0,0.0,52.77,63.17,67.39,62.59,56.83
2024-11-22,42.35,28.11,57.39,1010.41,5.88,8.0,7.36,56.83,0.0,0.0,0.0,56.83,63.17,67.39,66.29
2024-11-23,0.0,26.81,57.04,1018.13,13.98,8.0,9.71,66.29,42.35,0.0,0.0,66.29,56.83,63.17,62.14
2024-11-24,27.55,26.78,52.09,1011.53,8.84,8.0,7.92,62.14,0.0,42.35,0.0,62.14,66.29,56.83,70.95
2024-11-25,0.0,26.29,53.2,1017.04,13.27,8.0,6.59,70.95,27.55,0.0,42.35,70.95,62.14,66.29,65.7
2024-11-26,0.0,27.11,59.91,1007.87,9.86,8.0,8.7,65.7,0.0,27.55,0.0,65.7,70.95,62.14,68.27
2024-11-27,0.0,30.4,47.15,1020.74,17.44,8.0,10.02,68.27,0.0,0.0,27.55,68.27,65.7,70.95,55.85
2024-11-28,0.0,28.0,60.92,1023.79,10.46,8.0,7.75,55.85,0.0,0.0,0.0,55.85,68.27,65.7,47.33
2024-11-29,0.0,25.22,53.98,1015.79,7.76,8.0,8.54,47.33,0.0,0.0,0.0,47.33,55.85,68.27,39.63
2024-11-30,0.0,33.05,62.41,1017.06,11.47,8.0,9.79,39.63,0.0,0.0,0.0,39.63,47.33,55.85,36.81
2024-12-01,0.0,29.47,63.29,1016.95,11.13,8.0,7.99,36.81,0.0,0.0,0.0,36.81,39.63,47.33,32.83
2024-12-02,0.0,25.19,44.79,1018.69,13.98,8.0,9.51,32.83,0.0,0.0,0.0,32.83,36.81,39.63,35.55
2024-12-03,0.0,27.63,52.38,1017.62,11.57,8.0,8.69,35.55,0.0,0.0,0.0,35.55,32.83,36.81,36.3
2024-12-04,0.0,29.05,50.41,1021.68,18.66,8.0,9.8,36.3,0.0,0.0,0.0,36.3,35.55,32.83,31.91
2024-12-05,0.0,33.06,43.65,1024.02,9.61,8.0,8.27,31.91,0.0,0.0,0.0,31.91,36.3,35.55,23.48
2024-12-06,0.0,26.06,49.07,1013.81,9.65,8.0,7.34,23.48,0.0,0.0,0.0,23.48,31.91,36.3,21.87
2024-12-07,0.0,31.29,73.34,1016.35,7.89,8.0,9.39,21.87,0.0,0.0,0.0,21.87,23.48,31.91,19.44
2024-12-08,0.0,32.38,60.48,1022.42,10.3,8.0,9.11,19.44,0.0,0.0,0.0,19.44,21.87,23.48,11.14
2024-12-09,0.0,27.33,69.6,1010.82,10.81,8.0,9.03,11.14,0.0,0.0,0.0,11.14,19.44,21.87,8.87
2024-12-10,0.0,28.22,61.95,1008.09,10.98,8.0,8.06,8.87,0.0,0.0,0.0,8.87,11.14,19.44,8.18
2024-12-11,8.43,26.34,50.92,1019.09,10.24,8.0,8.58,8.18,0.0,0.0,0.0,8.18,8.87,11.14,10.76
2024-12-12,27.54,28.44,53.41,1020.45,7.87,8.0,7.76,10.76,8.43,0.0,0.0,10.76,8.18,8.87,18.95
2024-12-13,0.0,28.87,60.18,1014.36,6.91,8.0,8.45,18.95,27.54,8.43,0.0,18.95,10.76,8.18,22.77
2024-12-14,0.0,30.62,59.11,1015.09,8.69,8.0,7.25,22.77,0.0,27.54,8.43,22.77,18.95,10.76,22.37
2024-12-15,0.0,31.71,51.99,1014.19,14.0,8.0,8.22,22.37,0.0,0.0,27.54,22.37,22.77,18.95,20.72
2024-12-16,0.0,27.12,45.45,1013.66,14.75,8.0,8.08,20.72,0.0,0.0,0.0,20.72,22.37,22.77,14.84
2024-12-17,0.0,24.08,79.02,1021.46,9.73,8.0,7.7,14.84,0.0,0.0,0.0,14.84,20.72,22.37,17.16
2024-12-18,16.65,28.95,55.01,1012.1,6.7,8.0,6.14,17.16,0.0,0.0,0.0,17.16,14.84,20.72,23.44
2024-12-19,0.0,29.73,53.72,1016.67,9.72,8.0,8.83,23.44,16.65,0.0,0.0,23.44,17.16,14.84,18.85
2024-12-20,0.0,29.62,56.8,1013.47,17.32,8.0,10.06,18.85,0.0,16.65,0.0,18.85,23.44,17.16,19.07
2024-12-21,0.0,28.18,54.31,1010.72,13.5,8.0,7.45,19.07,0.0,0.0,16.65,19.07,18.85,23.44,16.61
2024-12-22,2.5,29.3,56.88,1022.34,11.93,8.0,8.4,16.61,0.0,0.0,0.0,16.61,19.07,18.85,14.94
2024-12-23,0.0,32.77,65.04,1015.39,13.37,8.0,10.77,14.94,2.5,0.0,0.0,14.94,16.61,19.07,7.73
2024-12-24,0.0,29.93,55.17,1018.92,15.39,8.0,8.97,7.73,0.0,2.5,0.0,7.73,14.94,16.61,5.5
2024-12-25,0.0,28.03,47.93,1010.43,5.96,8.0,6.93,5.5,0.0,0.0,2.5,5.5,7.73,14.94,5.0
2024-12-26,0.0,27.7,54.96,1014.25,8.63,8.0,7.77,5.0,0.0,0.0,0.0,5.0,5.5,7.73,5.0
2024-12-27,0.0,28.51,52.86,1021.73,8.15,8.0,9.03,5.0,0.0,0.0,0.0,5.0,5.0,5.5,7.23
2024-12-28,0.0,33.01,66.11,1030.88,12.05,8.0,8.19,7.23,0.0,0.0,0.0,7.23,5.0,5.0,5.0
2024-12-29,0.0,28.44,64.38,1008.04,10.56,8.0,8.83,5.0,0.0,0.0,0.0,5.0,7.23,5.0,11.73
2024-12-30,0.0,28.82,,1016.9,12.65,8.0,9.12,11.73,0.0,0.0,0.0,11.73,5.0,7.23,18.61
2024-12-31,0.0,27.64,47.31,1019.95,8.23,8.0,8.03,18.61,0.0,0.0,0.0,18.61,11.73,5.0,17.37
2025-01-01,0.0,31.59,47.69,1014.81,14.8,8.0,9.15,17.37,0.0,0.0,0.0,17.37,18.61,11.73,10.13
2025-01-02,0.0,33.72,56.42,1022.12,9.76,8.0,9.63,10.13,0.0,0.0,0.0,10.13,17.37,18.61,5.0
2025-01-03,0.0,29.92,58.72,1013.52,12.43,8.0,7.95,5.0,0.0,0.0,0.0,5.0,10.13,17.37,5.57
2025-01-04,0.0,28.97,53.79,1018.6,14.18,8.0,9.37,5.57,0.0,0.0,0.0,5.57,5.0,10.13,5.0
2025-01-05,0.0,28.82,53.11,1015.19,13.9,8.0,7.75,5.0,0.0,0.0,0.0,5.0,5.57,5.0,5.0
2025-01-06,0.0,22.73,52.38,1023.88,11.26,8.0,8.7,5.0,0.0,0.0,0.0,5.0,5.0,5.57,5.0
2025-01-07,0.0,30.52,56.43,1014.37,12.87,8.0,9.61,5.0,0.0,0.0,0.0,5.0,5.0,5.0,5.0
2025-01-08,0.0,28.95,39.98,1015.97,16.1,8.0,9.07,5.0,0.0,0.0,0.0,5.0,5.0,5.0,12.35
2025-01-09,5.96,29.65,49.02,1022.43,11.8,8.0,8.6,12.35,0.0,0.0,0.0,12.35,5.0,5.0,14.92
2025-01-10,0.0,26.76,52.41,1012.53,7.45,8.0,8.18,14.92,5.96,0.0,0.0,14.92,12.35,5.0,19.88
2025-01-11,0.0,27.53,65.33,1017.98,12.04,8.0,7.42,19.88,0.0,5.96,0.0,19.88,14.92,12.35,21.32
2025-01-12,0.0,27.42,51.26,1008.49,9.87,8.0,8.0,21.32,0.0,0.0,5.96,21.32,19.88,14.92,21.19
2025-01-13,10.91,30.95,58.3,1012.13,1.78,8.0,7.38,21.19,0.0,0.0,0.0,21.19,21.32,19.88,19.52
2025-01-14,0.0,27.4,58.71,1019.44,11.62,8.0,7.1,19.52,10.91,0.0,0.0,19.52,21.19,21.32,9.91
2025-01-15,7.21,33.5,66.29,1012.54,10.41,8.0,9.63,9.91,0.0,10.91,0.0,9.91,19.52,21.19,15.85
2025-01-16,8.8,29.32,66.14,1014.74,14.05,8.0,10.67,15.85,7.21,0.0,10.91,15.85,9.91,19.52,18.72
2025-01-17,0.0,25.0,56.99,1019.88,7.37,8.0,9.49,18.72,8.8,7.21,0.0,18.72,15.85,9.91,26.82
2025-01-18,0.0,27.81,54.17,1014.48,4.73,8.0,5.94,26.82,0.0,8.8,7.21,26.82,18.72,15.85,22.88
2025-01-19,0.0,26.44,52.95,1021.45,10.59,8.0,9.16,22.88,0.0,0.0,8.8,22.88,26.82,18.72,20.07
2025-01-20,0.0,22.52,56.01,1018.37,11.33,8.0,7.39,20.07,0.0,0.0,0.0,20.07,22.88,26.82,16.49
2025-01-21,0.0,31.94,54.77,1019.43,10.33,8.0,8.7,16.49,0.0,0.0,0.0,16.49,20.07,22.88,18.49
2025-01-22,0.0,29.64,61.79,1023.41,10.07,8.0,7.68,18.49,0.0,0.0,0.0,18.49,16.49,20.07,7.34
2025-01-23,4.45,29.15,60.97,1018.75,6.26,8.0,8.33,7.34,0.0,0.0,0.0,7.34,18.49,16.49,9.31
2025-01-24,0.0,28.16,62.29,1024.8,9.51,8.0,6.21,9.31,4.45,0.0,0.0,9.31,7.34,18.49,6.48
2025-01-25,35.49,24.22,67.08,1021.61,8.78,8.0,6.69,6.48,0.0,4.45,0.0,6.48,9.31,7.34,21.41
2025-01-26,4.4,26.4,71.43,1014.39,13.75,8.0,6.8,21.41,35.49,0.0,4.45,21.41,6.48,9.31,33.09
2025-01-27,0.0,29.64,59.39,1023.42,11.33,8.0,8.2,33.09,4.4,35.49,0.0,33.09,21.41,6.48,30.04
2025-01-28,0.0,24.83,,1018.22,9.03,8.0,7.5,30.04,0.0,4.4,35.49,30.04,33.09,21.41,23.15
2025-01-29,0.0,21.05,56.31,1014.87,16.03,8.0,7.18,23.15,0.0,0.0,4.4,23.15,30.04,33.09,26.96
2025-01-30,0.0,26.74,67.2,1018.18,9.06,8.0,8.38,26.96,0.0,0.0,0.0,26.96,23.15,30.04,22.33
2025-01-31,47.69,26.87,66.47,1022.29,11.95,8.0,8.76,22.33,0.0,0.0,0.0,22.33,26.96,23.15,37.63
2025-02-01,0.0,27.48,66.24,1018.95,9.42,8.0,8.8,37.63,47.69,0.0,0.0,37.63,22.33,26.96,40.6
2025-02-02,0.0,28.88,59.98,1025.73,15.71,8.0,10.36,40.6,0.0,47.69,0.0,40.6,37.63,22.33,35.34
2025-02-03,0.0,28.57,54.79,1021.99,10.3,8.0,8.2,35.34,0.0,0.0,47.69,35.34,40.6,37.63,36.2
2025-02-04,0.0,27.54,49.85,1019.11,10.41,8.0,8.52,36.2,0.0,0.0,0.0,36.2,35.34,40.6,36.65
2025-02-05,26.02,29.8,59.48,1011.3,9.51,8.0,7.59,36.65,0.0,0.0,0.0,36.65,36.2,35.34,36.65
2025-02-06,5.86,22.92,70.64,1015.47,10.69,8.0,7.83,36.65,26.02,0.0,0.0,36.65,36.65,36.2,38.72
2025-02-07,0.0,27.89,57.9,1016.66,14.2,8.0,9.0,38.72,5.86,26.02,0.0,38.72,36.65,36.65,32.6
2025-02-08,11.96,28.1,65.72,1019.72,12.96,8.0,9.93,32.6,0.0,5.86,26.02,32.6,38.72,36.65,36.93
2025-02-09,35.89,23.35,66.29,1019.36,10.1,8.0,8.18,36.93,11.96,0.0,5.86,36.93,32.6,38.72,52.06
2025-02-10,0.0,22.59,58.55,1016.96,15.95,8.0,9.03,52.06,35.89,11.96,0.0,52.06,36.93,32.6,50.94
2025-02-11,0.0,24.39,69.92,1016.64,13.06,8.0,8.05,50.94,0.0,35.89,11.96,50.94,52.06,36.93,47.59
2025-02-12,10.66,24.51,40.51,1019.57,8.47,8.0,5.15,47.59,0.0,0.0,35.89,47.59,50.94,52.06,51.1
2025-02-13,0.0,27.95,52.48,1011.61,5.17,8.0,7.61,51.1,10.66,0.0,0.0,51.1,47.59,50.94,46.32
2025-02-14,0.0,24.43,54.79,1024.31,8.55,8.0,7.31,46.32,0.0,10.66,0.0,46.32,51.1,47.59,39.86
2025-02-15,12.42,23.72,55.64,1005.52,11.45,8.0,7.16,39.86,0.0,0.0,10.66,39.86,46.32,51.1,43.69
2025-02-16,0.0,,63.9,1022.97,12.09,8.0,8.75,43.69,12.42,0.0,0.0,43.69,39.86,46.32,41.21
2025-02-17,0.0,28.46,63.75,1015.39,14.76,8.0,9.81,41.21,0.0,12.42,0.0,41.21,43.69,39.86,41.92
2025-02-18,0.0,25.59,64.66,1020.55,6.17,8.0,6.61,41.92,0.0,0.0,12.42,41.92,41.21,43.69,40.18
2025-02-19,4.03,25.01,66.25,1017.29,8.46,8.0,7.72,40.18,0.0,0.0,0.0,40.18,41.92,41.21,39.34
2025-02-20,53.41,25.07,55.61,1017.12,5.88,8.0,7.28,39.34,4.03,0.0,0.0,39.34,40.18,41.92,54.76
2025-02-21,0.0,28.47,53.91,1018.09,5.31,8.0,8.57,54.76,53.41,4.03,0.0,54.76,39.34,40.18,63.68
2025-02-22,0.0,23.26,65.4,1019.28,7.8,8.0,7.75,63.68,0.0,53.41,4.03,63.68,54.76,39.34,62.47
2025-02-23,6.63,28.32,58.4,1013.52,11.28,8.0,9.09,62.47,0.0,0.0,53.41,62.47,63.68,54.76,57.7
2025-02-24,0.0,25.44,52.0,1020.26,12.7,8.0,8.15,57.7,6.63,0.0,0.0,57.7,62.47,63.68,46.8
2025-02-25,0.0,24.41,69.98,1009.58,6.68,8.0,7.67,46.8,0.0,6.63,0.0,46.8,57.7,62.47,39.61
2025-02-26,0.0,30.95,73.14,1014.9,7.17,8.0,8.81,39.61,0.0,0.0,6.63,39.61,46.8,57.7,31.04
2025-02-27,0.0,21.95,74.47,1019.03,3.77,8.0,8.46,31.04,0.0,0.0,0.0,31.04,39.61,46.8,29.11
2025-02-28,0.0,23.59,65.07,1019.74,10.75,8.0,7.45,29.11,0.0,0.0,0.0,29.11,31.04,39.61,28.78
2025-03-01,0.0,21.28,68.33,1016.99,7.44,8.0,6.82,28.78,0.0,0.0,0.0,28.78,29.11,31.04,24.37
2025-03-02,14.63,26.63,73.74,1012.64,15.82,8.0,8.34,24.37,0.0,0.0,0.0,24.37,28.78,29.11,27.94
2025-03-03,0.0,28.36,59.85,1019.01,11.43,8.0,8.18,27.94,14.63,0.0,0.0,27.94,24.37,28.78,26.94
2025-03-04,14.01,28.19,72.32,1011.09,9.4,8.0,9.26,26.94,0.0,14.63,0.0,26.94,27.94,24.37,37.21
2025-03-05,0.0,26.96,66.67,1023.12,7.76,8.0,7.13,37.21,14.01,0.0,14.63,37.21,26.94,27.94,27.22
2025-03-06,38.59,23.29,71.33,1013.85,4.77,8.0,7.23,27.22,0.0,14.01,0.0,27.22,37.21,26.94,38.04
2025-03-07,0.0,22.76,66.44,1006.49,5.21,8.0,7.75,38.04,38.59,0.0,14.01,38.04,27.22,37.21,40.17
2025-03-08,23.14,19.37,,1008.14,7.82,8.0,7.89,40.17,0.0,38.59,0.0,40.17,38.04,27.22,50.81
2025-03-09,23.76,28.52,67.11,1014.24,7.55,8.0,9.1,50.81,23.14,0.0,38.59,50.81,40.17,38.04,57.23
2025-03-10,55.79,24.49,55.35,1014.64,6.5,8.0,7.77,57.23,23.76,23.14,0.0,57.23,50.81,40.17,75.62
2025-03-11,11.61,21.97,76.11,1023.7,11.32,8.0,8.03,75.62,55.79,23.76,23.14,75.62,57.23,50.81,87.75
2025-03-12,0.0,26.4,59.52,1008.58,11.8,8.0,7.92,87.75,11.61,55.79,23.76,87.75,75.62,57.23,92.02
2025-03-13,0.0,20.53,75.13,1013.88,8.39,8.0,5.57,92.02,0.0,11.61,55.79,92.02,87.75,75.62,76.88
2025-03-14,0.0,23.86,65.93,1008.3,16.77,8.0,8.33,76.88,0.0,0.0,11.61,76.88,92.02,87.75,69.04
2025-03-15,0.0,22.29,75.0,1011.05,3.89,8.0,6.79,69.04,0.0,0.0,0.0,69.04,76.88,92.02,64.72
2025-03-16,34.44,24.2,74.91,1021.85,10.2,8.0,8.63,64.72,0.0,0.0,0.0,64.72,69.04,76.88,73.01
2025-03-17,21.08,22.32,70.19,1007.66,9.23,8.0,8.69,73.01,34.44,0.0,0.0,73.01,64.72,69.04,83.7
2025-03-18,0.0,18.73,70.94,1016.19,8.07,8.0,6.92,83.7,21.08,34.44,0.0,83.7,73.01,64.72,80.7
2025-03-19,0.0,22.43,70.55,1015.14,7.56,8.0,8.15,80.7,0.0,21.08,34.44,80.7,83.7,73.01,70.45
2025-03-20,0.0,24.74,53.7,1012.97,9.98,8.0,8.08,70.45,0.0,0.0,21.08,70.45,80.7,83.7,66.58
2025-03-21,0.0,21.93,68.83,1015.6,9.21,8.0,7.62,66.58,0.0,0.0,0.0,66.58,70.45,80.7,59.91
2025-03-22,14.28,23.82,60.39,1007.11,8.63,8.0,7.37,59.91,0.0,0.0,0.0,59.91,66.58,70.45,59.39
2025-03-23,0.93,19.15,69.61,1021.11,5.45,8.0,6.2,59.39,14.28,0.0,0.0,59.39,59.91,66.58,56.36
2025-03-24,0.0,21.57,60.62,1022.37,4.34,8.0,6.26,56.36,0.93,14.28,0.0,56.36,59.39,59.91,46.4
2025-03-25,0.0,19.96,60.53,1012.89,8.99,8.0,6.8,46.4,0.0,0.93,14.28,46.4,56.36,59.39,38.68
2025-03-26,57.66,23.27,80.27,1024.69,8.59,8.0,6.91,38.68,0.0,0.0,0.93,38.68,46.4,56.36,58.89
2025-03-27,0.0,21.36,76.72,1010.49,9.31,8.0,8.04,58.89,57.66,0.0,0.0,58.89,38.68,46.4,69.41
2025-03-28,0.0,22.88,69.41,1014.4,9.62,8.0,8.63,69.41,0.0,57.66,0.0,69.41,58.89,38.68,64.24
2025-03-29,0.0,23.76,70.94,1019.47,8.17,8.0,6.88,64.24,0.0,0.0,57.66,64.24,69.41,58.89,54.0
2025-03-30,0.0,22.65,68.12,1009.93,9.26,8.0,6.83,54.0,0.0,0.0,0.0,54.0,64.24,69.41,49.57
2025-03-31,64.21,21.48,74.04,1005.24,7.01,8.0,6.9,49.57,0.0,0.0,0.0,49.57,54.0,64.24,62.17
2025-04-01,0.0,18.19,65.52,1004.0,15.33,8.0,7.27,62.17,64.21,0.0,0.0,62.17,49.57,54.0,66.85
2025-04-02,0.0,20.56,77.42,1022.28,7.2,8.0,6.14,66.85,0.0,64.21,0.0,66.85,62.17,49.57,62.25
2025-04-03,0.0,19.11,68.89,1009.25,8.7,8.0,6.78,62.25,0.0,0.0,64.21,62.25,66.85,62.17,62.31
2025-04-04,38.48,19.47,67.92,1010.88,7.47,8.0,7.12,62.31,0.0,0.0,0.0,62.31,62.25,66.85,73.77
2025-04-05,0.0,19.28,71.21,1006.16,7.41,8.0,7.06,73.77,38.48,0.0,0.0,73.77,62.31,62.25,69.37
2025-04-06,15.21,17.65,67.12,1016.38,10.09,8.0,6.87,69.37,0.0,38.48,0.0,69.37,73.77,62.31,72.33
2025-04-07,16.09,15.09,73.76,1007.65,9.64,8.0,6.32,72.33,15.21,0.0,38.48,72.33,69.37,73.77,70.06
2025-04-08,0.0,18.2,67.9,1009.02,8.39,8.0,7.41,70.06,16.09,15.21,0.0,70.06,72.33,69.37,63.06
2025-04-09,0.0,20.24,75.13,1012.89,9.01,8.0,7.51,63.06,0.0,16.09,15.21,63.06,70.06,72.33,52.93
2025-04-10,0.0,16.27,80.56,1005.99,7.48,8.0,6.65,52.93,0.0,0.0,16.09,52.93,63.06,70.06,44.12
2025-04-11,0.0,19.57,67.21,1010.34,11.41,8.0,7.08,44.12,0.0,0.0,0.0,44.12,52.93,63.06,40.2
2025-04-12,0.0,24.16,71.52,1018.16,17.19,8.0,9.95,40.2,0.0,0.0,0.0,40.2,44.12,52.93,39.55
2025-04-13,0.0,21.86,75.85,1013.21,6.94,8.0,6.02,39.55,0.0,0.0,0.0,39.55,40.2,44.12,31.07
2025-04-14,0.0,23.3,69.76,1011.65,11.38,8.0,7.47,31.07,0.0,0.0,0.0,31.07,39.55,40.2,24.06
2025-04-15,0.0,20.06,76.25,1011.99,10.16,8.0,6.56,24.06,0.0,0.0,0.0,24.06,31.07,39.55,29.06
2025-04-16,0.0,21.89,77.08,1008.89,12.34,8.0,7.88,29.06,0.0,0.0,0.0,29.06,24.06,31.07,26.04
2025-04-17,0.0,17.05,80.96,1020.74,12.44,8.0,6.8,26.04,0.0,0.0,0.0,26.04,29.06,24.06,21.86
2025-04-18,0.0,17.15,69.32,1006.62,10.72,8.0,7.22,21.86,0.0,0.0,0.0,21.86,26.04,29.06,16.32
2025-04-19,0.0,11.8,67.14,1011.66,9.86,8.0,6.86,16.32,0.0,0.0,0.0,16.32,21.86,26.04,12.06
2025-04-20,0.0,21.51,71.77,1011.11,8.48,8.0,8.29,12.06,0.0,0.0,0.0,12.06,16.32,21.86,10.78
2025-04-21,0.0,22.29,67.33,1015.5,7.32,8.0,7.39,10.78,0.0,0.0,0.0,10.78,12.06,16.32,13.5
2025-04-22,0.0,16.96,78.23,1015.9,9.66,8.0,7.08,13.5,0.0,0.0,0.0,13.5,10.78,12.06,7.97
2025-04-23,0.0,17.6,66.32,1010.15,5.5,8.0,6.77,7.97,0.0,0.0,0.0,7.97,13.5,10.78,6.16
2025-04-24,0.0,16.25,90.96,1011.69,7.92,8.0,4.69,6.16,0.0,0.0,0.0,6.16,7.97,13.5,11.68
2025-04-25,13.69,18.99,83.87,1011.81,13.87,8.0,7.8,11.68,0.0,0.0,0.0,11.68,6.16,7.97,10.66
2025-04-26,58.46,20.75,75.05,998.74,10.34,8.0,6.57,10.66,13.69,0.0,0.0,10.66,11.68,6.16,41.1
2025-04-27,0.0,13.48,81.2,1002.08,13.12,8.0,6.53,41.1,58.46,13.69,0.0,41.1,10.66,11.68,56.85
2025-04-28,5.22,18.77,63.84,1006.93,15.14,8.0,7.92,56.85,0.0,58.46,13.69,56.85,41.1,10.66,59.38
2025-04-29,0.0,16.96,93.12,1007.08,9.38,8.0,7.57,59.38,5.22,0.0,58.46,59.38,56.85,41.1,57.9
2025-04-30,0.0,17.84,71.49,1003.83,10.73,8.0,5.8,57.9,0.0,5.22,0.0,57.9,59.38,56.85,44.87
2025-05-01,0.0,18.61,74.94,1013.51,8.94,8.0,7.21,44.87,0.0,0.0,5.22,44.87,57.9,59.38,38.55
2025-05-02,60.49,16.9,62.94,1009.7,7.16,8.0,6.7,38.55,0.0,0.0,0.0,38.55,44.87,57.9,63.1
2025-05-03,13.94,17.02,79.49,1008.56,6.66,8.0,6.82,63.1,60.49,0.0,0.0,63.1,38.55,44.87,68.44
2025-05-04,0.0,16.66,68.5,1003.29,12.95,8.0,9.22,68.44,13.94,60.49,0.0,68.44,63.1,38.55,74.85
2025-05-05,0.0,19.53,77.1,1009.28,10.73,8.0,8.62,74.85,0.0,13.94,60.49,74.85,68.44,63.1,76.37
2025-05-06,0.0,18.07,72.73,996.31,16.46,8.0,8.33,76.37,0.0,0.0,13.94,76.37,74.85,68.44,64.66
2025-05-07,0.0,17.49,69.13,1008.57,13.4,8.0,8.04,64.66,0.0,0.0,0.0,64.66,76.37,74.85,59.5
2025-05-08,0.0,13.68,71.19,1009.64,7.44,8.0,6.24,59.5,0.0,0.0,0.0,59.5,64.66,76.37,55.73
2025-05-09,0.0,15.83,78.54,1010.48,12.94,8.0,7.9,55.73,0.0,0.0,0.0,55.73,59.5,64.66,54.66
2025-05-10,0.0,18.94,68.12,1001.39,8.93,8.0,7.11,54.66,0.0,0.0,0.0,54.66,55.73,59.5,44.1
2025-05-11,0.0,16.71,71.99,1010.28,14.26,,7.96,44.1,0.0,0.0,0.0,44.1,54.66,55.73,36.52
2025-05-12,0.0,18.19,82.0,1003.89,8.3,8.0,6.3,36.52,0.0,0.0,0.0,36.52,44.1,54.66,34.4
2025-05-13,0.0,20.88,95.7,1004.98,6.32,8.0,6.95,34.4,0.0,0.0,0.0,34.4,36.52,44.1,30.59
2025-05-14,0.0,18.99,80.95,1012.58,7.21,8.0,7.86,30.59,0.0,0.0,0.0,30.59,34.4,36.52,33.3
2025-05-15,14.34,16.55,71.31,1019.01,7.39,8.0,7.03,33.3,0.0,0.0,0.0,33.3,30.59,34.4,34.25
2025-05-16,0.0,14.97,75.28,1009.15,7.06,8.0,6.42,34.25,14.34,0.0,0.0,34.25,33.3,30.59,31.53
2025-05-17,0.0,9.8,78.19,1004.76,8.0,8.0,3.57,31.53,0.0,14.34,0.0,31.53,34.25,33.3,30.76
2025-05-18,0.0,15.7,75.64,1009.74,13.0,8.0,7.61,30.76,0.0,0.0,14.34,30.76,31.53,34.25,28.28
2025-05-19,7.7,15.24,84.51,1013.45,16.29,8.0,7.63,28.28,0.0,0.0,0.0,28.28,30.76,31.53,27.69
2025-05-20,34.56,16.97,79.82,1011.81,5.34,8.0,5.41,27.69,7.7,0.0,0.0,27.69,28.28,30.76,37.2
2025-05-21,6.28,15.55,84.76,1022.38,14.42,8.0,7.4,37.2,34.56,7.7,0.0,37.2,27.69,28.28,43.71
2025-05-22,39.62,15.07,76.31,1005.05,8.33,8.0,6.48,43.71,6.28,34.56,7.7,43.71,37.2,27.69,62.13
2025-05-23,29.3,11.37,87.88,1009.84,11.22,8.0,6.5,62.13,39.62,6.28,34.56,62.13,43.71,37.2,72.68
2025-05-24,0.0,13.41,77.53,1016.29,4.21,8.0,6.31,72.68,29.3,39.62,6.28,72.68,62.13,43.71,70.6
2025-05-25,0.0,16.9,71.99,1015.93,11.83,8.0,7.1,70.6,0.0,29.3,39.62,70.6,72.68,62.13,66.94
2025-05-26,0.0,19.94,94.12,998.72,2.98,8.0,5.97,66.94,0.0,0.0,29.3,66.94,70.6,72.68,69.74
2025-05-27,0.0,15.36,66.19,1008.41,11.1,8.0,6.74,69.74,0.0,0.0,0.0,69.74,66.94,70.6,65.8
2025-05-28,7.02,16.37,73.88,1015.82,10.9,8.0,7.26,65.8,0.0,0.0,0.0,65.8,69.74,66.94,60.2
2025-05-29,0.0,17.89,74.74,1022.82,10.67,8.0,7.63,60.2,7.02,0.0,0.0,60.2,65.8,69.74,53.66
2025-05-30,0.0,13.44,96.76,1011.85,7.43,8.0,7.14,53.66,0.0,7.02,0.0,53.66,60.2,65.8,48.67
2025-05-31,0.0,16.34,91.92,1006.46,11.92,8.0,7.55,48.67,0.0,0.0,7.02,48.67,53.66,60.2,40.81
2025-06-01,59.83,13.53,89.8,1003.23,11.37,8.0,7.61,40.81,0.0,0.0,0.0,40.81,48.67,53.66,62.49
2025-06-02,0.0,17.51,77.09,1019.34,9.27,8.0,7.61,62.49,59.83,0.0,0.0,62.49,40.81,48.67,61.85
2025-06-03,32.36,15.69,96.45,1011.86,12.35,8.0,7.22,61.85,0.0,59.83,0.0,61.85,62.49,40.81,73.64
2025-06-04,0.0,16.02,82.11,1003.96,9.67,8.0,6.22,73.64,32.36,0.0,59.83,73.64,61.85,62.49,76.08
2025-06-05,0.0,13.28,86.43,1007.16,11.85,8.0,7.13,76.08,0.0,32.36,0.0,76.08,73.64,61.85,73.38
2025-06-06,7.1,16.98,80.9,1009.7,9.56,8.0,8.14,73.38,0.0,0.0,32.36,73.38,76.08,73.64,70.03
2025-06-07,0.48,20.39,79.34,1010.85,10.76,8.0,8.33,70.03,7.1,0.0,0.0,70.03,73.38,76.08,67.24
2025-06-08,0.0,12.64,77.97,1003.61,12.01,8.0,7.82,67.24,0.48,7.1,0.0,67.24,70.03,73.38,59.0
2025-06-09,0.0,14.28,78.31,1005.02,8.61,8.0,5.0,59.0,0.0,0.48,7.1,59.0,67.24,70.03,47.14
2025-06-10,0.0,15.69,84.07,999.81,5.68,8.0,4.59,47.14,0.0,0.0,0.48,47.14,59.0,67.24,42.24
2025-06-11,9.62,17.06,82.42,1013.26,10.97,8.0,6.72,42.24,0.0,0.0,0.0,42.24,47.14,59.0,42.89
2025-06-12,20.71,13.67,79.66,1006.34,14.16,8.0,7.61,42.89,9.62,0.0,0.0,42.89,42.24,47.14,54.48
2025-06-13,30.91,7.97,90.47,1010.37,11.05,8.0,5.78,54.48,20.71,9.62,0.0,54.48,42.89,42.24,63.83
2025-06-14,0.0,18.44,59.16,1015.14,11.11,8.0,7.24,63.83,30.91,20.71,9.62,63.83,54.48,42.89,63.98
2025-06-15,6.41,16.93,83.52,1009.12,9.85,8.0,5.74,63.98,0.0,30.91,20.71,63.98,63.83,54.48,66.87
2025-06-16,9.63,10.66,84.99,1007.45,12.59,8.0,6.15,66.87,6.41,0.0,30.91,66.87,63.98,63.83,67.33
2025-06-17,0.0,13.49,88.01,1008.98,9.35,8.0,5.74,67.33,9.63,6.41,0.0,67.33,66.87,63.98,56.85
2025-06-18,0.0,18.93,79.54,1008.32,8.41,8.0,6.26,56.85,0.0,9.63,6.41,56.85,67.33,66.87,55.28
2025-06-19,0.0,18.62,81.45,1014.23,13.87,8.0,7.13,55.28,0.0,0.0,9.63,55.28,56.85,67.33,54.79
2025-06-20,0.0,17.35,86.9,1009.55,8.14,8.0,5.82,54.79,0.0,0.0,0.0,54.79,55.28,56.85,46.47
2025-06-21,0.0,14.56,90.44,1005.28,13.11,8.0,5.2,46.47,0.0,0.0,0.0,46.47,54.79,55.28,44.98
2025-06-22,55.68,15.21,77.89,1013.24,13.87,8.0,8.49,44.98,0.0,0.0,0.0,44.98,46.47,54.79,65.36
2025-06-23,0.0,14.68,81.86,1014.16,11.98,8.0,6.91,65.36,55.68,0.0,0.0,65.36,44.98,46.47,65.73
2025-06-24,0.0,17.83,91.73,1001.32,5.63,8.0,5.8,65.73,0.0,55.68,0.0,65.73,65.36,44.98,60.04
2025-06-25,0.0,12.83,65.09,1015.68,10.1,8.0,6.49,60.04,0.0,0.0,55.68,60.04,65.73,65.36,54.31
2025-06-26,0.0,13.02,75.11,1009.85,9.29,8.0,6.72,54.31,0.0,0.0,0.0,54.31,60.04,65.73,51.73
2025-06-27,0.0,17.57,90.18,1009.45,8.26,8.0,6.81,51.73,0.0,0.0,0.0,51.73,54.31,60.04,44.34
2025-06-28,0.0,14.95,87.54,1013.08,10.5,8.0,6.19,44.34,0.0,0.0,0.0,44.34,51.73,54.31,34.94
2025-06-29,0.0,18.52,83.52,1005.22,12.69,8.0,8.32,34.94,0.0,0.0,0.0,34.94,44.34,51.73,23.22
2025-06-30,0.0,13.42,76.69,1012.84,8.4,8.0,5.88,23.22,0.0,0.0,0.0,23.22,34.94,44.34,20.92
2025-07-01,0.0,14.98,73.63,1006.2,9.4,8.0,6.5,20.92,0.0,0.0,0.0,20.92,23.22,34.94,15.82
2025-07-02,2.78,12.83,75.62,1000.73,9.16,8.0,7.79,15.82,0.0,0.0,0.0,15.82,20.92,23.22,12.23
2025-07-03,0.0,15.18,90.55,1003.13,14.07,8.0,8.98,12.23,2.78,0.0,0.0,12.23,15.82,20.92,17.31
2025-07-04,0.0,11.5,75.27,1010.97,9.1,8.0,7.17,17.31,0.0,2.78,0.0,17.31,12.23,15.82,18.29
2025-07-05,13.6,14.0,,1003.43,5.68,8.0,5.46,18.29,0.0,0.0,2.78,18.29,17.31,12.23,24.24
2025-07-06,35.76,11.66,74.29,1016.23,4.49,8.0,5.25,24.24,13.6,0.0,0.0,24.24,18.29,17.31,38.9
2025-07-07,0.0,17.02,85.41,1014.15,11.27,8.0,6.51,38.9,35.76,13.6,0.0,38.9,24.24,18.29,44.9
2025-07-08,49.95,17.11,75.68,1014.9,7.34,,6.41,44.9,0.0,35.76,13.6,44.9,38.9,24.24,65.88
2025-07-09,0.0,11.03,78.7,1008.88,12.34,8.0,7.1,65.88,49.95,0.0,35.76,65.88,44.9,38.9,66.78
2025-07-10,6.65,18.73,67.53,1009.57,5.34,8.0,5.02,66.78,0.0,49.95,0.0,66.78,65.88,44.9,67.49
2025-07-11,0.0,21.68,67.95,1002.34,8.11,8.0,6.43,67.49,6.65,0.0,49.95,67.49,66.78,65.88,65.03
2025-07-12,0.0,15.6,79.23,1013.32,5.34,8.0,6.21,65.03,0.0,6.65,0.0,65.03,67.49,66.78,59.28
2025-07-13,0.0,13.92,69.82,1010.28,11.52,8.0,6.83,59.28,0.0,0.0,6.65,59.28,65.03,67.49,60.59
2025-07-14,0.0,22.63,93.75,1011.25,12.27,8.0,7.5,60.59,0.0,0.0,0.0,60.59,59.28,65.03,57.85
2025-07-15,21.86,12.32,64.5,1016.89,11.19,8.0,5.59,57.85,0.0,0.0,0.0,57.85,60.59,59.28,59.87
2025-07-16,22.11,15.72,73.25,1005.45,6.2,8.0,5.82,59.87,21.86,0.0,0.0,59.87,57.85,60.59,67.12
2025-07-17,0.0,16.17,78.87,1007.89,7.39,8.0,6.11,67.12,22.11,21.86,0.0,67.12,59.87,57.85,66.19
2025-07-18,25.61,19.14,76.11,1010.19,10.82,8.0,6.28,66.19,0.0,22.11,21.86,66.19,67.12,59.87,76.63
2025-07-19,0.0,16.73,70.84,1003.92,4.09,8.0,5.43,76.63,25.61,0.0,22.11,76.63,66.19,67.12,68.5
2025-07-20,0.0,14.65,71.76,1007.7,9.16,8.0,6.47,68.5,0.0,25.61,0.0,68.5,76.63,66.19,62.94
2025-07-21,26.95,13.57,71.43,1011.15,15.31,8.0,7.81,62.94,0.0,0.0,25.61,62.94,68.5,76.63,69.21
2025-07-22,5.41,15.16,76.25,1007.1,9.37,8.0,7.42,69.21,26.95,0.0,0.0,69.21,62.94,68.5,70.5
2025-07-23,8.43,13.56,91.82,1015.31,4.79,8.0,4.91,70.5,5.41,26.95,0.0,70.5,69.21,62.94,75.17
2025-07-24,0.0,16.26,78.59,1001.26,7.87,8.0,6.3,75.17,8.43,5.41,26.95,75.17,70.5,69.21,67.1
2025-07-25,46.55,14.8,86.21,1014.48,7.79,8.0,6.17,67.1,0.0,8.43,5.41,67.1,75.17,70.5,74.18
2025-07-26,8.35,12.54,81.36,1012.22,17.49,8.0,7.44,74.18,46.55,0.0,8.43,74.18,67.1,75.17,79.91
2025-07-27,6.46,19.49,85.49,1006.12,15.83,8.0,7.88,79.91,8.35,46.55,0.0,79.91,74.18,67.1,81.06
2025-07-28,0.0,15.18,57.97,1004.39,12.56,8.0,6.33,81.06,6.46,8.35,46.55,81.06,79.91,74.18,75.28
2025-07-29,0.0,13.32,75.31,998.67,8.8,8.0,6.79,75.28,0.0,6.46,8.35,75.28,81.06,79.91,65.73
2025-07-30,0.0,16.15,86.46,1005.14,14.2,8.0,7.22,65.73,0.0,0.0,6.46,65.73,75.28,81.06,60.07
2025-07-31,6.88,16.82,73.18,1014.41,6.03,8.0,6.42,60.07,0.0,0.0,0.0,60.07,65.73,75.28,54.96
2025-08-01,10.35,12.36,89.38,1008.95,13.77,8.0,7.04,54.96,6.88,0.0,0.0,54.96,60.07,65.73,56.51
2025-08-02,60.81,17.63,87.29,1015.1,13.25,8.0,7.01,56.51,10.35,6.88,0.0,56.51,54.96,60.07,77.73
2025-08-03,0.0,14.27,73.48,1006.25,9.47,8.0,7.23,77.73,60.81,10.35,6.88,77.73,56.51,54.96,87.39
2025-08-04,26.23,21.25,73.1,1012.94,13.99,8.0,7.71,87.39,0.0,60.81,10.35,87.39,77.73,56.51,89.05
2025-08-05,0.0,18.36,69.39,1005.88,8.43,8.0,7.07,89.05,26.23,0.0,60.81,89.05,87.39,77.73,77.44
2025-08-06,0.0,16.14,71.93,1004.7,5.57,8.0,6.33,77.44,0.0,26.23,0.0,77.44,89.05,87.39,73.62
2025-08-07,0.0,15.36,67.56,1009.05,13.42,8.0,7.57,73.62,0.0,0.0,26.23,73.62,77.44,89.05,59.66
2025-08-08,12.04,17.05,79.03,1006.33,9.7,8.0,7.8,59.66,0.0,0.0,0.0,59.66,73.62,77.44,58.16
2025-08-09,0.0,18.94,65.68,1002.0,12.11,8.0,6.99,58.16,12.04,0.0,0.0,58.16,59.66,73.62,51.91
2025-08-10,0.0,17.43,79.95,1008.87,16.37,8.0,7.97,51.91,0.0,12.04,0.0,51.91,58.16,59.66,51.85
2025-08-11,0.0,17.05,79.96,1010.38,7.47,8.0,6.56,51.85,0.0,0.0,12.04,51.85,51.91,58.16,45.84
2025-08-12,0.0,17.83,63.77,1016.26,9.5,8.0,6.83,45.84,0.0,0.0,0.0,45.84,51.85,51.91,38.53
2025-08-13,0.0,16.27,86.08,1014.67,15.49,8.0,8.07,38.53,0.0,0.0,0.0,38.53,45.84,51.85,39.81
2025-08-14,0.0,17.02,78.67,1016.15,12.34,8.0,6.4,39.81,0.0,0.0,0.0,39.81,38.53,45.84,37.29
2025-08-15,36.6,12.76,80.15,1013.73,7.55,8.0,7.25,37.29,0.0,0.0,0.0,37.29,39.81,38.53,44.27
2025-08-16,22.06,20.51,69.42,1011.86,6.66,8.0,8.06,44.27,36.6,0.0,0.0,44.27,37.29,39.81,48.84
2025-08-17,0.0,18.92,78.92,1004.12,8.15,8.0,6.4,48.84,22.06,36.6,0.0,48.84,44.27,37.29,56.42
2025-08-18,0.0,16.34,82.27,1011.09,7.42,8.0,6.42,56.42,0.0,22.06,36.6,56.42,48.84,44.27,53.47
2025-08-19,0.0,23.12,73.52,1013.4,10.83,8.0,6.37,53.47,0.0,0.0,22.06,53.47,56.42,48.84,50.08
2025-08-20,0.0,18.7,88.05,1017.77,10.27,8.0,6.63,50.08,0.0,0.0,0.0,50.08,53.47,56.42,48.18
2025-08-21,0.0,15.99,74.16,1013.99,10.98,8.0,8.88,48.18,0.0,0.0,0.0,48.18,50.08,53.47,44.5
2025-08-22,43.39,20.83,81.66,1016.84,7.06,8.0,7.42,44.5,0.0,0.0,0.0,44.5,48.18,50.08,58.47
2025-08-23,0.0,19.79,75.54,1005.55,9.75,8.0,7.81,58.47,43.39,0.0,0.0,58.47,44.5,48.18,59.74
2025-08-24,0.0,19.89,77.4,1009.16,2.81,8.0,5.83,59.74,0.0,43.39,0.0,59.74,58.47,44.5,59.3
2025-08-25,0.0,17.95,61.42,1013.01,10.51,8.0,7.16,59.3,0.0,0.0,43.39,59.3,59.74,58.47,51.04
2025-08-26,13.83,20.25,75.53,1016.75,14.11,8.0,7.92,51.04,0.0,0.0,0.0,51.04,59.3,59.74,55.41
2025-08-27,0.0,18.58,67.6,1010.3,5.01,8.0,5.34,55.41,13.83,0.0,0.0,55.41,51.04,59.3,54.0
2025-08-28,0.0,20.73,66.63,1010.69,11.69,8.0,7.8,54.0,0.0,13.83,0.0,54.0,55.41,51.04,54.38
2025-08-29,22.96,14.69,84.57,1014.62,7.86,8.0,6.97,54.38,0.0,0.0,13.83,54.38,54.0,55.41,58.68
2025-08-30,0.0,18.48,70.67,1005.63,12.81,8.0,9.01,58.68,22.96,0.0,0.0,58.68,54.38,54.0,56.52
2025-08-31,0.0,23.99,64.95,1019.38,10.56,8.0,8.09,56.52,0.0,22.96,0.0,56.52,58.68,54.38,52.2
2025-09-01,0.0,17.88,69.27,1007.03,11.42,8.0,7.22,52.2,0.0,0.0,22.96,52.2,56.52,58.68,51.93
2025-09-02,0.0,18.4,62.48,1001.91,10.23,8.0,7.14,51.93,0.0,0.0,0.0,51.93,52.2,56.52,41.57
2025-09-03,46.1,18.91,81.42,1011.64,14.65,8.0,8.16,41.57,0.0,0.0,0.0,41.57,51.93,52.2,49.49
2025-09-04,9.81,17.1,66.32,1020.16,11.22,8.0,7.85,49.49,46.1,0.0,0.0,49.49,41.57,51.93,56.22
2025-09-05,0.0,14.74,74.69,1014.69,7.53,8.0,7.23,56.22,9.81,46.1,0.0,56.22,49.49,41.57,56.61
2025-09-06,77.35,19.8,80.28,1015.59,10.35,8.0,5.63,56.61,0.0,9.81,46.1,56.61,56.22,49.49,87.37
2025-09-07,0.0,20.83,67.08,1012.13,8.71,8.0,8.11,87.37,77.35,0.0,9.81,87.37,56.61,56.22,97.24
2025-09-08,0.0,20.48,74.11,1011.24,10.57,8.0,6.51,97.24,0.0,77.35,0.0,97.24,87.37,56.61,94.43
2025-09-09,0.0,20.37,62.97,1004.37,8.53,8.0,6.42,94.43,0.0,0.0,77.35,94.43,97.24,87.37,81.67
2025-09-10,0.0,20.95,87.1,1000.88,7.63,8.0,6.85,81.67,0.0,0.0,0.0,81.67,94.43,97.24,63.48
2025-09-11,37.2,23.52,76.33,1013.24,10.7,8.0,8.21,63.48,0.0,0.0,0.0,63.48,81.67,94.43,79.79
2025-09-12,0.0,20.61,68.22,1018.91,10.2,8.0,6.4,79.79,37.2,0.0,0.0,79.79,63.48,81.67,79.87
2025-09-13,0.0,19.77,63.95,1014.15,13.72,8.0,7.44,79.87,0.0,37.2,0.0,79.87,79.79,63.48,79.43
2025-09-14,0.0,20.62,68.36,1015.63,8.55,8.0,7.44,79.43,0.0,0.0,37.2,79.43,79.87,79.79,73.78
2025-09-15,0.0,22.89,66.57,1020.52,3.07,8.0,7.03,73.78,0.0,0.0,0.0,73.78,79.43,79.87,58.68
2025-09-16,16.85,25.09,82.42,1014.33,8.73,8.0,8.02,58.68,0.0,0.0,0.0,58.68,73.78,79.43,57.0
2025-09-17,3.55,20.11,59.96,1012.16,4.31,8.0,7.31,57.0,16.85,0.0,0.0,57.0,58.68,73.78,55.04
2025-09-18,0.0,22.05,69.28,1008.77,11.45,8.0,8.71,55.04,3.55,16.85,0.0,55.04,57.0,58.68,50.6
2025-09-19,0.0,22.77,68.0,1023.06,4.14,8.0,6.87,50.6,0.0,3.55,16.85,50.6,55.04,57.0,47.92
2025-09-20,4.84,19.56,67.1,1015.66,6.54,8.0,6.74,47.92,0.0,0.0,3.55,47.92,50.6,55.04,39.52
2025-09-21,0.0,22.22,66.96,1008.4,8.73,8.0,6.78,39.52,4.84,0.0,0.0,39.52,47.92,50.6,34.29
2025-09-22,0.0,18.62,66.7,1007.35,15.4,8.0,7.56,34.29,0.0,4.84,0.0,34.29,39.52,47.92,30.76
2025-09-23,0.0,17.98,73.42,1019.56,6.24,8.0,5.46,30.76,0.0,0.0,4.84,30.76,34.29,39.52,23.78
2025-09-24,17.1,23.44,71.36,1008.19,10.04,8.0,8.84,23.78,0.0,0.0,0.0,23.78,30.76,34.29,31.44
2025-09-25,0.0,21.69,69.82,1022.73,12.03,8.0,7.79,31.44,17.1,0.0,0.0,31.44,23.78,30.76,32.11
2025-09-26,1.51,23.27,45.45,999.76,15.19,8.0,9.21,32.11,0.0,17.1,0.0,32.11,31.44,23.78,35.21
2025-09-27,0.0,22.84,68.58,1020.75,12.72,8.0,10.22,35.21,1.51,0.0,17.1,35.21,32.11,31.44,38.4
2025-09-28,10.94,20.56,54.69,1016.15,13.83,8.0,9.84,38.4,0.0,1.51,0.0,38.4,35.21,32.11,37.95
2025-09-29,0.0,23.01,70.6,1014.4,13.03,8.0,9.02,37.95,10.94,0.0,1.51,37.95,38.4,35.21,38.57
2025-09-30,0.0,20.16,76.19,1013.01,5.77,8.0,6.4,38.57,0.0,10.94,0.0,38.57,37.95,38.4,28.61
2025-10-01,0.0,26.84,59.18,1023.43,11.26,8.0,8.99,28.61,0.0,0.0,10.94,28.61,38.57,37.95,19.88
2025-10-02,0.0,20.09,63.63,1017.59,12.97,8.0,7.83,19.88,0.0,0.0,0.0,19.88,28.61,38.57,18.62
2025-10-03,3.13,23.11,61.07,1009.62,6.65,8.0,6.48,18.62,0.0,0.0,0.0,18.62,19.88,28.61,16.61
2025-10-04,0.0,21.11,73.71,1005.63,7.97,8.0,6.42,16.61,3.13,0.0,0.0,16.61,18.62,19.88,20.89
2025-10-05,0.0,25.26,65.53,1015.19,7.19,8.0,8.21,20.89,0.0,3.13,0.0,20.89,16.61,18.62,20.91
2025-10-06,13.68,23.12,76.76,1014.38,12.7,8.0,8.65,20.91,0.0,0.0,3.13,20.91,20.89,16.61,19.13
2025-10-07,0.0,22.76,67.36,1006.87,9.76,8.0,8.61,19.13,13.68,0.0,0.0,19.13,20.91,20.89,20.65
2025-10-08,0.0,26.31,65.97,1014.28,8.88,8.0,7.71,20.65,0.0,13.68,0.0,20.65,19.13,20.91,18.1
2025-10-09,0.0,24.36,64.55,1011.77,5.51,8.0,6.83,18.1,0.0,0.0,13.68,18.1,20.65,19.13,20.61
2025-10-10,0.0,25.7,69.61,1014.76,9.76,8.0,7.07,20.61,0.0,0.0,0.0,20.61,18.1,20.65,17.35
2025-10-11,4.9,22.06,51.52,1018.43,8.01,8.0,6.05,17.35,0.0,0.0,0.0,17.35,20.61,18.1,16.2
2025-10-12,0.0,21.12,64.09,1022.34,10.85,8.0,6.95,16.2,4.9,0.0,0.0,16.2,17.35,20.61,11.76
2025-10-13,0.0,25.01,62.81,1019.5,6.0,8.0,6.82,11.76,0.0,4.9,0.0,11.76,16.2,17.35,6.92
2025-10-14,18.04,24.05,68.19,1011.43,10.62,8.0,6.99,6.92,0.0,0.0,4.9,6.92,11.76,16.2,10.9
2025-10-15,0.0,26.53,61.61,1016.96,8.46,8.0,7.47,10.9,18.04,0.0,0.0,10.9,6.92,11.76,16.45
2025-10-16,0.0,24.87,55.47,1015.51,5.63,8.0,8.82,16.45,0.0,18.04,0.0,16.45,10.9,6.92,22.6
2025-10-17,6.89,25.69,62.61,1008.61,5.35,8.0,6.77,22.6,0.0,0.0,18.04,22.6,16.45,10.9,28.4
2025-10-18,0.0,21.22,54.79,1017.34,5.88,8.0,5.46,28.4,6.89,0.0,0.0,28.4,22.6,16.45,28.03
2025-10-19,0.0,30.11,48.71,1024.7,9.28,8.0,8.58,28.03,0.0,6.89,0.0,28.03,28.4,22.6,22.25
2025-10-20,0.0,25.08,67.1,1015.66,10.42,8.0,8.5,22.25,0.0,0.0,6.89,22.25,28.03,28.4,15.27
2025-10-21,0.0,27.34,65.89,1007.6,10.94,8.0,7.61,15.27,0.0,0.0,0.0,15.27,22.25,28.03,14.03
2025-10-22,0.0,23.61,64.93,1015.79,11.08,8.0,8.54,14.03,0.0,0.0,0.0,14.03,15.27,22.25,8.84
2025-10-23,0.0,26.57,70.6,1009.65,7.35,8.0,9.12,8.84,0.0,0.0,0.0,8.84,14.03,15.27,14.71
2025-10-24,0.0,22.65,56.66,1020.11,13.7,8.0,8.08,14.71,0.0,0.0,0.0,14.71,8.84,14.03,15.64
2025-10-25,0.0,27.13,51.12,1018.48,8.45,8.0,8.59,15.64,0.0,0.0,0.0,15.64,14.71,8.84,13.58
2025-10-26,0.0,25.21,60.48,1015.07,11.58,8.0,8.95,13.58,0.0,0.0,0.0,13.58,15.64,14.71,12.78
2025-10-27,0.0,26.27,58.37,1014.34,9.43,8.0,8.34,12.78,0.0,0.0,0.0,12.78,13.58,15.64,11.13
2025-10-28,0.0,28.04,54.75,1015.0,11.31,8.0,9.23,11.13,0.0,0.0,0.0,11.13,12.78,13.58,13.32
2025-10-29,0.0,23.31,59.92,1016.18,9.25,8.0,8.08,13.32,0.0,0.0,0.0,13.32,11.13,12.78,12.9
2025-10-30,0.0,24.77,56.04,1012.34,11.38,8.0,7.39,12.9,0.0,0.0,0.0,12.9,13.32,11.13,9.11
2025-10-31,0.0,27.72,47.31,1009.33,9.97,8.0,6.52,9.11,0.0,0.0,0.0,9.11,12.9,13.32,8.96
2025-11-01,0.0,31.91,56.92,1022.02,12.85,8.0,9.3,8.96,0.0,0.0,0.0,8.96,9.11,12.9,6.4
2025-11-02,0.0,26.41,51.9,1014.47,7.13,8.0,7.53,6.4,0.0,0.0,0.0,6.4,8.96,9.11,5.0
2025-11-03,0.0,28.32,61.33,1017.29,3.81,8.0,6.08,5.0,0.0,0.0,0.0,5.0,6.4,8.96,5.0
2025-11-04,0.0,26.66,54.96,1017.94,6.59,8.0,7.47,5.0,0.0,0.0,0.0,5.0,5.0,6.4,5.0
2025-11-05,0.0,31.87,67.19,1018.19,13.74,8.0,9.12,5.0,0.0,0.0,0.0,5.0,5.0,5.0,5.0
2025-11-06,0.0,22.73,70.49,1010.77,9.46,8.0,7.81,5.0,0.0,0.0,0.0,5.0,5.0,5.0,6.34
2025-11-07,0.0,27.41,63.88,1008.32,10.32,8.0,9.14,6.34,0.0,0.0,0.0,6.34,5.0,5.0,7.71
2025-11-08,0.0,23.19,48.13,1013.81,6.31,8.0,6.61,7.71,0.0,0.0,0.0,7.71,6.34,5.0,5.0
2025-11-09,0.0,21.07,69.39,1018.79,10.23,8.0,5.85,5.0,0.0,0.0,0.0,5.0,7.71,6.34,5.0
2025-11-10,0.0,28.16,69.75,1013.23,6.42,8.0,7.39,5.0,0.0,0.0,0.0,5.0,5.0,7.71,9.16
2025-11-11,37.94,27.84,58.72,1015.15,6.93,8.0,8.46,9.16,0.0,0.0,0.0,9.16,5.0,5.0,31.26
2025-11-12,0.0,26.85,67.73,1027.61,8.59,8.0,8.97,31.26,37.94,0.0,0.0,31.26,9.16,5.0,34.61
2025-11-13,0.0,27.37,54.48,1007.8,11.56,8.0,7.99,34.61,0.0,37.94,0.0,34.61,31.26,9.16,38.73
2025-11-14,16.39,35.45,45.16,1013.3,11.93,8.0,9.93,38.73,0.0,0.0,37.94,38.73,34.61,31.26,39.38
2025-11-15,0.0,27.13,52.78,1026.61,12.03,8.0,7.64,39.38,16.39,0.0,0.0,39.38,38.73,34.61,38.44
2025-11-16,0.0,29.12,70.09,1016.95,4.44,8.0,7.52,38.44,0.0,16.39,0.0,38.44,39.38,38.73,33.97
2025-11-17,0.0,26.28,47.44,1013.69,9.98,8.0,5.87,33.97,0.0,0.0,16.39,33.97,38.44,39.38,32.41
2025-11-18,0.0,28.71,57.76,1023.11,9.31,8.0,8.0,32.41,0.0,0.0,0.0,32.41,33.97,38.44,29.27
2025-11-19,0.0,27.44,57.9,1017.58,4.64,8.0,7.68,29.27,0.0,0.0,0.0,29.27,32.41,33.97,30.44
2025-11-20,0.0,27.07,53.97,1015.61,10.06,8.0,7.85,30.44,0.0,0.0,0.0,30.44,29.27,32.41,25.44
2025-11-21,0.0,32.7,54.35,1018.36,9.12,8.0,7.57,25.44,0.0,0.0,0.0,25.44,30.44,29.27,23.22
2025-11-22,0.0,31.15,57.87,1014.14,11.79,8.0,8.97,23.22,0.0,0.0,0.0,23.22,25.44,30.44,22.63
2025-11-23,0.0,28.6,53.33,1012.39,10.28,8.0,9.87,22.63,0.0,0.0,0.0,22.63,23.22,25.44,21.18
2025-11-24,0.0,22.55,47.22,1016.94,8.08,8.0,6.79,21.18,0.0,0.0,0.0,21.18,22.63,23.22,19.86
2025-11-25,4.06,27.46,58.59,1012.49,13.24,8.0,8.14,19.86,0.0,0.0,0.0,19.86,21.18,22.63,24.05
2025-11-26,0.0,35.17,64.52,1017.64,2.23,8.0,7.69,24.05,4.06,0.0,0.0,24.05,19.86,21.18,17.35
2025-11-27,0.0,27.89,63.01,1019.39,9.78,8.0,9.55,17.35,0.0,4.06,0.0,17.35,24.05,19.86,17.55
2025-11-28,16.05,31.27,51.18,1021.91,3.83,8.0,6.69,17.55,0.0,0.0,4.06,17.55,17.35,24.05,19.09
2025-11-29,0.0,32.16,48.01,1023.32,6.81,8.0,7.7,19.09,16.05,0.0,0.0,19.09,17.55,17.35,16.28
2025-11-30,0.0,29.14,54.71,1015.68,11.84,8.0,9.25,16.28,0.0,16.05,0.0,16.28,19.09,17.55,14.54
2025-12-01,0.0,26.53,67.61,1020.23,5.54,8.0,6.42,14.54,0.0,0.0,16.05,14.54,16.28,19.09,13.92
2025-12-02,0.0,22.58,61.09,1020.23,5.02,8.0,6.25,13.92,0.0,0.0,0.0,13.92,14.54,16.28,13.93
2025-12-03,0.0,30.42,61.43,1019.43,18.34,8.0,11.21,13.93,0.0,0.0,0.0,13.93,13.92,14.54,10.91
2025-12-04,0.0,26.7,62.68,1015.42,5.24,8.0,8.81,10.91,0.0,0.0,0.0,10.91,13.93,13.92,12.3
2025-12-05,0.0,29.21,59.34,1012.7,15.78,8.0,9.76,12.3,0.0,0.0,0.0,12.3,10.91,13.93,13.54
2025-12-06,0.0,25.68,57.19,1020.37,9.4,8.0,8.21,13.54,0.0,0.0,0.0,13.54,12.3,10.91,18.26
2025-12-07,0.0,28.16,60.93,1009.34,8.16,8.0,7.55,18.26,0.0,0.0,0.0,18.26,13.54,12.3,14.33
2025-12-08,0.0,28.94,52.43,1016.56,11.98,8.0,8.72,14.33,0.0,0.0,0.0,14.33,18.26,13.54,9.61
2025-12-09,6.86,29.55,46.31,1005.14,14.68,8.0,8.61,9.61,0.0,0.0,0.0,9.61,14.33,18.26,11.28
2025-12-10,0.0,26.11,61.24,1011.25,5.99,8.0,8.68,11.28,6.86,0.0,0.0,11.28,9.61,14.33,6.34
2025-12-11,0.0,31.91,64.81,1013.56,8.21,8.0,8.54,6.34,0.0,6.86,0.0,6.34,11.28,9.61,13.48
2025-12-12,0.0,27.44,48.28,1023.44,12.96,8.0,8.6,13.48,0.0,0.0,6.86,13.48,6.34,11.28,10.5
2025-12-13,0.0,24.76,61.84,1021.4,11.01,8.0,8.11,10.5,0.0,0.0,0.0,10.5,13.48,6.34,6.46
2025-12-14,0.0,28.69,67.83,1015.2,13.86,8.0,8.39,6.46,0.0,0.0,0.0,6.46,10.5,13.48,5.58
2025-12-15,60.1,29.06,56.03,1021.63,11.8,8.0,9.1,5.58,0.0,0.0,0.0,5.58,6.46,10.5,30.09
2025-12-16,0.0,29.39,50.3,1022.43,16.33,8.0,9.25,30.09,60.1,0.0,0.0,30.09,5.58,6.46,38.9
2025-12-17,0.0,32.4,56.88,1017.19,10.63,8.0,11.2,38.9,0.0,60.1,0.0,38.9,30.09,5.58,42.32
2025-12-18,49.83,28.4,52.15,1011.08,10.78,8.0,8.13,42.32,0.0,0.0,60.1,42.32,38.9,30.09,54.45
2025-12-19,52.87,28.7,51.68,1016.96,11.13,8.0,9.24,54.45,49.83,0.0,0.0,54.45,42.32,38.9,80.96
2025-12-20,0.0,26.24,59.03,1017.51,9.5,8.0,9.49,80.96,52.87,49.83,0.0,80.96,54.45,42.32,86.69
2025-12-21,0.0,31.05,44.78,1011.84,12.97,8.0,6.91,86.69,0.0,52.87,49.83,86.69,80.96,54.45,80.49
2025-12-22,0.0,29.46,45.9,1019.83,10.83,8.0,8.29,80.49,0.0,0.0,52.87,80.49,86.69,80.96,73.6
2025-12-23,14.68,27.94,56.15,1019.39,12.76,8.0,9.93,73.6,0.0,0.0,0.0,73.6,80.49,86.69,65.06
2025-12-24,0.0,24.22,55.87,1020.21,13.31,8.0,6.58,65.06,14.68,0.0,0.0,65.06,73.6,80.49,62.73
2025-12-25,0.0,32.58,58.45,1019.38,11.5,8.0,9.97,62.73,0.0,14.68,0.0,62.73,65.06,73.6,62.47
2025-12-26,0.0,25.89,69.19,1021.62,11.76,8.0,8.53,62.47,0.0,0.0,14.68,62.47,62.73,65.06,56.26
2025-12-27,0.0,27.47,56.82,1017.07,6.46,8.0,8.94,56.26,0.0,0.0,0.0,56.26,62.47,62.73,56.31
2025-12-28,0.0,29.83,60.3,1018.96,8.07,8.0,7.95,56.31,0.0,0.0,0.0,56.31,56.26,62.47,51.65
2025-12-29,0.0,25.92,49.32,1015.95,12.95,8.0,8.76,51.65,0.0,0.0,0.0,51.65,56.31,56.26,44.39
2025-12-30,0.0,25.16,61.55,1015.0,14.98,8.0,7.77,44.39,0.0,0.0,0.0,44.39,51.65,56.31,36.29
2025-12-31,0.0,23.56,52.53,1024.6,3.21,8.0,6.63,36.29,0.0,0.0,0.0,36.29,44.39,51.65,31.51
2026-01-01,0.0,30.65,56.77,1007.67,8.01,8.0,7.67,31.51,0.0,0.0,0.0,31.51,36.29,44.39,27.65
2026-01-02,0.0,27.45,55.55,1022.25,10.08,8.0,7.79,27.65,0.0,0.0,0.0,27.65,31.51,36.29,23.09
2026-01-03,0.0,36.11,63.59,1014.75,6.92,8.0,8.81,23.09,0.0,0.0,0.0,23.09,27.65,31.51,21.86
2026-01-04,0.0,26.27,47.24,1014.08,7.12,8.0,7.1,21.86,0.0,0.0,0.0,21.86,23.09,27.65,14.48
2026-01-05,0.0,26.42,40.49,1019.11,11.66,8.0,6.67,14.48,0.0,0.0,0.0,14.48,21.86,23.09,8.76
2026-01-06,0.0,27.28,55.03,1010.33,15.53,8.0,9.25,8.76,0.0,0.0,0.0,8.76,14.48,21.86,8.24
2026-01-07,0.0,29.26,59.87,1013.67,2.89,8.0,7.53,8.24,0.0,0.0,0.0,8.24,8.76,14.48,5.0
2026-01-08,0.0,27.44,57.72,1013.48,9.4,8.0,8.73,5.0,0.0,0.0,0.0,5.0,8.24,8.76,5.0
2026-01-09,0.0,30.11,65.35,1016.59,11.62,8.0,8.72,5.0,0.0,0.0,0.0,5.0,5.0,8.24,5.0
2026-01-10,0.0,26.09,59.86,1013.65,12.73,8.0,7.61,5.0,0.0,0.0,0.0,5.0,5.0,5.0,5.0
2026-01-11,0.0,25.04,52.93,1025.64,11.12,8.0,9.38,5.0,0.0,0.0,0.0,5.0,5.0,5.0,5.0
2026-01-12,0.0,23.95,40.67,1026.59,16.16,8.0,8.58,5.0,0.0,0.0,0.0,5.0,5.0,5.0,5.0
2026-01-13,0.0,22.84,55.37,1007.46,10.1,8.0,6.97,5.0,0.0,0.0,0.0,5.0,5.0,5.0,5.76
2026-01-14,0.0,27.05,64.32,1020.26,14.59,8.0,10.01,5.76,0.0,0.0,0.0,5.76,5.0,5.0,5.0
2026-01-15,0.0,27.54,54.46,1021.79,7.74,8.0,9.28,5.0,0.0,0.0,0.0,5.0,5.76,5.0,9.15
2026-01-16,0.0,26.66,57.5,1020.17,10.2,8.0,5.96,9.15,0.0,0.0,0.0,9.15,5.0,5.76,8.88
2026-01-17,0.0,31.29,60.34,1014.13,5.76,8.0,7.26,8.88,0.0,0.0,0.0,8.88,9.15,5.0,5.0
2026-01-18,0.0,31.2,50.39,1016.16,13.15,8.0,9.01,5.0,0.0,0.0,0.0,5.0,8.88,9.15,5.0
2026-01-19,0.0,27.23,61.96,1013.59,9.58,8.0,8.35,5.0,0.0,0.0,0.0,5.0,5.0,8.88,11.07
2026-01-20,0.0,23.52,69.16,1015.19,11.25,8.0,8.45,11.07,0.0,0.0,0.0,11.07,5.0,5.0,11.63
2026-01-21,71.56,26.53,56.6,1011.2,8.9,8.0,9.99,11.63,0.0,0.0,0.0,11.63,11.07,5.0,43.99
2026-01-22,0.0,26.38,50.01,1016.63,12.05,8.0,7.58,43.99,71.56,0.0,0.0,43.99,11.63,11.07,55.17
2026-01-23,0.0,26.17,57.56,1009.64,11.39,8.0,8.43,55.17,0.0,71.56,0.0,55.17,43.99,11.63,60.18
2026-01-24,0.0,26.0,42.58,1016.1,6.52,8.0,6.45,60.18,0.0,0.0,71.56,60.18,55.17,43.99,53.83
2026-01-25,0.0,26.04,60.62,1010.81,6.72,8.0,7.75,53.83,0.0,0.0,0.0,53.83,60.18,55.17,48.62
2026-01-26,0.0,26.64,61.55,1018.04,9.9,8.0,9.43,48.62,0.0,0.0,0.0,48.62,53.83,60.18,43.28
2026-01-27,0.0,25.95,70.24,1013.56,12.31,8.0,6.11,43.28,0.0,0.0,0.0,43.28,48.62,53.83,40.93
2026-01-28,0.0,27.98,57.28,1018.35,16.52,8.0,8.12,40.93,0.0,0.0,0.0,40.93,43.28,48.62,38.79
2026-01-29,0.0,28.28,61.63,1022.25,11.06,8.0,9.09,38.79,0.0,0.0,0.0,38.79,40.93,43.28,35.17
2026-01-30,0.0,25.03,52.88,1024.74,13.53,8.0,9.16,35.17,0.0,0.0,0.0,35.17,38.79,40.93,34.11
2026-01-31,0.0,30.4,56.55,1004.09,4.36,8.0,7.05,34.11,0.0,0.0,0.0,34.11,35.17,38.79,32.87
2026-02-01,1.96,24.7,48.5,1012.5,17.05,8.0,9.68,32.87,0.0,0.0,0.0,32.87,34.11,35.17,27.76
2026-02-02,0.0,23.02,57.96,1015.1,12.12,8.0,9.1,27.76,1.96,0.0,0.0,27.76,32.87,34.11,22.71
2026-02-03,0.0,27.93,57.33,1018.86,9.83,8.0,8.7,22.71,0.0,1.96,0.0,22.71,27.76,32.87,22.91
2026-02-04,0.0,24.85,61.71,1008.24,9.42,8.0,9.01,22.91,0.0,0.0,1.96,22.91,22.71,27.76,17.78
2026-02-05,0.0,27.61,55.39,1011.52,6.12,8.0,7.94,17.78,0.0,0.0,0.0,17.78,22.91,22.71,16.9
2026-02-06,19.08,20.71,60.49,1017.02,7.13,8.0,6.83,16.9,0.0,0.0,0.0,16.9,17.78,22.91,19.57
2026-02-07,15.26,30.11,57.73,1016.73,16.69,8.0,9.75,19.57,19.08,0.0,0.0,19.57,16.9,17.78,26.15
2026-02-08,0.0,28.22,57.9,1018.13,6.54,8.0,8.47,26.15,15.26,19.08,0.0,26.15,19.57,16.9,18.96
2026-02-09,0.0,22.69,60.94,1018.39,6.47,8.0,5.87,18.96,0.0,15.26,19.08,18.96,26.15,19.57,16.45
2026-02-10,0.0,22.65,60.82,1017.8,7.54,8.0,7.54,16.45,0.0,0.0,15.26,16.45,18.96,26.15,15.03
2026-02-11,32.13,30.44,66.03,1017.01,5.81,8.0,7.79,15.03,0.0,0.0,0.0,15.03,16.45,18.96,23.52
2026-02-12,0.0,24.32,60.02,1016.25,10.05,8.0,7.46,23.52,32.13,0.0,0.0,23.52,15.03,16.45,21.16
2026-02-13,0.0,23.98,58.59,1019.23,13.81,8.0,7.51,21.16,0.0,32.13,0.0,21.16,23.52,15.03,19.73
2026-02-14,18.52,20.3,59.94,1004.64,7.86,8.0,5.61,19.73,0.0,0.0,32.13,19.73,21.16,23.52,24.07
2026-02-15,0.0,24.99,56.37,1023.48,5.19,8.0,6.83,24.07,18.52,0.0,0.0,24.07,19.73,21.16,26.66
2026-02-16,29.54,25.19,59.03,1004.67,11.02,8.0,7.65,26.66,0.0,18.52,0.0,26.66,24.07,19.73,37.91
2026-02-17,6.51,27.45,75.94,1010.22,9.8,8.0,8.86,37.91,29.54,0.0,18.52,37.91,26.66,24.07,38.46
2026-02-18,0.0,22.06,55.51,1014.41,13.51,8.0,9.08,38.46,6.51,29.54,0.0,38.46,37.91,26.66,42.48
2026-02-19,0.0,21.65,60.13,1018.83,8.41,8.0,6.66,42.48,0.0,6.51,29.54,42.48,38.46,37.91,44.24
2026-02-20,0.0,26.48,59.55,1000.42,9.09,8.0,7.29,44.24,0.0,0.0,6.51,44.24,42.48,38.46,36.19
2026-02-21,0.0,27.76,60.71,1015.18,9.48,8.0,7.72,36.19,0.0,0.0,0.0,36.19,44.24,42.48,37.87
2026-02-22,0.0,21.21,60.31,1019.2,10.31,8.0,8.47,37.87,0.0,0.0,0.0,37.87,36.19,44.24,32.4
2026-02-23,10.3,27.73,64.76,1020.14,8.63,8.0,7.48,32.4,0.0,0.0,0.0,32.4,37.87,36.19,34.2
2026-02-24,0.0,25.01,51.03,1011.6,8.06,8.0,9.28,34.2,10.3,0.0,0.0,34.2,32.4,37.87,36.74
2026-02-25,0.0,27.54,70.45,1013.5,3.52,8.0,7.31,36.74,0.0,10.3,0.0,36.74,34.2,32.4,37.69
2026-02-26,8.38,24.52,67.8,1011.85,8.02,8.0,7.92,37.69,0.0,0.0,10.3,37.69,36.74,34.2,35.59
2026-02-27,0.0,18.28,54.87,1012.88,12.5,8.0,7.24,35.59,8.38,0.0,0.0,35.59,37.69,36.74,37.43
2026-02-28,0.0,24.09,47.88,1009.61,12.98,8.0,9.65,37.43,0.0,8.38,0.0,37.43,35.59,37.69,35.81
2026-03-01,19.61,27.01,57.11,1010.24,8.35,8.0,8.29,35.81,0.0,0.0,8.38,35.81,37.43,35.59,39.07
2026-03-02,0.0,22.01,62.45,1016.78,14.55,8.0,7.91,39.07,19.61,0.0,0.0,39.07,35.81,37.43,35.81
2026-03-03,12.89,23.16,82.41,1015.18,9.9,8.0,6.57,35.81,0.0,19.61,0.0,35.81,39.07,35.81,38.62
2026-03-04,20.96,23.58,68.34,1016.9,5.32,8.0,7.6,38.62,12.89,0.0,19.61,38.62,35.81,39.07,47.96
2026-03-05,25.42,16.65,52.09,1015.43,4.22,8.0,5.69,47.96,20.96,12.89,0.0,47.96,38.62,35.81,57.29
2026-03-06,0.0,27.96,60.11,1017.8,14.26,8.0,8.77,57.29,25.42,20.96,12.89,57.29,47.96,38.62,58.68
2026-03-07,0.0,21.42,64.77,1018.58,8.69,8.0,6.59,58.68,0.0,25.42,20.96,58.68,57.29,47.96,52.89
2026-03-08,0.0,24.82,67.11,1005.4,5.75,8.0,6.52,52.89,0.0,0.0,25.42,52.89,58.68,57.29,49.71
2026-03-09,0.0,23.22,56.34,1009.75,2.09,8.0,6.1,49.71,0.0,0.0,0.0,49.71,52.89,58.68,40.74
2026-03-10,28.99,26.46,64.8,1012.78,8.61,8.0,7.83,40.74,0.0,0.0,0.0,40.74,49.71,52.89,55.79
2026-03-11,0.0,24.21,60.92,1013.74,11.42,8.0,7.12,55.79,28.99,0.0,0.0,55.79,40.74,49.71,55.74
2026-03-12,0.0,22.49,58.42,1010.42,7.56,8.0,7.11,55.74,0.0,28.99,0.0,55.74,55.79,40.74,50.21
2026-03-13,215.79,20.73,68.17,1018.25,6.31,8.0,6.31,50.21,0.0,0.0,28.99,50.21,55.74,55.79,133.02
2026-03-14,15.2,24.84,71.98,1023.5,8.08,8.0,7.49,133.02,215.79,0.0,0.0,133.02,50.21,55.74,163.04
2026-03-15,0.0,18.04,72.65,1014.45,14.35,8.0,8.51,163.04,15.2,215.79,0.0,163.04,133.02,50.21,176.04
2026-03-16,0.0,24.22,70.99,1013.85,5.12,8.0,7.25,176.04,0.0,15.2,215.79,176.04,163.04,133.02,157.87
2026-03-17,0.0,19.73,63.69,1017.59,7.75,8.0,6.53,157.87,0.0,0.0,15.2,157.87,176.04,163.04,140.07
2026-03-18,17.59,25.49,72.38,1003.93,14.24,8.0,8.54,140.07,0.0,0.0,0.0,140.07,157.87,176.04,132.08
2026-03-19,0.0,22.64,69.75,1013.31,11.73,8.0,8.38,132.08,17.59,0.0,0.0,132.08,140.07,157.87,117.24
2026-03-20,0.0,23.73,68.73,1017.98,10.63,8.0,8.42,117.24,0.0,17.59,0.0,117.24,132.08,140.07,104.26
2026-03-21,0.0,22.2,63.72,1009.78,7.73,8.0,7.45,104.26,0.0,0.0,17.59,104.26,117.24,132.08,85.32
2026-03-22,7.74,17.5,64.73,1006.78,10.11,8.0,8.56,85.32,0.0,0.0,0.0,85.32,104.26,117.24,85.15
2026-03-23,0.0,19.61,68.93,1011.9,8.12,8.0,6.32,85.15,7.74,0.0,0.0,85.15,85.32,104.26,71.72
2026-03-24,0.0,23.32,85.7,1012.44,6.99,8.0,7.61,71.72,0.0,7.74,0.0,71.72,85.15,85.32,61.98
2026-03-25,0.0,21.94,70.93,1008.11,6.22,8.0,6.94,61.98,0.0,0.0,7.74,61.98,71.72,85.15,53.8
2026-03-26,0.0,24.35,64.75,1023.05,12.74,8.0,9.08,53.8,0.0,0.0,0.0,53.8,61.98,71.72,48.19
2026-03-27,0.0,22.29,63.41,1010.09,9.79,8.0,7.61,48.19,0.0,0.0,0.0,48.19,53.8,61.98,42.72
2026-03-28,33.31,18.74,66.0,1006.63,11.1,8.0,9.06,42.72,0.0,0.0,0.0,42.72,48.19,53.8,53.24
2026-03-29,0.0,19.05,84.89,1011.85,10.53,8.0,7.32,53.24,33.31,0.0,0.0,53.24,42.72,48.19,60.54
2026-03-30,6.82,21.18,67.06,1016.77,11.54,8.0,8.31,60.54,0.0,33.31,0.0,60.54,53.24,42.72,61.55
2026-03-31,27.83,15.02,76.4,1012.23,9.11,8.0,6.48,61.55,6.82,0.0,33.31,61.55,60.54,53.24,63.44
2026-04-01,0.0,24.87,67.63,1014.49,8.31,8.0,7.92,63.44,27.83,6.82,0.0,63.44,61.55,60.54,67.63
2026-04-02,0.0,21.67,72.29,1007.62,7.15,8.0,6.6,67.63,0.0,27.83,6.82,67.63,63.44,61.55,67.92
2026-04-03,30.11,23.52,76.2,1019.33,5.05,8.0,7.31,67.92,0.0,0.0,27.83,67.92,67.63,63.44,73.54
2026-04-04,0.0,16.38,66.86,1014.62,6.07,8.0,4.81,73.54,30.11,0.0,0.0,73.54,67.92,67.63,72.77
2026-04-05,0.0,23.33,66.57,1016.96,8.72,8.0,7.11,72.77,0.0,30.11,0.0,72.77,73.54,67.92,65.25
2026-04-06,0.0,25.68,82.87,1013.47,4.39,8.0,6.52,65.25,0.0,0.0,30.11,65.25,72.77,73.54,60.99
2026-04-07,20.33,16.68,78.35,1015.68,5.16,8.0,7.74,60.99,0.0,0.0,0.0,60.99,65.25,72.77,59.22
2026-04-08,0.0,21.8,77.19,1007.11,13.65,8.0,7.48,59.22,20.33,0.0,0.0,59.22,60.99,65.25,53.84
2026-04-09,64.04,19.76,77.36,1008.94,10.78,8.0,7.02,53.84,0.0,20.33,0.0,53.84,59.22,60.99,79.22
2026-04-10,4.16,15.78,75.26,1018.05,8.42,8.0,6.01,79.22,64.04,0.0,20.33,79.22,53.84,59.22,87.78
2026-04-11,0.0,20.76,86.37,1019.03,17.95,8.0,8.87,87.78,4.16,64.04,0.0,87.78,79.22,53.84,82.6
2026-04-12,15.09,21.5,72.74,1005.42,4.23,8.0,6.37,82.6,0.0,4.16,64.04,82.6,87.78,79.22,78.14
2026-04-13,15.41,17.8,76.67,1012.32,13.41,8.0,7.22,78.14,15.09,0.0,4.16,78.14,82.6,87.78,77.01
2026-04-14,0.0,22.11,62.66,1008.84,9.61,8.0,9.27,77.01,15.41,15.09,0.0,77.01,78.14,82.6,76.38
2026-04-15,36.85,14.91,67.23,1007.43,12.75,8.0,7.34,76.38,0.0,15.41,15.09,76.38,77.01,78.14,83.27
2026-04-16,27.82,15.24,64.78,1012.26,10.38,8.0,7.45,83.27,36.85,0.0,15.41,83.27,76.38,77.01,91.22
2026-04-17,0.0,19.21,82.29,1016.47,3.45,8.0,6.54,91.22,27.82,36.85,0.0,91.22,83.27,76.38,94.95
2026-04-18,0.0,18.82,55.69,1012.94,10.33,8.0,6.67,94.95,0.0,27.82,36.85,94.95,91.22,83.27,81.92
2026-04-19,0.0,16.86,70.93,1009.01,11.17,8.0,6.71,81.92,0.0,0.0,27.82,81.92,94.95,91.22,69.94
2026-04-20,0.0,20.57,52.97,1013.11,2.33,8.0,5.45,69.94,0.0,0.0,0.0,69.94,81.92,94.95,52.77
2026-04-21,0.0,19.77,68.28,1008.66,16.8,8.0,7.37,52.77,0.0,0.0,0.0,52.77,69.94,81.92,38.5
2026-04-22,0.0,20.48,70.84,1012.45,11.09,8.0,7.59,38.5,0.0,0.0,0.0,38.5,52.77,69.94,31.73
2026-04-23,13.81,17.93,84.15,1017.29,12.35,8.0,7.48,31.73,0.0,0.0,0.0,31.73,38.5,52.77,27.65
2026-04-24,3.0,19.64,77.4,999.85,5.92,8.0,6.56,27.65,13.81,0.0,0.0,27.65,31.73,38.5,24.03
2026-04-25,0.0,16.92,68.96,1014.15,12.42,8.0,7.68,24.03,3.0,13.81,0.0,24.03,27.65,31.73,16.2
2026-04-26,0.0,23.07,82.43,1002.4,13.81,8.0,8.06,16.2,0.0,3.0,13.81,16.2,24.03,27.65,13.48
2026-04-27,0.0,15.81,75.26,1016.17,10.89,8.0,7.99,13.48,0.0,0.0,3.0,13.48,16.2,24.03,14.2
2026-04-28,4.48,23.01,75.56,1006.77,9.97,8.0,7.25,14.2,0.0,0.0,0.0,14.2,13.48,16.2,14.18
2026-04-29,21.2,17.74,67.04,1003.8,6.87,8.0,7.43,14.18,4.48,0.0,0.0,14.18,14.2,13.48,25.53
2026-04-30,0.0,14.12,68.69,1013.3,9.24,8.0,7.2,25.53,21.2,4.48,0.0,25.53,14.18,14.2,22.66
2026-05-01,0.0,20.88,70.0,1011.58,8.21,8.0,5.13,22.66,0.0,21.2,4.48,22.66,25.53,14.18,28.6
2026-05-02,0.0,17.69,76.26,1004.7,12.0,8.0,6.16,28.6,0.0,0.0,21.2,28.6,22.66,25.53,24.82
2026-05-03,12.96,19.41,76.63,1003.36,7.03,8.0,5.43,24.82,0.0,0.0,0.0,24.82,28.6,22.66,22.96
2026-05-04,7.81,20.25,87.05,1008.63,11.98,8.0,7.83,22.96,12.96,0.0,0.0,22.96,24.82,28.6,25.73
2026-05-05,38.34,17.95,79.08,1003.48,7.06,8.0,5.77,25.73,7.81,12.96,0.0,25.73,22.96,24.82,43.17
2026-05-06,0.0,15.54,57.58,1004.14,9.08,8.0,7.62,43.17,38.34,7.81,12.96,43.17,25.73,22.96,49.39
2026-05-07,0.0,19.38,78.52,1009.96,12.16,8.0,6.69,49.39,0.0,38.34,7.81,49.39,43.17,25.73,52.52
2026-05-08,0.0,16.86,66.67,1004.5,7.54,8.0,6.79,52.52,0.0,0.0,38.34,52.52,49.39,43.17,46.57
2026-05-09,0.0,18.49,70.2,1011.4,12.28,8.0,6.71,46.57,0.0,0.0,0.0,46.57,52.52,49.39,40.75
2026-05-10,0.0,11.31,71.41,1016.66,11.94,8.0,7.13,40.75,0.0,0.0,0.0,40.75,46.57,52.52,37.07
2026-05-11,0.0,17.73,72.59,1008.41,9.05,8.0,6.69,37.07,0.0,0.0,0.0,37.07,40.75,46.57,37.05
2026-05-12,0.0,14.94,67.73,1009.75,14.07,8.0,7.05,37.05,0.0,0.0,0.0,37.05,37.07,40.75,30.04
2026-05-13,7.59,20.6,78.91,1019.14,10.27,8.0,6.86,30.04,0.0,0.0,0.0,30.04,37.05,37.07,26.65
2026-05-14,0.0,17.95,67.74,1003.06,13.86,8.0,6.83,26.65,7.59,0.0,0.0,26.65,30.04,37.05,24.65
2026-05-15,17.11,16.92,80.23,1014.9,16.28,8.0,8.19,24.65,0.0,7.59,0.0,24.65,26.65,30.04,33.7
2026-05-16,0.0,17.47,93.51,1014.25,9.16,8.0,6.28,33.7,17.11,0.0,7.59,33.7,24.65,26.65,31.23
2026-05-17,0.0,13.69,68.66,1013.12,12.26,8.0,8.92,31.23,0.0,17.11,0.0,31.23,33.7,24.65,32.12
2026-05-18,29.21,20.18,76.09,1015.26,7.77,8.0,8.28,32.12,0.0,0.0,17.11,32.12,31.23,33.7,42.0
2026-05-19,18.94,21.03,60.53,1010.16,6.39,8.0,6.75,42.0,29.21,0.0,0.0,42.0,32.12,31.23,49.24
2026-05-20,31.29,16.97,76.19,1005.79,9.32,8.0,6.55,49.24,18.94,29.21,0.0,49.24,42.0,32.12,61.68
2026-05-21,0.0,19.91,82.9,1014.14,5.23,8.0,6.4,61.68,31.29,18.94,29.21,61.68,49.24,42.0,64.02
2026-05-22,16.92,14.45,83.55,1014.29,6.72,8.0,7.38,64.02,0.0,31.29,18.94,64.02,61.68,49.24,63.11
2026-05-23,0.0,13.82,79.15,1014.11,12.07,8.0,8.62,63.11,16.92,0.0,31.29,63.11,64.02,61.68,63.66
2026-05-24,4.94,15.86,84.92,1008.76,8.2,8.0,4.98,63.66,0.0,16.92,0.0,63.66,63.11,64.02,65.42
2026-05-25,0.0,16.79,96.61,1004.92,12.49,8.0,8.31,65.42,4.94,0.0,16.92,65.42,63.66,63.11,57.99
2026-05-26,26.31,14.67,90.87,1009.42,11.05,8.0,6.59,57.99,0.0,4.94,0.0,57.99,65.42,63.66,69.49
2026-05-27,0.0,16.95,75.31,1013.14,16.48,8.0,7.3,69.49,26.31,0.0,4.94,69.49,57.99,65.42,67.27
2026-05-28,0.0,16.32,68.89,1013.52,11.84,8.0,8.12,67.27,0.0,26.31,0.0,67.27,69.49,57.99,60.59
2026-05-29,0.0,13.01,76.28,1006.22,13.9,8.0,7.2,60.59,0.0,0.0,26.31,60.59,67.27,69.49,51.98
2026-05-30,0.0,16.76,72.57,1009.91,11.41,8.0,8.29,51.98,0.0,0.0,0.0,51.98,60.59,67.27,45.05
2026-05-31,0.0,17.58,82.43,1001.76,11.09,8.0,7.95,45.05,0.0,0.0,0.0,45.05,51.98,60.59,37.78
2026-06-01,2.89,15.81,71.08,1013.2,14.08,8.0,7.76,37.78,0.0,0.0,0.0,37.78,45.05,51.98,31.57
2026-06-02,0.0,18.23,78.9,1004.33,12.34,8.0,8.76,31.57,2.89,0.0,0.0,31.57,37.78,45.05,32.18
2026-06-03,0.0,12.26,85.34,1012.15,10.74,8.0,6.41,32.18,0.0,2.89,0.0,32.18,31.57,37.78,27.95
2026-06-04,0.0,16.44,78.83,1002.45,10.72,8.0,6.15,27.95,0.0,0.0,2.89,27.95,32.18,31.57,18.01
2026-06-05,17.68,12.32,72.96,1013.33,11.88,8.0,8.31,18.01,0.0,0.0,0.0,18.01,27.95,32.18,31.85
